titular,perfil_icp,n_concesiones,hectareas_totales,departamentos,provincias,sustancias,estados_concesion,servicio_potencial,REINFO,IGAFOM,DAC,ESTAMIN,revisar_manual,ruc,fuente_dato
EXPLORACIONES HORIZONTE GOLD S.A.C.,MIXTO_1_y_2,11,1800.0,PIURA,AYABACA; AYABACA /  PIURA; PIURA; PIURA /  SULLANA; SULLANA,M,TITULADO; TRAMITE,IGAFOM + REINFO + DIA/PAMA + DAC/ESTAMIN + Seguridad,true,true,true,true,false,,INGEMMET - Catastro Minero (zona 17S)
CIA MINERA CLEOFE S.R.L.,MIXTO_1_y_2,8,1400.0,CAJAMARCA,CHOTA; HUALGAYOC,M; N,TITULADO; TRAMITE,IGAFOM + REINFO + DIA/PAMA + DAC/ESTAMIN + Seguridad,true,true,true,true,false,,INGEMMET - Catastro Minero (zona 17S)
ODISEA PERUS S.A.C,MIXTO_1_y_2,8,2000.0,PIURA,AYABACA; PAITA; PIURA; PIURA /  SECHURA; PIURA /  SULLANA; SULLANA,M; N,TITULADO; TRAMITE,IGAFOM + REINFO + DIA/PAMA + DAC/ESTAMIN + Seguridad,true,true,true,true,false,,INGEMMET - Catastro Minero (zona 17S)
J.C. ASTILLEROS S.A.,MIXTO_1_y_2,7,1969.4,ANCASH,CASMA /  SANTA; MAR /  SANTA; SANTA,M; N,TITULADO; TRAMITE,IGAFOM + REINFO + DIA/PAMA + DAC/ESTAMIN + Seguridad,true,true,true,true,false,,INGEMMET - Catastro Minero (zona 17S)
CALERA EL ZASAL S.A.C.,MIXTO_1_y_2,7,1900.0,CAJAMARCA,CELENDIN; CELENDIN /  HUALGAYOC; CHOTA /  HUALGAYOC; HUALGAYOC,N,TITULADO; TRAMITE,IGAFOM + REINFO + DIA/PAMA + DAC/ESTAMIN + Seguridad,true,true,true,true,false,,INGEMMET - Catastro Minero (zona 17S)
INEXPORT SERVIS SOCIEDAD ANONIMA CERRADA,MIXTO_1_y_2,7,1500.0,PIURA,PIURA; SECHURA; SULLANA,N,TITULADO; TRAMITE,IGAFOM + REINFO + DIA/PAMA + DAC/ESTAMIN + Seguridad,true,true,true,true,false,,INGEMMET - Catastro Minero (zona 17S)
CORPORACION MINERA NUEVA LUZ E.I.R.L.,MIXTO_1_y_2,6,800.0,ANCASH,CASMA /  YUNGAY; CORONGO; CORONGO /  SANTA; SANTA,M,TITULADO; TRAMITE,IGAFOM + REINFO + DIA/PAMA + DAC/ESTAMIN + Seguridad,true,true,true,true,false,,INGEMMET - Catastro Minero (zona 17S)
COMPANIA DE MINAS MININGOLD SR.L.,MIXTO_1_y_2,5,1300.0,CAJAMARCA,CHOTA; HUALGAYOC,M; N,TITULADO; TRAMITE,IGAFOM + REINFO + DIA/PAMA + DAC/ESTAMIN + Seguridad,true,true,true,true,false,,INGEMMET - Catastro Minero (zona 17S)
CALERA BENDICION DE DIOS E.I.R.L.,MIXTO_1_y_2,5,1700.0,CAJAMARCA,CELENDIN; CHOTA; CHOTA /  HUALGAYOC; HUALGAYOC,N,TITULADO; TRAMITE,IGAFOM + REINFO + DIA/PAMA + DAC/ESTAMIN + Seguridad,true,true,true,true,false,,INGEMMET - Catastro Minero (zona 17S)
MINERA CASSIL E.I.R.L.,MIXTO_1_y_2,5,700.0,CAJAMARCA,CAJAMARCA,N,TITULADO; TRAMITE,IGAFOM + REINFO + DIA/PAMA + DAC/ESTAMIN + Seguridad,true,true,true,true,false,,INGEMMET - Catastro Minero (zona 17S)
ILLESCAS SERVICE S.A.C.,MIXTO_1_y_2,5,900.0,PIURA,PIURA,N,TITULADO; TRAMITE,IGAFOM + REINFO + DIA/PAMA + DAC/ESTAMIN + Seguridad,true,true,true,true,false,,INGEMMET - Catastro Minero (zona 17S)
CONSTRUCTORA Y SERVICIOS ESTRELLA DEL ORIENTE S.A.,MIXTO_1_y_2,5,600.0,PIURA,PAITA; PAITA /  SULLANA; PIURA; PIURA /  SULLANA; SULLANA,N,TITULADO; TRAMITE,IGAFOM + REINFO + DIA/PAMA + DAC/ESTAMIN + Seguridad,true,true,true,true,false,,INGEMMET - Catastro Minero (zona 17S)
CONSTRUCTORA Y SERVICIOS GENERALES G&G S.A.C,MIXTO_1_y_2,4,1100.0,ANCASH,HUARMEY; SANTA,M; N,TITULADO; TRAMITE,IGAFOM + REINFO + DIA/PAMA + DAC/ESTAMIN + Seguridad,true,true,true,true,false,,INGEMMET - Catastro Minero (zona 17S)
CALIPEC S.A.C.,MIXTO_1_y_2,4,400.0,ANCASH,HUARMEY,N,TITULADO; TRAMITE,IGAFOM + REINFO + DIA/PAMA + DAC/ESTAMIN + Seguridad,true,true,true,true,false,,INGEMMET - Catastro Minero (zona 17S)
AGF GLOBAL S.A.C.,MIXTO_1_y_2,4,1900.0,ANCASH,HUAYLAS; HUAYLAS /  SANTA; SANTA,M,TITULADO; TRAMITE,IGAFOM + REINFO + DIA/PAMA + DAC/ESTAMIN + Seguridad,true,true,true,true,false,,INGEMMET - Catastro Minero (zona 17S)
JALFPO S.A.C.,MIXTO_1_y_2,4,800.0,ANCASH,PALLASCA,M,TITULADO; TRAMITE,IGAFOM + REINFO + DIA/PAMA + DAC/ESTAMIN + Seguridad,true,true,true,true,false,,INGEMMET - Catastro Minero (zona 17S)
MINERA SOKA - INTIRUMI S.A.C.,MIXTO_1_y_2,4,700.0,ANCASH,SANTA,M,EXTINGUIDO; TITULADO; TRAMITE,IGAFOM + REINFO + DIA/PAMA + DAC/ESTAMIN + Seguridad,true,true,true,true,false,,INGEMMET - Catastro Minero (zona 17S)
COMPAÑIA DE REFORESTACIÓN CERTIFICACIÓN Y COMERCIALIZACIÓN S,MIXTO_1_y_2,4,500.0,CAJAMARCA,CAJAMARCA,N,EXTINGUIDO; TITULADO; TRAMITE,IGAFOM + REINFO + DIA/PAMA + DAC/ESTAMIN + Seguridad,true,true,true,true,false,,INGEMMET - Catastro Minero (zona 17S)
INVERSIONES 3MB SRL,MIXTO_1_y_2,4,500.0,CAJAMARCA,CHOTA; SANTA CRUZ,M; N,TITULADO; TRAMITE,IGAFOM + REINFO + DIA/PAMA + DAC/ESTAMIN + Seguridad,true,true,true,true,false,,INGEMMET - Catastro Minero (zona 17S)
MINERA COLQUIRRUMI S.A.,MIXTO_1_y_2,4,1846.9,CAJAMARCA,HUALGAYOC; SAN MIGUEL,M,EXTINGUIDO; TITULADO; TRAMITE,IGAFOM + REINFO + DIA/PAMA + DAC/ESTAMIN + Seguridad,true,true,true,true,false,,INGEMMET - Catastro Minero (zona 17S)
MINORTEX S.A.C.,MIXTO_1_y_2,4,801.9,CAJAMARCA,HUALGAYOC; HUALGAYOC /  SAN MIGUEL,M,TITULADO; TRAMITE,IGAFOM + REINFO + DIA/PAMA + DAC/ESTAMIN + Seguridad,true,true,true,true,false,,INGEMMET - Catastro Minero (zona 17S)
M & L STONES MINERAL S.A.C.,MIXTO_1_y_2,4,900.0,CAJAMARCA,CONTUMAZA,M,TITULADO; TRAMITE,IGAFOM + REINFO + DIA/PAMA + DAC/ESTAMIN + Seguridad,true,true,true,true,false,,INGEMMET - Catastro Minero (zona 17S)
BEPCOC MINING SAC,MIXTO_1_y_2,4,1000.0,CAJAMARCA; PIURA,AYABACA; CAJAMARCA /  CONTUMAZA,M,TITULADO; TRAMITE,IGAFOM + REINFO + DIA/PAMA + DAC/ESTAMIN + Seguridad,true,true,true,true,false,,INGEMMET - Catastro Minero (zona 17S)
EDG MACKENZIE CONTRATISTAS GENERALES SAC,MIXTO_1_y_2,4,700.0,PIURA,PIURA; SECHURA; SULLANA,M; N,TITULADO; TRAMITE,IGAFOM + REINFO + DIA/PAMA + DAC/ESTAMIN + Seguridad,true,true,true,true,false,,INGEMMET - Catastro Minero (zona 17S)
SERVICIOS GENERALES VIVIANA E.I.R.L.,MIXTO_1_y_2,4,800.0,PIURA,PIURA; SULLANA; TALARA,M; N,TITULADO; TRAMITE,IGAFOM + REINFO + DIA/PAMA + DAC/ESTAMIN + Seguridad,true,true,true,true,false,,INGEMMET - Catastro Minero (zona 17S)
ESTACIÓN DE SERVICIOS CURO S.R.L,MIXTO_1_y_2,4,700.0,PIURA,PIURA; SULLANA; TALARA,N,TITULADO; TRAMITE,IGAFOM + REINFO + DIA/PAMA + DAC/ESTAMIN + Seguridad,true,true,true,true,false,,INGEMMET - Catastro Minero (zona 17S)
VIVA MI LUZ S.A.C.,MIXTO_1_y_2,3,300.0,ANCASH,CORONGO /  SANTA; SANTA,M,TITULADO; TRAMITE,IGAFOM + REINFO + DIA/PAMA + DAC/ESTAMIN + Seguridad,true,true,true,true,false,,INGEMMET - Catastro Minero (zona 17S)
CORPORACION E INVERSIONES DEL PERU S.R.L,MIXTO_1_y_2,3,300.0,ANCASH,HUARMEY,N,TITULADO; TRAMITE,IGAFOM + REINFO + DIA/PAMA + DAC/ESTAMIN + Seguridad,true,true,true,true,false,,INGEMMET - Catastro Minero (zona 17S)
VENASAM E.I.R.L,MIXTO_1_y_2,3,400.0,ANCASH; ANCASH /  LA LIBERTAD,HUARMEY /  MAR; SANTA; SANTA /  VIRU,N,TITULADO; TRAMITE,IGAFOM + REINFO + DIA/PAMA + DAC/ESTAMIN + Seguridad,true,true,true,true,false,,INGEMMET - Catastro Minero (zona 17S)
MINERA RC S.A.C.,MIXTO_1_y_2,3,1218.2,ANCASH,PALLASCA,M; N,TITULADO; TRAMITE,IGAFOM + REINFO + DIA/PAMA + DAC/ESTAMIN + Seguridad,true,true,true,true,false,,INGEMMET - Catastro Minero (zona 17S)
MINERA VALE UN PERU E.I.R.L.,MIXTO_1_y_2,3,800.0,ANCASH,SANTA,M,TITULADO; TRAMITE,IGAFOM + REINFO + DIA/PAMA + DAC/ESTAMIN + Seguridad,true,true,true,true,false,,INGEMMET - Catastro Minero (zona 17S)
MINERAL PERU AGROINDUSTRIA Y MINERIA S.A.C.,MIXTO_1_y_2,3,500.0,ANCASH,SANTA,M,TITULADO; TRAMITE,IGAFOM + REINFO + DIA/PAMA + DAC/ESTAMIN + Seguridad,true,true,true,true,false,,INGEMMET - Catastro Minero (zona 17S)
SERVICIOS MULTIPLES DEL SANTA S.A.C,MIXTO_1_y_2,3,1000.0,ANCASH,SANTA,M; N,TITULADO; TRAMITE,IGAFOM + REINFO + DIA/PAMA + DAC/ESTAMIN + Seguridad,true,true,true,true,false,,INGEMMET - Catastro Minero (zona 17S)
S.M.R.L. ESTEBAN SEBASTIAN,MIXTO_1_y_2,3,700.0,ANCASH,SANTA,M,TITULADO; TRAMITE,IGAFOM + REINFO + DIA/PAMA + DAC/ESTAMIN + Seguridad,true,true,true,true,false,,INGEMMET - Catastro Minero (zona 17S)
LAS VIZCACHAS J&V E.I.R.L.,MIXTO_1_y_2,3,500.0,CAJAMARCA,CAJAMARCA; SAN PABLO,M; N,TITULADO; TRAMITE,IGAFOM + REINFO + DIA/PAMA + DAC/ESTAMIN + Seguridad,true,true,true,true,false,,INGEMMET - Catastro Minero (zona 17S)
S.M.R.L. SILVANA Y DULCE IV,MIXTO_1_y_2,3,600.0,CAJAMARCA,CONTUMAZA,M; N,TITULADO; TRAMITE,IGAFOM + REINFO + DIA/PAMA + DAC/ESTAMIN + Seguridad,true,true,true,true,false,,INGEMMET - Catastro Minero (zona 17S)
ALCAORO S.A.C.,MIXTO_1_y_2,3,1200.0,CAJAMARCA; PIURA,AYABACA; CONTUMAZA,M,TITULADO; TRAMITE,IGAFOM + REINFO + DIA/PAMA + DAC/ESTAMIN + Seguridad,true,true,true,true,false,,INGEMMET - Catastro Minero (zona 17S)
JIMEBAL S.R.L.,MIXTO_1_y_2,3,1000.0,CAJAMARCA,SAN IGNACIO,M,EXTINGUIDO; TITULADO; TRAMITE,IGAFOM + REINFO + DIA/PAMA + DAC/ESTAMIN + Seguridad,true,true,true,true,false,,INGEMMET - Catastro Minero (zona 17S)
G & J MINERIA Y CONSTRUCCIONES S.R.L.,MIXTO_1_y_2,3,700.0,PIURA,MORROPON; PIURA,M; N,TITULADO; TRAMITE,IGAFOM + REINFO + DIA/PAMA + DAC/ESTAMIN + Seguridad,true,true,true,true,false,,INGEMMET - Catastro Minero (zona 17S)
EMPRESA MINERA LOS ALISOS E.I.R.L.,MIXTO_1_y_2,3,700.0,PIURA,PAITA; PIURA; SECHURA,N,TITULADO; TRAMITE,IGAFOM + REINFO + DIA/PAMA + DAC/ESTAMIN + Seguridad,true,true,true,true,false,,INGEMMET - Catastro Minero (zona 17S)
GAMBELL TRADING S.A.C.,MIXTO_1_y_2,3,302.0,PIURA,SULLANA; TALARA,N,OTROS; TITULADO; TRAMITE,IGAFOM + REINFO + DIA/PAMA + DAC/ESTAMIN + Seguridad,true,true,true,true,false,,INGEMMET - Catastro Minero (zona 17S)
KIMORA EXPLORER E.I.R.L.,MIXTO_1_y_2,3,1300.0,PIURA,PAITA; PIURA,N,TITULADO; TRAMITE,IGAFOM + REINFO + DIA/PAMA + DAC/ESTAMIN + Seguridad,true,true,true,true,false,,INGEMMET - Catastro Minero (zona 17S)
DISTRIBUIDORA PALACIOS SERVICIOS GENERALES E.I.R.L.,MIXTO_1_y_2,3,500.0,PIURA,PAITA; SULLANA,N,TITULADO; TRAMITE,IGAFOM + REINFO + DIA/PAMA + DAC/ESTAMIN + Seguridad,true,true,true,true,false,,INGEMMET - Catastro Minero (zona 17S)
CORI LUYCHO S.A.C.,MIXTO_1_y_2,2,800.0,ANCASH,CASMA,M,TITULADO; TRAMITE,IGAFOM + REINFO + DIA/PAMA + DAC/ESTAMIN + Seguridad,true,true,true,true,false,,INGEMMET - Catastro Minero (zona 17S)
S.M.R.L. FILOMENA 100,MIXTO_1_y_2,2,200.0,ANCASH,HUARMEY,M,TITULADO; TRAMITE,IGAFOM + REINFO + DIA/PAMA + DAC/ESTAMIN + Seguridad,true,true,true,true,false,,INGEMMET - Catastro Minero (zona 17S)
J.C. E.I.R.L.,MIXTO_1_y_2,2,600.0,ANCASH,HUAYLAS; SANTA,M,TITULADO; TRAMITE,IGAFOM + REINFO + DIA/PAMA + DAC/ESTAMIN + Seguridad,true,true,true,true,false,,INGEMMET - Catastro Minero (zona 17S)
PEÑA BLESSED S.A.C.,MIXTO_1_y_2,2,300.0,ANCASH,PALLASCA,M; N,TITULADO; TRAMITE,IGAFOM + REINFO + DIA/PAMA + DAC/ESTAMIN + Seguridad,true,true,true,true,false,,INGEMMET - Catastro Minero (zona 17S)
COMPAÑIA COLVADIHS NORTE S.A.C,MIXTO_1_y_2,2,600.0,ANCASH; ANCASH /  LA LIBERTAD,PALLASCA; PALLASCA /  SANTIAGO DE CHUCO,M; N,TITULADO; TRAMITE,IGAFOM + REINFO + DIA/PAMA + DAC/ESTAMIN + Seguridad,true,true,true,true,false,,INGEMMET - Catastro Minero (zona 17S)
GREMAHAL SOCIEDAD MINERA S.A.C.,MIXTO_1_y_2,2,300.0,ANCASH,SANTA,M,TITULADO; TRAMITE,IGAFOM + REINFO + DIA/PAMA + DAC/ESTAMIN + Seguridad,true,true,true,true,false,,INGEMMET - Catastro Minero (zona 17S)
INVERSIONES GENERALES VILLA CRUZ S.A.C.,MIXTO_1_y_2,2,600.0,ANCASH,SANTA,N,TITULADO; TRAMITE,IGAFOM + REINFO + DIA/PAMA + DAC/ESTAMIN + Seguridad,true,true,true,true,false,,INGEMMET - Catastro Minero (zona 17S)
CONSTRUCTORA ROKA S.R.L.,MIXTO_1_y_2,2,300.0,ANCASH,SANTA,N,TITULADO; TRAMITE,IGAFOM + REINFO + DIA/PAMA + DAC/ESTAMIN + Seguridad,true,true,true,true,false,,INGEMMET - Catastro Minero (zona 17S)
COMPAÑIA CIMA DORADA S.A.C,MIXTO_1_y_2,2,1000.0,CAJAMARCA,CAJABAMBA; CAJAMARCA /  CELENDIN,M,TITULADO; TRAMITE,IGAFOM + REINFO + DIA/PAMA + DAC/ESTAMIN + Seguridad,true,true,true,true,false,,INGEMMET - Catastro Minero (zona 17S)
MINAS AZULES MINERA Y CONSTRUCCION S.A.C.,MIXTO_1_y_2,2,1200.0,CAJAMARCA,CAJABAMBA,M,TITULADO; TRAMITE,IGAFOM + REINFO + DIA/PAMA + DAC/ESTAMIN + Seguridad,true,true,true,true,false,,INGEMMET - Catastro Minero (zona 17S)
COMPAÑIA MINERA SAYARUMI S.A.C.,MIXTO_1_y_2,2,245.1,CAJAMARCA,CAJAMARCA; CELENDIN,N,TITULADO; TRAMITE,IGAFOM + REINFO + DIA/PAMA + DAC/ESTAMIN + Seguridad,true,true,true,true,false,,INGEMMET - Catastro Minero (zona 17S)
CARBON DEL NORTE S.R.L.,MIXTO_1_y_2,2,300.0,CAJAMARCA,CHOTA,M,TITULADO; TRAMITE,IGAFOM + REINFO + DIA/PAMA + DAC/ESTAMIN + Seguridad,true,true,true,true,false,,INGEMMET - Catastro Minero (zona 17S)
S.M.R.L. AGUILA M1,MIXTO_1_y_2,2,1000.0,CAJAMARCA,CAJABAMBA; CONTUMAZA,M,TITULADO; TRAMITE,IGAFOM + REINFO + DIA/PAMA + DAC/ESTAMIN + Seguridad,true,true,true,true,false,,INGEMMET - Catastro Minero (zona 17S)
GRUPO EMPRESARIAL ISM S.A.C.,MIXTO_1_y_2,2,500.0,CAJAMARCA,CONTUMAZA; SAN MARCOS,M,TITULADO; TRAMITE,IGAFOM + REINFO + DIA/PAMA + DAC/ESTAMIN + Seguridad,true,true,true,true,false,,INGEMMET - Catastro Minero (zona 17S)
GY RECURSOS MINERALES S.A.C,MIXTO_1_y_2,2,400.0,PIURA,AYABACA,M,TITULADO; TRAMITE,IGAFOM + REINFO + DIA/PAMA + DAC/ESTAMIN + Seguridad,true,true,true,true,false,,INGEMMET - Catastro Minero (zona 17S)
CONSORCIO PANA CONTRATISTAS GENERALES S.A.C.,MIXTO_1_y_2,2,800.0,PIURA,AYABACA,M,TITULADO; TRAMITE,IGAFOM + REINFO + DIA/PAMA + DAC/ESTAMIN + Seguridad,true,true,true,true,false,,INGEMMET - Catastro Minero (zona 17S)
ASOCIACION MINERA PROGRESO Y DESARROLLO VILLA YAPATO,MIXTO_1_y_2,2,300.0,PIURA,PIURA,N,TITULADO; TRAMITE,IGAFOM + REINFO + DIA/PAMA + DAC/ESTAMIN + Seguridad,true,true,true,true,false,,INGEMMET - Catastro Minero (zona 17S)
MINERALES S & G EMPRESA INDIVIDUAL DE RESPONSABILIDAD LIMITA,MIXTO_1_y_2,2,400.0,PIURA,SULLANA,N,TITULADO; TRAMITE,IGAFOM + REINFO + DIA/PAMA + DAC/ESTAMIN + Seguridad,true,true,true,true,false,,INGEMMET - Catastro Minero (zona 17S)
PIEDRA DE AGUA E.I.R.L.,MIXTO_1_y_2,2,300.0,PIURA,PAITA /  SULLANA; SULLANA,N,TITULADO; TRAMITE,IGAFOM + REINFO + DIA/PAMA + DAC/ESTAMIN + Seguridad,true,true,true,true,false,,INGEMMET - Catastro Minero (zona 17S)
INVERSIONES LAS REJAS E.I.R.L.,MIXTO_1_y_2,2,200.0,PIURA,MORROPON,N,TITULADO; TRAMITE,IGAFOM + REINFO + DIA/PAMA + DAC/ESTAMIN + Seguridad,true,true,true,true,false,,INGEMMET - Catastro Minero (zona 17S)
INDUSTRIA HFLORES SOCIEDAD ANONIMA CERRADA,MIXTO_1_y_2,2,400.0,PIURA,PIURA,N,TITULADO; TRAMITE,IGAFOM + REINFO + DIA/PAMA + DAC/ESTAMIN + Seguridad,true,true,true,true,false,,INGEMMET - Catastro Minero (zona 17S)
NEGOCIOS Y SERVICIOS GENERALES JUAREZ E.I.R.L.,MIXTO_1_y_2,2,300.0,PIURA,SECHURA,N,TITULADO; TRAMITE,IGAFOM + REINFO + DIA/PAMA + DAC/ESTAMIN + Seguridad,true,true,true,true,false,,INGEMMET - Catastro Minero (zona 17S)
MINISTERIO DE TRANSPORTES Y COMUNICACIONES,OTRO_estado,136,847.1,ANCASH; CAJAMARCA; PIURA,AYABACA; CAJAMARCA; CASMA; CELENDIN; CHOTA; CUTERVO; HUANCABAMBA; HUARMEY; JAEN; PAITA; PALLASCA; PIURA; PIURA /  SULLANA; SAN MIGUEL; SAN PABLO; SANTA; SANTA CRUZ; SECHURA; SULLANA,N,OTROS,REVISAR_MANUAL,false,false,false,false,true,,INGEMMET - Catastro Minero (zona 17S)
INVERSIONES LOS CEIVOS S.A.C.,OTRO_estado,3,1300.0,PIURA,AYABACA; AYABACA /  PIURA,M,EXTINGUIDO,REVISAR_MANUAL,false,false,false,false,true,,INGEMMET - Catastro Minero (zona 17S)
MUNICIPALIDAD PROVINCIAL DE TALARA,OTRO_estado,2,800.0,PIURA,TALARA,N,OTROS,REVISAR_MANUAL,false,false,false,false,true,,INGEMMET - Catastro Minero (zona 17S)
ANDIMETAL S.A.C,OTRO_estado,1,9.1,ANCASH,CASMA,M,OTROS,REVISAR_MANUAL,false,false,false,false,true,,INGEMMET - Catastro Minero (zona 17S)
COMPAÑIA MINERA ELOHIM S.A.C.,OTRO_estado,1,26.7,ANCASH,CASMA,M,OTROS,REVISAR_MANUAL,false,false,false,false,true,,INGEMMET - Catastro Minero (zona 17S)
INSUMOS AGRICOLAS DEL SUR E.I.R.L.,OTRO_estado,1,500.0,ANCASH,CASMA,N,EXTINGUIDO,REVISAR_MANUAL,false,false,false,false,true,,INGEMMET - Catastro Minero (zona 17S)
PERUVIAN GOLDEN MINING E.I.R.L.,OTRO_estado,1,200.0,ANCASH,CASMA,M,EXTINGUIDO,REVISAR_MANUAL,false,false,false,false,true,,INGEMMET - Catastro Minero (zona 17S)
ASOCIACION AGRARIA NUEVO CASMA,OTRO_estado,1,1000.0,ANCASH,CASMA,N,EXTINGUIDO,REVISAR_MANUAL,false,false,false,false,true,,INGEMMET - Catastro Minero (zona 17S)
BOREAL INGENIEROS S.A.C.,OTRO_estado,1,24.5,ANCASH,CASMA,M,OTROS,REVISAR_MANUAL,false,false,false,false,true,,INGEMMET - Catastro Minero (zona 17S)
CORPORACION FERRETERA JG ANGELA E.I.R.L,OTRO_estado,1,400.0,ANCASH,CASMA,N,EXTINGUIDO,REVISAR_MANUAL,false,false,false,false,true,,INGEMMET - Catastro Minero (zona 17S)
INVERSIONES GRAVING S.A.C.,OTRO_estado,1,100.0,ANCASH,HUARMEY,M,EXTINGUIDO,REVISAR_MANUAL,false,false,false,false,true,,INGEMMET - Catastro Minero (zona 17S)
MAGMA MINERALS S.A.C,OTRO_estado,1,1000.0,ANCASH,HUARMEY,M,EXTINGUIDO,REVISAR_MANUAL,false,false,false,false,true,,INGEMMET - Catastro Minero (zona 17S)
COMPAÑIA MINERA SOL DE CASMA S.A.C.,OTRO_estado,1,35.2,ANCASH,HUARMEY,M,OTROS,REVISAR_MANUAL,false,false,false,false,true,,INGEMMET - Catastro Minero (zona 17S)
PLANTA EL MIRADOR CORPORATION S.A.C.,OTRO_estado,1,11.3,ANCASH,SANTA,M,OTROS,REVISAR_MANUAL,false,false,false,false,true,,INGEMMET - Catastro Minero (zona 17S)
DEOCHRYSO S.A.C.,OTRO_estado,1,100.0,ANCASH,SANTA,M,EXTINGUIDO,REVISAR_MANUAL,false,false,false,false,true,,INGEMMET - Catastro Minero (zona 17S)
NEWMONT PERU S.R.L.,OTRO_estado,1,1000.0,ANCASH,SANTA,M,EXTINGUIDO,REVISAR_MANUAL,false,false,false,false,true,,INGEMMET - Catastro Minero (zona 17S)
IMPORTACIONES Y SERVICIOS PERU S.A.C,OTRO_estado,1,13.7,ANCASH,SANTA,M,OTROS,REVISAR_MANUAL,false,false,false,false,true,,INGEMMET - Catastro Minero (zona 17S)
VON TERRA SOCIEDAD ANONIMA CERRADA,OTRO_estado,1,300.0,ANCASH /  LA LIBERTAD,PALLASCA /  SANTIAGO DE CHUCO,M,EXTINGUIDO,REVISAR_MANUAL,false,false,false,false,true,,INGEMMET - Catastro Minero (zona 17S)
SOUTH INDUSTRIES S.A.C.,OTRO_estado,1,200.0,CAJAMARCA,CHOTA /  HUALGAYOC,M,EXTINGUIDO,REVISAR_MANUAL,false,false,false,false,true,,INGEMMET - Catastro Minero (zona 17S)
SOCIEDAD MINERA CAROLINA S.A.,OTRO_estado,1,35.0,CAJAMARCA,HUALGAYOC,N,OTROS,REVISAR_MANUAL,false,false,false,false,true,,INGEMMET - Catastro Minero (zona 17S)
S.M.R.L. LASLIMAS,OTRO_estado,1,400.0,CAJAMARCA,CHOTA,M,EXTINGUIDO,REVISAR_MANUAL,false,false,false,false,true,,INGEMMET - Catastro Minero (zona 17S)
CONSULTORES Y CONSTRUCTORES ABANTOS S.A.C.,OTRO_estado,1,100.0,CAJAMARCA,CAJAMARCA,N,EXTINGUIDO,REVISAR_MANUAL,false,false,false,false,true,,INGEMMET - Catastro Minero (zona 17S)
MULTISERVICIOS JACEL S.R.L.,OTRO_estado,1,100.0,CAJAMARCA,HUALGAYOC,N,EXTINGUIDO,REVISAR_MANUAL,false,false,false,false,true,,INGEMMET - Catastro Minero (zona 17S)
EMPRESA DE TRANSPORTES Y SERVICIOS SANTA ISABEL DE CUSHURO S,OTRO_estado,1,200.0,CAJAMARCA,CHOTA,M,EXTINGUIDO,REVISAR_MANUAL,false,false,false,false,true,,INGEMMET - Catastro Minero (zona 17S)
CASABLANCA DEL NORTE S.R.L.,OTRO_estado,1,800.0,PIURA,HUANCABAMBA,M,EXTINGUIDO,REVISAR_MANUAL,false,false,false,false,true,,INGEMMET - Catastro Minero (zona 17S)
CONSTRUCTORA JAS S.A.C.,OTRO_estado,1,600.0,PIURA,AYABACA,M,EXTINGUIDO,REVISAR_MANUAL,false,false,false,false,true,,INGEMMET - Catastro Minero (zona 17S)
MINERALES DE AYABACA S.A.C,OTRO_estado,1,8.7,PIURA,PIURA,M,OTROS,REVISAR_MANUAL,false,false,false,false,true,,INGEMMET - Catastro Minero (zona 17S)
S.M.R.L. GRANODEOROUNIDOS,OTRO_estado,1,600.0,PIURA,SECHURA,N,EXTINGUIDO,REVISAR_MANUAL,false,false,false,false,true,,INGEMMET - Catastro Minero (zona 17S)
METALFIZ E.I.R.L,OTRO_estado,1,11.8,PIURA,MORROPON,M,OTROS,REVISAR_MANUAL,false,false,false,false,true,,INGEMMET - Catastro Minero (zona 17S)
GLOBAL STAR GOLD S.A.,OTRO_estado,1,5.3,PIURA,AYABACA,M,OTROS,REVISAR_MANUAL,false,false,false,false,true,,INGEMMET - Catastro Minero (zona 17S)
POMAFORT S.A.C.,OTRO_estado,1,12.9,PIURA,PIURA,M,OTROS,REVISAR_MANUAL,false,false,false,false,true,,INGEMMET - Catastro Minero (zona 17S)
DOVISA SERVICIOS INTEGRALES E.I.R.L. Y OTROS,PERFIL_1_formalizacion,4,1200.0,PIURA,AYABACA,M,TRAMITE,IGAFOM + REINFO,true,true,false,false,false,,INGEMMET - Catastro Minero (zona 17S)
CONSTRUCTORA Y SERVICIOS ORO NEGRO E.I.R.L,PERFIL_1_formalizacion,4,1100.0,PIURA,MORROPON; PIURA,N,TRAMITE,IGAFOM + REINFO,true,true,false,false,false,,INGEMMET - Catastro Minero (zona 17S)
CERAMICOS EL ROBLE S.A.C,PERFIL_1_formalizacion,4,400.0,PIURA,PAITA; SULLANA,N,EXTINGUIDO; TRAMITE,IGAFOM + REINFO,true,true,false,false,false,,INGEMMET - Catastro Minero (zona 17S)
ECOING PERU S.R.L.,PERFIL_1_formalizacion,3,600.0,ANCASH; CAJAMARCA,CASMA; CHOTA /  HUALGAYOC; HUALGAYOC,M,TRAMITE,IGAFOM + REINFO,true,true,false,false,false,,INGEMMET - Catastro Minero (zona 17S)
CRITICAL MINERALS PERU S.A.,PERFIL_1_formalizacion,3,1700.0,ANCASH; CAJAMARCA /  LA LIBERTAD,CAJABAMBA /  SANCHEZ CARRION; MAR /  SANTA,M; N,TRAMITE,IGAFOM + REINFO,true,true,false,false,false,,INGEMMET - Catastro Minero (zona 17S)
S.M.R.L. MINERA MARAÑON,PERFIL_1_formalizacion,3,700.0,ANCASH,SANTA,M,TRAMITE,IGAFOM + REINFO,true,true,false,false,false,,INGEMMET - Catastro Minero (zona 17S)
MINERA MARTI S.A.C.,PERFIL_1_formalizacion,3,900.0,ANCASH,SANTA,M,TRAMITE,IGAFOM + REINFO,true,true,false,false,false,,INGEMMET - Catastro Minero (zona 17S)
MINERIA Y CONSTRUCCION DIJEECOS E.I.R.L.,PERFIL_1_formalizacion,3,600.0,ANCASH,YUNGAY,M,EXTINGUIDO; TRAMITE,IGAFOM + REINFO,true,true,false,false,false,,INGEMMET - Catastro Minero (zona 17S)
XTRA MINERAL GOLD LIMITED E.I.R.L.,PERFIL_1_formalizacion,3,700.0,CAJAMARCA,CAJABAMBA; HUALGAYOC,M,TRAMITE,IGAFOM + REINFO,true,true,false,false,false,,INGEMMET - Catastro Minero (zona 17S)
INVERSIONES SISA & ASOCIADOS S.A.C.,PERFIL_1_formalizacion,3,800.0,CAJAMARCA; CAJAMARCA /  LA LIBERTAD,CAJABAMBA; CAJABAMBA /  SANCHEZ CARRION,M,TRAMITE,IGAFOM + REINFO,true,true,false,false,false,,INGEMMET - Catastro Minero (zona 17S)
EXTRACCION Y COMERCIALIZACION DE MINERALES NAYZA EIRL,PERFIL_1_formalizacion,3,430.2,CAJAMARCA; PIURA,FUERA DEL PERU /  SAN IGNACIO; PIURA,M,TRAMITE,IGAFOM + REINFO,true,true,false,false,false,,INGEMMET - Catastro Minero (zona 17S)
ANTARUMI MINERALS S.A.C.,PERFIL_1_formalizacion,3,500.0,PIURA,AYABACA /  FUERA DEL PERU; AYABACA /  FUERA DEL PERU /  SULLANA; AYABACA /  SULLANA,M,TRAMITE,IGAFOM + REINFO,true,true,false,false,false,,INGEMMET - Catastro Minero (zona 17S)
MINERILT IMPORTACION & MAQUINARIA EN GENERAL S.A.C.,PERFIL_1_formalizacion,2,500.0,ANCASH,CASMA,M,TRAMITE,IGAFOM + REINFO,true,true,false,false,false,,INGEMMET - Catastro Minero (zona 17S)
GLOBALWEALTH S.A.C.,PERFIL_1_formalizacion,2,400.0,ANCASH,CASMA /  MAR,M,TRAMITE,IGAFOM + REINFO,true,true,false,false,false,,INGEMMET - Catastro Minero (zona 17S)
CONSORCIO YOMAR S.A.C.,PERFIL_1_formalizacion,2,600.0,ANCASH,MAR /  SANTA; SANTA,M,EXTINGUIDO; TRAMITE,IGAFOM + REINFO,true,true,false,false,false,,INGEMMET - Catastro Minero (zona 17S)
CRAVES S.A.C,PERFIL_1_formalizacion,2,300.0,ANCASH,PALLASCA,M,TRAMITE,IGAFOM + REINFO,true,true,false,false,false,,INGEMMET - Catastro Minero (zona 17S)
BALBIS E.I.R.L.,PERFIL_1_formalizacion,2,500.0,ANCASH,SANTA,M,TRAMITE,IGAFOM + REINFO,true,true,false,false,false,,INGEMMET - Catastro Minero (zona 17S)
REYESA GROUP S.A.C.,PERFIL_1_formalizacion,2,400.0,ANCASH,SANTA,M,TRAMITE,IGAFOM + REINFO,true,true,false,false,false,,INGEMMET - Catastro Minero (zona 17S)
COMPAÑIA MINERA CERRO BAYO S.R.L.,PERFIL_1_formalizacion,2,200.0,ANCASH /  LA LIBERTAD,PALLASCA /  SANTIAGO DE CHUCO,M,TRAMITE,IGAFOM + REINFO,true,true,false,false,false,,INGEMMET - Catastro Minero (zona 17S)
CONSTRUCTORA & MINERIA JOMESA E.I.R.L.,PERFIL_1_formalizacion,2,300.0,CAJAMARCA,CAJAMARCA; CAJAMARCA /  CELENDIN,M,TRAMITE,IGAFOM + REINFO,true,true,false,false,false,,INGEMMET - Catastro Minero (zona 17S)
MIN DU S.A.C.,PERFIL_1_formalizacion,2,200.0,CAJAMARCA,CAJAMARCA,N,TRAMITE,IGAFOM + REINFO,true,true,false,false,false,,INGEMMET - Catastro Minero (zona 17S)
INDUAMERICA SERVICIOS LOGISTICOS S.A.C.,PERFIL_1_formalizacion,2,900.0,CAJAMARCA,CHOTA; SANTA CRUZ,N,TRAMITE,IGAFOM + REINFO,true,true,false,false,false,,INGEMMET - Catastro Minero (zona 17S)
PROCESADORA BLASTER S.R.L Y OTROS,PERFIL_1_formalizacion,2,200.0,CAJAMARCA; PIURA,AYABACA; SAN IGNACIO,M,TRAMITE,IGAFOM + REINFO,true,true,false,false,false,,INGEMMET - Catastro Minero (zona 17S)
COMPAÑIA MINERA REINA DEL CISNE S.A.C. Y OTROS,PERFIL_1_formalizacion,2,1700.0,CAJAMARCA,JAEN; SAN IGNACIO,M,EXTINGUIDO; TRAMITE,IGAFOM + REINFO,true,true,false,false,false,,INGEMMET - Catastro Minero (zona 17S)
BLACKROCK INVERSIONES Y PROYECTOS S.A.C.,PERFIL_1_formalizacion,2,200.0,CAJAMARCA,JAEN; SAN IGNACIO,M,EXTINGUIDO; TRAMITE,IGAFOM + REINFO,true,true,false,false,false,,INGEMMET - Catastro Minero (zona 17S)
INVERSIONES GENESIS II S.A.C.,PERFIL_1_formalizacion,2,2000.0,CAJAMARCA,CELENDIN,M,TRAMITE,IGAFOM + REINFO,true,true,false,false,false,,INGEMMET - Catastro Minero (zona 17S)
INVERSIONES ARABICUS S.A.C.,PERFIL_1_formalizacion,2,2000.0,CAJAMARCA,CELENDIN,M,TRAMITE,IGAFOM + REINFO,true,true,false,false,false,,INGEMMET - Catastro Minero (zona 17S)
MINORTEX MINING S.A.C.,PERFIL_1_formalizacion,2,1000.0,CAJAMARCA; PIURA,AYABACA; SAN MIGUEL,M,TRAMITE,IGAFOM + REINFO,true,true,false,false,false,,INGEMMET - Catastro Minero (zona 17S)
ORO NEGRO JJL SERVICIOS GENERALES S.A.C.,PERFIL_1_formalizacion,2,600.0,CAJAMARCA,HUALGAYOC,M,TRAMITE,IGAFOM + REINFO,true,true,false,false,false,,INGEMMET - Catastro Minero (zona 17S)
GRUPO FRAMATA S.R.L.,PERFIL_1_formalizacion,2,1000.0,CAJAMARCA,CHOTA; CHOTA /  SANTA CRUZ,M,TRAMITE,IGAFOM + REINFO,true,true,false,false,false,,INGEMMET - Catastro Minero (zona 17S)
S.M.R.L. VIRGEN DE LAS NIEVES 82,PERFIL_1_formalizacion,2,800.0,PIURA,AYABACA,M,TRAMITE,IGAFOM + REINFO,true,true,false,false,false,,INGEMMET - Catastro Minero (zona 17S)
ESCALMIN E.I.R.L.,PERFIL_1_formalizacion,2,1000.0,PIURA,AYABACA,M,TRAMITE,IGAFOM + REINFO,true,true,false,false,false,,INGEMMET - Catastro Minero (zona 17S)
CCS CONSTRUCTORA E INMOBILIARIA S.A.C.,PERFIL_1_formalizacion,2,600.0,PIURA,AYABACA,M,TRAMITE,IGAFOM + REINFO,true,true,false,false,false,,INGEMMET - Catastro Minero (zona 17S)
CUPRUM CAPITAL INVESTMENTS SOCIEDAD ANONIMA CERRADA,PERFIL_1_formalizacion,2,1500.0,PIURA,PIURA /  SULLANA; SULLANA,M,TRAMITE,IGAFOM + REINFO,true,true,false,false,false,,INGEMMET - Catastro Minero (zona 17S)
PALPINA COMPAÑIA MINERA S.A.C. Y OTROS,PERFIL_1_formalizacion,2,1500.0,PIURA,AYABACA,M,TRAMITE,IGAFOM + REINFO,true,true,false,false,false,,INGEMMET - Catastro Minero (zona 17S)
DOIG SERVICIOS E.I.R.L,PERFIL_1_formalizacion,2,500.0,PIURA,SULLANA,N,TRAMITE,IGAFOM + REINFO,true,true,false,false,false,,INGEMMET - Catastro Minero (zona 17S)
GRUPO CAM PERU SAC,PERFIL_1_formalizacion,1,100.0,ANCASH,CASMA,N,TRAMITE,IGAFOM + REINFO,true,true,false,false,false,,INGEMMET - Catastro Minero (zona 17S)
S.M.R.L. DON RAFO 2,PERFIL_1_formalizacion,1,300.0,ANCASH,CASMA,M,TRAMITE,IGAFOM + REINFO,true,true,false,false,false,,INGEMMET - Catastro Minero (zona 17S)
S.M.R.L. JAZMIN JHESLYN I Y OTROS,PERFIL_1_formalizacion,1,100.0,ANCASH,CASMA,M,TRAMITE,IGAFOM + REINFO,true,true,false,false,false,,INGEMMET - Catastro Minero (zona 17S)
S.M.R.L. MINA LA PERLA,PERFIL_1_formalizacion,1,200.0,ANCASH,CASMA,M,TRAMITE,IGAFOM + REINFO,true,true,false,false,false,,INGEMMET - Catastro Minero (zona 17S)
EVAL RESOURCES S.A.C.,PERFIL_1_formalizacion,1,100.0,ANCASH,CASMA,M,TRAMITE,IGAFOM + REINFO,true,true,false,false,false,,INGEMMET - Catastro Minero (zona 17S)
INVERPROMIN S.A.C.,PERFIL_1_formalizacion,1,700.0,ANCASH,CASMA,M,TRAMITE,IGAFOM + REINFO,true,true,false,false,false,,INGEMMET - Catastro Minero (zona 17S)
LIDER CONSTRUCREY S.A.C,PERFIL_1_formalizacion,1,600.0,ANCASH,CASMA,M,TRAMITE,IGAFOM + REINFO,true,true,false,false,false,,INGEMMET - Catastro Minero (zona 17S)
INVERSIONES CAVALA S.A.C.,PERFIL_1_formalizacion,1,100.0,ANCASH,CASMA,M,TRAMITE,IGAFOM + REINFO,true,true,false,false,false,,INGEMMET - Catastro Minero (zona 17S)
ASOCIACION DE VIVIENDA LA CONCHUELA-CALETA LA GRAMITA-CASA,PERFIL_1_formalizacion,1,100.0,ANCASH,CASMA /  MAR,N,TRAMITE,IGAFOM + REINFO,true,true,false,false,false,,INGEMMET - Catastro Minero (zona 17S)
PAMPAMAR MINING SAC,PERFIL_1_formalizacion,1,300.0,ANCASH,CASMA /  MAR,N,TRAMITE,IGAFOM + REINFO,true,true,false,false,false,,INGEMMET - Catastro Minero (zona 17S)
INVERSIONES CATAMAR E.I.R.L.,PERFIL_1_formalizacion,1,100.0,ANCASH,CASMA /  SANTA,M,TRAMITE,IGAFOM + REINFO,true,true,false,false,false,,INGEMMET - Catastro Minero (zona 17S)
MINING SPARTACUS E.I.R.L.,PERFIL_1_formalizacion,1,100.0,ANCASH,CORONGO /  SANTA,N,TRAMITE,IGAFOM + REINFO,true,true,false,false,false,,INGEMMET - Catastro Minero (zona 17S)
ALL-CHEMIST CORPORACION MINERA S.A.C.,PERFIL_1_formalizacion,1,100.0,ANCASH,HUARMEY,N,TRAMITE,IGAFOM + REINFO,true,true,false,false,false,,INGEMMET - Catastro Minero (zona 17S)
S.M.R.L. FORTALEZA NUEVA ESPERANZA,PERFIL_1_formalizacion,1,100.0,ANCASH,HUARMEY,N,TRAMITE,IGAFOM + REINFO,true,true,false,false,false,,INGEMMET - Catastro Minero (zona 17S)
JEK CORPORATION SA,PERFIL_1_formalizacion,1,100.0,ANCASH,HUARMEY,N,TRAMITE,IGAFOM + REINFO,true,true,false,false,false,,INGEMMET - Catastro Minero (zona 17S)
J & D INVERTELP S.A.C.,PERFIL_1_formalizacion,1,300.0,ANCASH,HUARMEY,M,TRAMITE,IGAFOM + REINFO,true,true,false,false,false,,INGEMMET - Catastro Minero (zona 17S)
GRUPO MINERO SAN AGUSTIN SAC,PERFIL_1_formalizacion,1,100.0,ANCASH,PALLASCA,M,TRAMITE,IGAFOM + REINFO,true,true,false,false,false,,INGEMMET - Catastro Minero (zona 17S)
REPRESENTACIONES GAPYCAL S.A.C.,PERFIL_1_formalizacion,1,100.0,ANCASH,PALLASCA,M,TRAMITE,IGAFOM + REINFO,true,true,false,false,false,,INGEMMET - Catastro Minero (zona 17S)
MINERA PERU NORTE E.I.R.L.,PERFIL_1_formalizacion,1,100.0,ANCASH,PALLASCA,N,TRAMITE,IGAFOM + REINFO,true,true,false,false,false,,INGEMMET - Catastro Minero (zona 17S)
MINERA URPAY E.I.R.L.,PERFIL_1_formalizacion,1,100.0,ANCASH,PALLASCA,M,TRAMITE,IGAFOM + REINFO,true,true,false,false,false,,INGEMMET - Catastro Minero (zona 17S)
SEVIC CONTRATISTAS E.I.R.L.,PERFIL_1_formalizacion,1,100.0,ANCASH,SANTA,N,TRAMITE,IGAFOM + REINFO,true,true,false,false,false,,INGEMMET - Catastro Minero (zona 17S)
EUROMINAS S.A.C.,PERFIL_1_formalizacion,1,6.0,ANCASH,SANTA,N,TRAMITE,IGAFOM + REINFO,true,true,false,false,false,,INGEMMET - Catastro Minero (zona 17S)
CORPORATIVO ATAUCHI E.I.R.L.,PERFIL_1_formalizacion,1,900.0,ANCASH,SANTA,M,TRAMITE,IGAFOM + REINFO,true,true,false,false,false,,INGEMMET - Catastro Minero (zona 17S)
HAMVEL MULTISECTORIAL S.A.C. Y OTROS,PERFIL_1_formalizacion,1,100.0,ANCASH,SANTA,M,TRAMITE,IGAFOM + REINFO,true,true,false,false,false,,INGEMMET - Catastro Minero (zona 17S)
INFINITY CORP S.A.C. BIC,PERFIL_1_formalizacion,1,600.0,ANCASH,SANTA,N,TRAMITE,IGAFOM + REINFO,true,true,false,false,false,,INGEMMET - Catastro Minero (zona 17S)
CORPORACION MINERA FLORES S.A.C.,PERFIL_1_formalizacion,1,500.0,ANCASH,SANTA,M,TRAMITE,IGAFOM + REINFO,true,true,false,false,false,,INGEMMET - Catastro Minero (zona 17S)
EMPRESA DE TRANSPORTE JEERGIKA E.I.R.L.,PERFIL_1_formalizacion,1,200.0,ANCASH,SANTA,N,TRAMITE,IGAFOM + REINFO,true,true,false,false,false,,INGEMMET - Catastro Minero (zona 17S)
MG GROUP SAC,PERFIL_1_formalizacion,1,300.0,ANCASH,SANTA,M,TRAMITE,IGAFOM + REINFO,true,true,false,false,false,,INGEMMET - Catastro Minero (zona 17S)
CORPORACION DE INGENIERIA ULISES SAC,PERFIL_1_formalizacion,1,300.0,ANCASH,SANTA,M,TRAMITE,IGAFOM + REINFO,true,true,false,false,false,,INGEMMET - Catastro Minero (zona 17S)
CORPORACION MINERA MILENIUM SAC,PERFIL_1_formalizacion,1,100.0,ANCASH,SANTA,M,TRAMITE,IGAFOM + REINFO,true,true,false,false,false,,INGEMMET - Catastro Minero (zona 17S)
S.M.R.L. ECOTECH VII,PERFIL_1_formalizacion,1,300.0,ANCASH,SANTA,M,TRAMITE,IGAFOM + REINFO,true,true,false,false,false,,INGEMMET - Catastro Minero (zona 17S)
JJY LOS JARITAS S.A.C,PERFIL_1_formalizacion,1,200.0,ANCASH,SANTA,M,TRAMITE,IGAFOM + REINFO,true,true,false,false,false,,INGEMMET - Catastro Minero (zona 17S)
SHEBITA S.A.C.,PERFIL_1_formalizacion,1,200.0,ANCASH,SANTA,M,TRAMITE,IGAFOM + REINFO,true,true,false,false,false,,INGEMMET - Catastro Minero (zona 17S)
PEDREPLAST S.A.C,PERFIL_1_formalizacion,1,100.0,ANCASH,SANTA,M,TRAMITE,IGAFOM + REINFO,true,true,false,false,false,,INGEMMET - Catastro Minero (zona 17S)
VICTORIA SILVIA ELIZABETH CRISTHIAN E.I.R.L.,PERFIL_1_formalizacion,1,100.0,ANCASH,SANTA,M,TRAMITE,IGAFOM + REINFO,true,true,false,false,false,,INGEMMET - Catastro Minero (zona 17S)
BLUE WILL E.I.R.L. Y OTROS,PERFIL_1_formalizacion,1,800.0,ANCASH,SANTA,M,TRAMITE,IGAFOM + REINFO,true,true,false,false,false,,INGEMMET - Catastro Minero (zona 17S)
"TRANSPORTES, SERVICIOS MINEROS Y AGRICOLAS S.A.C.",PERFIL_1_formalizacion,1,200.0,ANCASH /  LA LIBERTAD,SANTA /  VIRU,N,TRAMITE,IGAFOM + REINFO,true,true,false,false,false,,INGEMMET - Catastro Minero (zona 17S)
COMPAÑIA MINERA PERU GOLD S.A.,PERFIL_1_formalizacion,1,100.0,ANCASH /  LA LIBERTAD,PALLASCA /  SANTIAGO DE CHUCO,M,TRAMITE,IGAFOM + REINFO,true,true,false,false,false,,INGEMMET - Catastro Minero (zona 17S)
BELCON E.I.R.L.,PERFIL_1_formalizacion,1,100.0,CAJAMARCA,SAN MARCOS,M,TRAMITE,IGAFOM + REINFO,true,true,false,false,false,,INGEMMET - Catastro Minero (zona 17S)
MINERA COBRE CELESTIAL S.A.C,PERFIL_1_formalizacion,1,900.0,CAJAMARCA,SAN MIGUEL,M,TRAMITE,IGAFOM + REINFO,true,true,false,false,false,,INGEMMET - Catastro Minero (zona 17S)
FERRETERIA E INVERSIONES PEREZ S.A.C.,PERFIL_1_formalizacion,1,100.0,CAJAMARCA,CUTERVO,N,TRAMITE,IGAFOM + REINFO,true,true,false,false,false,,INGEMMET - Catastro Minero (zona 17S)
IMPORT SERVICIOS GENERALES PACIFICO'S S.A.C.,PERFIL_1_formalizacion,1,100.0,CAJAMARCA,CHOTA,N,TRAMITE,IGAFOM + REINFO,true,true,false,false,false,,INGEMMET - Catastro Minero (zona 17S)
HEMAC NEGOCIOS Y SERVICIOS GENERALES S.R.L.,PERFIL_1_formalizacion,1,100.0,CAJAMARCA,CAJAMARCA,M,TRAMITE,IGAFOM + REINFO,true,true,false,false,false,,INGEMMET - Catastro Minero (zona 17S)
HANAQ PERU S.A.C,PERFIL_1_formalizacion,1,100.0,CAJAMARCA,SAN MIGUEL,M,TRAMITE,IGAFOM + REINFO,true,true,false,false,false,,INGEMMET - Catastro Minero (zona 17S)
MINER´S HOUSE FMB S.A.C,PERFIL_1_formalizacion,1,700.0,CAJAMARCA,CAJABAMBA,M,TRAMITE,IGAFOM + REINFO,true,true,false,false,false,,INGEMMET - Catastro Minero (zona 17S)
MINORTEX TRADER S.A.C.,PERFIL_1_formalizacion,1,600.0,CAJAMARCA,CONTUMAZA,M,TRAMITE,IGAFOM + REINFO,true,true,false,false,false,,INGEMMET - Catastro Minero (zona 17S)
SAUG MINING S.A.C.,PERFIL_1_formalizacion,1,100.0,CAJAMARCA,CAJABAMBA,M,TRAMITE,IGAFOM + REINFO,true,true,false,false,false,,INGEMMET - Catastro Minero (zona 17S)
CONSULTORES GROUP PERU JH S.A.C.,PERFIL_1_formalizacion,1,1000.0,CAJAMARCA,CHOTA /  SANTA CRUZ,M,TRAMITE,IGAFOM + REINFO,true,true,false,false,false,,INGEMMET - Catastro Minero (zona 17S)
CALERA BAMBAMARCA S.A.C,PERFIL_1_formalizacion,1,200.0,CAJAMARCA,HUALGAYOC,N,TRAMITE,IGAFOM + REINFO,true,true,false,false,false,,INGEMMET - Catastro Minero (zona 17S)
MINERA BRILLANTE NIEVE E.I.R.L.,PERFIL_1_formalizacion,1,300.0,CAJAMARCA,CAJABAMBA,M,TRAMITE,IGAFOM + REINFO,true,true,false,false,false,,INGEMMET - Catastro Minero (zona 17S)
LADRILLOS PRISMA S.R.L.,PERFIL_1_formalizacion,1,200.0,CAJAMARCA,CAJAMARCA,N,TRAMITE,IGAFOM + REINFO,true,true,false,false,false,,INGEMMET - Catastro Minero (zona 17S)
SOCIEDAD MINERA CAMPANA DE ORO S.A.C.,PERFIL_1_formalizacion,1,100.0,CAJAMARCA,CAJABAMBA,M,TRAMITE,IGAFOM + REINFO,true,true,false,false,false,,INGEMMET - Catastro Minero (zona 17S)
MIN NORTH S.R.L.,PERFIL_1_formalizacion,1,200.0,CAJAMARCA,CONTUMAZA,M,TRAMITE,IGAFOM + REINFO,true,true,false,false,false,,INGEMMET - Catastro Minero (zona 17S)
CONTRATISTAS GENERALES LA MAZMA S.R.L.,PERFIL_1_formalizacion,1,200.0,CAJAMARCA,HUALGAYOC,M,TRAMITE,IGAFOM + REINFO,true,true,false,false,false,,INGEMMET - Catastro Minero (zona 17S)
EMPRESA NO METALICA JOSE GALVEZ S.C.R.L,PERFIL_1_formalizacion,1,100.0,CAJAMARCA,HUALGAYOC,N,TRAMITE,IGAFOM + REINFO,true,true,false,false,false,,INGEMMET - Catastro Minero (zona 17S)
INVERSIONES ORO DEL NORTE S.A.C,PERFIL_1_formalizacion,1,100.0,CAJAMARCA,SAN MIGUEL,M,TRAMITE,IGAFOM + REINFO,true,true,false,false,false,,INGEMMET - Catastro Minero (zona 17S)
S.M.R.L. EL MANANTIAL 2025,PERFIL_1_formalizacion,1,100.0,CAJAMARCA,JAEN,M,TRAMITE,IGAFOM + REINFO,true,true,false,false,false,,INGEMMET - Catastro Minero (zona 17S)
CONSORCIO MINERO JOCOS SR. SAC,PERFIL_1_formalizacion,1,200.0,CAJAMARCA,CAJABAMBA,M,TRAMITE,IGAFOM + REINFO,true,true,false,false,false,,INGEMMET - Catastro Minero (zona 17S)
MULTISERVICIOS COMPANY Y & D E.I.R.L.,PERFIL_1_formalizacion,1,100.0,CAJAMARCA,CELENDIN,M,TRAMITE,IGAFOM + REINFO,true,true,false,false,false,,INGEMMET - Catastro Minero (zona 17S)
COMPAÑIA MV E.I.R.L.,PERFIL_1_formalizacion,1,100.0,CAJAMARCA,CELENDIN,M,TRAMITE,IGAFOM + REINFO,true,true,false,false,false,,INGEMMET - Catastro Minero (zona 17S)
INFONET E.I.R.L.,PERFIL_1_formalizacion,1,400.0,CAJAMARCA,SAN IGNACIO,M,TRAMITE,IGAFOM + REINFO,true,true,false,false,false,,INGEMMET - Catastro Minero (zona 17S)
CONSULTORA & CONSTRUCTORA GOICOCHEA S.R.L.,PERFIL_1_formalizacion,1,100.0,CAJAMARCA,CHOTA /  CUTERVO,M,TRAMITE,IGAFOM + REINFO,true,true,false,false,false,,INGEMMET - Catastro Minero (zona 17S)
TRANSPORTES Y SERVICIOS CHUGNAS S.R.L.,PERFIL_1_formalizacion,1,100.0,CAJAMARCA,CAJAMARCA,N,TRAMITE,IGAFOM + REINFO,true,true,false,false,false,,INGEMMET - Catastro Minero (zona 17S)
INGENIERIA & SERVICIOS DELGADO E.I.R.L,PERFIL_1_formalizacion,1,200.0,CAJAMARCA,SAN IGNACIO,M,TRAMITE,IGAFOM + REINFO,true,true,false,false,false,,INGEMMET - Catastro Minero (zona 17S)
SERVICIOS GENERALES JH 2024 E.I.R.L.,PERFIL_1_formalizacion,1,200.0,CAJAMARCA,SAN PABLO,M,TRAMITE,IGAFOM + REINFO,true,true,false,false,false,,INGEMMET - Catastro Minero (zona 17S)
LOGISNORT S.A.C.,PERFIL_1_formalizacion,1,100.0,CAJAMARCA,CONTUMAZA,N,TRAMITE,IGAFOM + REINFO,true,true,false,false,false,,INGEMMET - Catastro Minero (zona 17S)
ALTAIR SERVICIOS GENERALES E.I.R.L. Y OTROS,PERFIL_1_formalizacion,1,900.0,CAJAMARCA,CELENDIN,M,TRAMITE,IGAFOM + REINFO,true,true,false,false,false,,INGEMMET - Catastro Minero (zona 17S)
S.M.R.L. MILAGROSO PADRE ETERNO 3,PERFIL_1_formalizacion,1,500.0,CAJAMARCA,CELENDIN,M,TRAMITE,IGAFOM + REINFO,true,true,false,false,false,,INGEMMET - Catastro Minero (zona 17S)
ACTIVIDAD MINERA DORADA S.A.C. Y OTROS,PERFIL_1_formalizacion,1,500.0,CAJAMARCA,SAN IGNACIO,M,TRAMITE,IGAFOM + REINFO,true,true,false,false,false,,INGEMMET - Catastro Minero (zona 17S)
CORPORACIÓN WALLIO E.I.R.L.,PERFIL_1_formalizacion,1,100.0,CAJAMARCA,CONTUMAZA,M,TRAMITE,IGAFOM + REINFO,true,true,false,false,false,,INGEMMET - Catastro Minero (zona 17S)
S.M.R.L. MINA EL FLOREAO,PERFIL_1_formalizacion,1,800.0,CAJAMARCA,CELENDIN,M,TRAMITE,IGAFOM + REINFO,true,true,false,false,false,,INGEMMET - Catastro Minero (zona 17S)
AHIEZER COMPANY S.A.C.,PERFIL_1_formalizacion,1,400.0,CAJAMARCA,CAJABAMBA,M,TRAMITE,IGAFOM + REINFO,true,true,false,false,false,,INGEMMET - Catastro Minero (zona 17S)
CONSTRUCTORA & MINERIA JOMESA E.I.R.L. Y OTROS,PERFIL_1_formalizacion,1,100.0,CAJAMARCA,HUALGAYOC,M,TRAMITE,IGAFOM + REINFO,true,true,false,false,false,,INGEMMET - Catastro Minero (zona 17S)
R & C ASESORES EMPRESARIALES S.A.C.,PERFIL_1_formalizacion,1,100.0,CAJAMARCA,CAJAMARCA,M,TRAMITE,IGAFOM + REINFO,true,true,false,false,false,,INGEMMET - Catastro Minero (zona 17S)
CONGA DE ORO MINERIA Y CONSTRUCCION E.I.R.L.,PERFIL_1_formalizacion,1,300.0,CAJAMARCA,CAJAMARCA,M,TRAMITE,IGAFOM + REINFO,true,true,false,false,false,,INGEMMET - Catastro Minero (zona 17S)
INVERSIONES NUSAL S.A.C.,PERFIL_1_formalizacion,1,100.0,CAJAMARCA,CAJABAMBA,M,TRAMITE,IGAFOM + REINFO,true,true,false,false,false,,INGEMMET - Catastro Minero (zona 17S)
PROCESADORA BLASTER S.R.L,PERFIL_1_formalizacion,1,100.0,CAJAMARCA,SAN IGNACIO,M,TRAMITE,IGAFOM + REINFO,true,true,false,false,false,,INGEMMET - Catastro Minero (zona 17S)
RCV INGENIEROS S.A.C,PERFIL_1_formalizacion,1,200.0,CAJAMARCA /  LA LIBERTAD,CHEPEN /  CONTUMAZA,N,TRAMITE,IGAFOM + REINFO,true,true,false,false,false,,INGEMMET - Catastro Minero (zona 17S)
LM CONTRATISTAS GENERALES E.I.R.L.,PERFIL_1_formalizacion,1,200.0,CAJAMARCA /  LA LIBERTAD,CAJABAMBA /  GRAN CHIMU,M,TRAMITE,IGAFOM + REINFO,true,true,false,false,false,,INGEMMET - Catastro Minero (zona 17S)
S.M.R.L. VILCAS 2023,PERFIL_1_formalizacion,1,300.0,CAJAMARCA /  LA LIBERTAD,CAJABAMBA /  OTUZCO /  SANCHEZ CARRION,M,TRAMITE,IGAFOM + REINFO,true,true,false,false,false,,INGEMMET - Catastro Minero (zona 17S)
FRANKHER MINING COMPANY S.A.C.,PERFIL_1_formalizacion,1,700.0,CAJAMARCA /  LAMBAYEQUE,CUTERVO /  FERREÑAFE,M,TRAMITE,IGAFOM + REINFO,true,true,false,false,false,,INGEMMET - Catastro Minero (zona 17S)
S.M.R.L. LOMA VERDE,PERFIL_1_formalizacion,1,400.0,PIURA,PIURA,M,TRAMITE,IGAFOM + REINFO,true,true,false,false,false,,INGEMMET - Catastro Minero (zona 17S)
PERU INVER CONSTRUTION SOCIEDAD COMERCIAL RESPONSABILIDAD LI,PERFIL_1_formalizacion,1,100.0,PIURA,SECHURA,N,TRAMITE,IGAFOM + REINFO,true,true,false,false,false,,INGEMMET - Catastro Minero (zona 17S)
K'AXAY E.I.R.L.,PERFIL_1_formalizacion,1,100.0,PIURA,PIURA,N,TRAMITE,IGAFOM + REINFO,true,true,false,false,false,,INGEMMET - Catastro Minero (zona 17S)
J&R ASOCIADOS LUHAN SOCIEDAD ANONIMA CERRADA,PERFIL_1_formalizacion,1,100.0,PIURA,PAITA,N,TRAMITE,IGAFOM + REINFO,true,true,false,false,false,,INGEMMET - Catastro Minero (zona 17S)
S.M.R.L. EL HUALTACO,PERFIL_1_formalizacion,1,400.0,PIURA,PIURA,M,TRAMITE,IGAFOM + REINFO,true,true,false,false,false,,INGEMMET - Catastro Minero (zona 17S)
RECUPERADA S.A.C.,PERFIL_1_formalizacion,1,1000.0,PIURA,SULLANA,M,TRAMITE,IGAFOM + REINFO,true,true,false,false,false,,INGEMMET - Catastro Minero (zona 17S)
EXPLORACIONES BEZAGO S.A.C.,PERFIL_1_formalizacion,1,200.0,PIURA,AYABACA,M,TRAMITE,IGAFOM + REINFO,true,true,false,false,false,,INGEMMET - Catastro Minero (zona 17S)
ROJO ASOCIADOS SOCIEDAD ANONIMA CERRADA,PERFIL_1_formalizacion,1,100.0,PIURA,PAITA,N,TRAMITE,IGAFOM + REINFO,true,true,false,false,false,,INGEMMET - Catastro Minero (zona 17S)
CEG INVERSIONES MINERAS SOCIEDAD ANONIMA CERRADA,PERFIL_1_formalizacion,1,100.0,PIURA,PIURA,N,TRAMITE,IGAFOM + REINFO,true,true,false,false,false,,INGEMMET - Catastro Minero (zona 17S)
GRUPO MINERO RUBI S.A.C.,PERFIL_1_formalizacion,1,100.0,PIURA,PIURA,M,TRAMITE,IGAFOM + REINFO,true,true,false,false,false,,INGEMMET - Catastro Minero (zona 17S)
PARCASH CONTRATISTAS GENERALES S.A.C.,PERFIL_1_formalizacion,1,500.0,PIURA,PIURA,M,TRAMITE,IGAFOM + REINFO,true,true,false,false,false,,INGEMMET - Catastro Minero (zona 17S)
MINERALES GRAN CHIMU S.A.C,PERFIL_1_formalizacion,1,400.0,PIURA,AYABACA,M,TRAMITE,IGAFOM + REINFO,true,true,false,false,false,,INGEMMET - Catastro Minero (zona 17S)
MINERIA Y AGRO REY LEON S.A.C,PERFIL_1_formalizacion,1,400.0,PIURA,AYABACA,M,TRAMITE,IGAFOM + REINFO,true,true,false,false,false,,INGEMMET - Catastro Minero (zona 17S)
METALES DE PAMPA LARGA S.A.C.,PERFIL_1_formalizacion,1,100.0,PIURA,AYABACA,M,TRAMITE,IGAFOM + REINFO,true,true,false,false,false,,INGEMMET - Catastro Minero (zona 17S)
INVERSIONES LAMB EMPRESA INDIVIDUAL DE RESPONSABILIDAD LIMIT,PERFIL_1_formalizacion,1,100.0,PIURA,PAITA,N,TRAMITE,IGAFOM + REINFO,true,true,false,false,false,,INGEMMET - Catastro Minero (zona 17S)
CONSTRUCTORA MAGNUM M&M EIRL,PERFIL_1_formalizacion,1,100.0,PIURA,MORROPON,N,TRAMITE,IGAFOM + REINFO,true,true,false,false,false,,INGEMMET - Catastro Minero (zona 17S)
JBP GLOBAL COMPANY E.I.R.L.,PERFIL_1_formalizacion,1,400.0,PIURA,PIURA,M,TRAMITE,IGAFOM + REINFO,true,true,false,false,false,,INGEMMET - Catastro Minero (zona 17S)
GRUPO CONSTRUCTOR H&H S.C.R.L.,PERFIL_1_formalizacion,1,100.0,PIURA,MORROPON,N,TRAMITE,IGAFOM + REINFO,true,true,false,false,false,,INGEMMET - Catastro Minero (zona 17S)
YOANNI CONSTRUCTORES Y SERVICIOS GENERALES E.I.R.L,PERFIL_1_formalizacion,1,100.0,PIURA,PAITA,N,TRAMITE,IGAFOM + REINFO,true,true,false,false,false,,INGEMMET - Catastro Minero (zona 17S)
GRUPO MINERO SANTA LUCIANA SAC,PERFIL_1_formalizacion,1,1000.0,PIURA,AYABACA,M,TRAMITE,IGAFOM + REINFO,true,true,false,false,false,,INGEMMET - Catastro Minero (zona 17S)
NEGOCIOS Y SERVICIOS J&V SOCIEDAD ANONIMA CERRADA,PERFIL_1_formalizacion,1,200.0,PIURA,PIURA,N,TRAMITE,IGAFOM + REINFO,true,true,false,false,false,,INGEMMET - Catastro Minero (zona 17S)
PERFODRIL SOCIEDAD ANONIMA CERRADA,PERFIL_1_formalizacion,1,100.0,PIURA,PAITA /  SULLANA,N,TRAMITE,IGAFOM + REINFO,true,true,false,false,false,,INGEMMET - Catastro Minero (zona 17S)
COVA CONTRATISTAS GENERALES S.A.C.,PERFIL_1_formalizacion,1,300.0,PIURA,SULLANA,N,TRAMITE,IGAFOM + REINFO,true,true,false,false,false,,INGEMMET - Catastro Minero (zona 17S)
IMPORTACIONES QURI PERU S.A.C,PERFIL_1_formalizacion,1,200.0,PIURA,SECHURA,N,TRAMITE,IGAFOM + REINFO,true,true,false,false,false,,INGEMMET - Catastro Minero (zona 17S)
PERU METALS JIN S.A.C.,PERFIL_1_formalizacion,1,100.0,PIURA,AYABACA,M,TRAMITE,IGAFOM + REINFO,true,true,false,false,false,,INGEMMET - Catastro Minero (zona 17S)
NEGOCIOS Y SERVICIOS GENERALES MARIAN ANGELINE E.I.R.L.,PERFIL_1_formalizacion,1,200.0,PIURA,SULLANA,N,TRAMITE,IGAFOM + REINFO,true,true,false,false,false,,INGEMMET - Catastro Minero (zona 17S)
EMPRESA MINERA IRRSSA S.A.C.,PERFIL_1_formalizacion,1,200.0,PIURA,AYABACA,M,TRAMITE,IGAFOM + REINFO,true,true,false,false,false,,INGEMMET - Catastro Minero (zona 17S)
ROBAGO NEGOCIACIONES METALURGICAS EMPRESA INDIVIDUAL DE RESP,PERFIL_1_formalizacion,1,300.0,PIURA,AYABACA,M,TRAMITE,IGAFOM + REINFO,true,true,false,false,false,,INGEMMET - Catastro Minero (zona 17S)
CORPORACION HT HNOS SAC,PERFIL_1_formalizacion,1,200.0,PIURA,PAITA,N,TRAMITE,IGAFOM + REINFO,true,true,false,false,false,,INGEMMET - Catastro Minero (zona 17S)
INMOBILIARIA BONAVENTURA E.I.R.L.,PERFIL_1_formalizacion,1,200.0,PIURA,AYABACA,M,TRAMITE,IGAFOM + REINFO,true,true,false,false,false,,INGEMMET - Catastro Minero (zona 17S)
CORPORACION EL FRONTERIZO S.A.C.,PERFIL_1_formalizacion,1,938.6,PIURA,AYABACA /  FUERA DEL PERU,M,TRAMITE,IGAFOM + REINFO,true,true,false,false,false,,INGEMMET - Catastro Minero (zona 17S)
MINERALES HAMON E.I.R.L.,PERFIL_1_formalizacion,1,1000.0,PIURA /  TUMBES,CONTRALMIRANTE VILLAR /  TALARA,N,TRAMITE,IGAFOM + REINFO,true,true,false,false,false,,INGEMMET - Catastro Minero (zona 17S)
CIA MINERA SORAYA E.I.R.L.,PERFIL_2_cumplimiento,23,201.3,CAJAMARCA,HUALGAYOC,M,TITULADO,DIA/PAMA + DAC/ESTAMIN + Seguridad,false,false,true,true,false,,INGEMMET - Catastro Minero (zona 17S)
COMPAÑIA MINERA LOS MANTOS S.A.,PERFIL_2_cumplimiento,17,235.3,CAJAMARCA,HUALGAYOC,M,TITULADO,DIA/PAMA + DAC/ESTAMIN + Seguridad,false,false,true,true,false,,INGEMMET - Catastro Minero (zona 17S)
COMPAÑIA MINERA LAS CAMELIAS S.A.,PERFIL_2_cumplimiento,12,1147.8,CAJAMARCA; CAJAMARCA /  LA LIBERTAD,ASCOPE /  CONTUMAZA; CAJAMARCA; CONTUMAZA; SAN MARCOS,N,TITULADO,DIA/PAMA + DAC/ESTAMIN + Seguridad,false,false,true,true,false,,INGEMMET - Catastro Minero (zona 17S)
COMPAÑIA MINERA COLQUIRRUMI S.A.,PERFIL_2_cumplimiento,10,248.7,CAJAMARCA,HUALGAYOC,M,TITULADO,DIA/PAMA + DAC/ESTAMIN + Seguridad,false,false,true,true,false,,INGEMMET - Catastro Minero (zona 17S)
GOLD FIELDS PARACAS S.A.C.,PERFIL_2_cumplimiento,9,216.6,CAJAMARCA,HUALGAYOC,M,TITULADO,DIA/PAMA + DAC/ESTAMIN + Seguridad,false,false,true,true,false,,INGEMMET - Catastro Minero (zona 17S)
S.M.R.L. CERRO MOCHO S.R.L.,PERFIL_2_cumplimiento,9,1800.0,PIURA,PAITA; SULLANA; SULLANA /  TALARA,N,TITULADO,DIA/PAMA + DAC/ESTAMIN + Seguridad,false,false,true,true,false,,INGEMMET - Catastro Minero (zona 17S)
S.M.R.L. BENAVIDES Nº1 DE CAJAMARCA,PERFIL_2_cumplimiento,8,261.8,CAJAMARCA,HUALGAYOC,M,TITULADO,DIA/PAMA + DAC/ESTAMIN + Seguridad,false,false,true,true,false,,INGEMMET - Catastro Minero (zona 17S)
MINERIA & CONSTRUCCION CONSTMIN S.A.C.,PERFIL_2_cumplimiento,6,2000.0,ANCASH,CASMA; HUARMEY,N,TITULADO,DIA/PAMA + DAC/ESTAMIN + Seguridad,false,false,true,true,false,,INGEMMET - Catastro Minero (zona 17S)
GOLDEN IDEAL GOLD MINING SAC,PERFIL_2_cumplimiento,6,1600.0,ANCASH; CAJAMARCA; PIURA,HUARMEY; SAN PABLO; SECHURA; TALARA,M,TITULADO,DIA/PAMA + DAC/ESTAMIN + Seguridad,false,false,true,true,false,,INGEMMET - Catastro Minero (zona 17S)
POLIMETALICOS CHIMBOTE SOCIEDAD ANONIMA CERRADA,PERFIL_2_cumplimiento,6,737.8,ANCASH,SANTA,M,OTROS; TITULADO,DIA/PAMA + DAC/ESTAMIN + Seguridad,false,false,true,true,false,,INGEMMET - Catastro Minero (zona 17S)
CONSTRUCTORA ESTRELLA DE BELEM S.A.,PERFIL_2_cumplimiento,6,1100.0,PIURA,PIURA; PIURA /  SULLANA; SULLANA,N,TITULADO,DIA/PAMA + DAC/ESTAMIN + Seguridad,false,false,true,true,false,,INGEMMET - Catastro Minero (zona 17S)
NEGOCIOS GENERALES Y SERVICIOS JERUSALEM E.I.R.L.,PERFIL_2_cumplimiento,6,1400.0,PIURA,PAITA /  SULLANA; SULLANA /  TALARA,N,TITULADO,DIA/PAMA + DAC/ESTAMIN + Seguridad,false,false,true,true,false,,INGEMMET - Catastro Minero (zona 17S)
SERVICIOS GENERALES GRAFI PERU S.A.C.,PERFIL_2_cumplimiento,5,1200.0,ANCASH,HUARMEY,M,TITULADO,DIA/PAMA + DAC/ESTAMIN + Seguridad,false,false,true,true,false,,INGEMMET - Catastro Minero (zona 17S)
S.M.R.L. DORADO,PERFIL_2_cumplimiento,5,18.0,CAJAMARCA,HUALGAYOC,M,TITULADO,DIA/PAMA + DAC/ESTAMIN + Seguridad,false,false,true,true,false,,INGEMMET - Catastro Minero (zona 17S)
V DE V & ASOCIADOS S.A.C.,PERFIL_2_cumplimiento,5,1000.0,CAJAMARCA,JAEN /  SAN IGNACIO; SAN IGNACIO,M,EXTINGUIDO; TITULADO,DIA/PAMA + DAC/ESTAMIN + Seguridad,false,false,true,true,false,,INGEMMET - Catastro Minero (zona 17S)
S.M.R.L. LOS NEGROS Y SANTO CRISTO DE CAJAMARCA,PERFIL_2_cumplimiento,5,44.0,CAJAMARCA,HUALGAYOC,M,TITULADO,DIA/PAMA + DAC/ESTAMIN + Seguridad,false,false,true,true,false,,INGEMMET - Catastro Minero (zona 17S)
ROYAL GOLD PERU S.A.C,PERFIL_2_cumplimiento,5,1505.1,PIURA,PIURA; PIURA /  SULLANA,M,OTROS; TITULADO,DIA/PAMA + DAC/ESTAMIN + Seguridad,false,false,true,true,false,,INGEMMET - Catastro Minero (zona 17S)
SENSEI MINERALES S.R.L.,PERFIL_2_cumplimiento,5,1619.7,PIURA,HUANCABAMBA,M; N,TITULADO,DIA/PAMA + DAC/ESTAMIN + Seguridad,false,false,true,true,false,,INGEMMET - Catastro Minero (zona 17S)
ASTROS INGENIEROS S.R.LTDA.,PERFIL_2_cumplimiento,5,508.3,PIURA,PAITA,N,OTROS; TITULADO,DIA/PAMA + DAC/ESTAMIN + Seguridad,false,false,true,true,false,,INGEMMET - Catastro Minero (zona 17S)
COMPAÑIA CENTENIAL S.A.,PERFIL_2_cumplimiento,4,1199.9,ANCASH; CAJAMARCA,CASMA; SAN MIGUEL,N,TITULADO,DIA/PAMA + DAC/ESTAMIN + Seguridad,false,false,true,true,false,,INGEMMET - Catastro Minero (zona 17S)
ORION MINING COMERCIALIZATION SAC-ORMINCO S.A.C.,PERFIL_2_cumplimiento,4,1953.4,ANCASH,CASMA /  SANTA; CASMA /  SANTA /  YUNGAY; SANTA,M,OTROS; TITULADO,DIA/PAMA + DAC/ESTAMIN + Seguridad,false,false,true,true,false,,INGEMMET - Catastro Minero (zona 17S)
S.M.R.L. PERLA NEGRA III,PERFIL_2_cumplimiento,4,1300.0,ANCASH; ANCASH /  LA LIBERTAD,CORONGO; PALLASCA; PALLASCA /  SANTIAGO DE CHUCO,N,TITULADO,DIA/PAMA + DAC/ESTAMIN + Seguridad,false,false,true,true,false,,INGEMMET - Catastro Minero (zona 17S)
CORPORACION MINERA ASHUNISA SAC,PERFIL_2_cumplimiento,4,1000.0,ANCASH; PIURA,AYABACA; SANTA,M,TITULADO,DIA/PAMA + DAC/ESTAMIN + Seguridad,false,false,true,true,false,,INGEMMET - Catastro Minero (zona 17S)
COBRE AZTECA S.A.C.,PERFIL_2_cumplimiento,4,700.0,ANCASH,SANTA,M,TITULADO,DIA/PAMA + DAC/ESTAMIN + Seguridad,false,false,true,true,false,,INGEMMET - Catastro Minero (zona 17S)
COMPAÑIA MINERA PLUTON S.A.C.,PERFIL_2_cumplimiento,4,1300.0,ANCASH,SANTA,M,TITULADO,DIA/PAMA + DAC/ESTAMIN + Seguridad,false,false,true,true,false,,INGEMMET - Catastro Minero (zona 17S)
COMPAÑIA MINERA POSHAN S.A.C. Y OTROS,PERFIL_2_cumplimiento,4,2000.0,CAJAMARCA,CONTUMAZA,M,TITULADO,DIA/PAMA + DAC/ESTAMIN + Seguridad,false,false,true,true,false,,INGEMMET - Catastro Minero (zona 17S)
MINERA PEPE LUCHO S.A.C.,PERFIL_2_cumplimiento,4,829.8,CAJAMARCA,CELENDIN,M,TITULADO,DIA/PAMA + DAC/ESTAMIN + Seguridad,false,false,true,true,false,,INGEMMET - Catastro Minero (zona 17S)
NEGOCIACION MINERA EMILIO MONTOYA ZAMBRANO S.A.,PERFIL_2_cumplimiento,4,16.0,CAJAMARCA,HUALGAYOC,M; N,OTROS; TITULADO,DIA/PAMA + DAC/ESTAMIN + Seguridad,false,false,true,true,false,,INGEMMET - Catastro Minero (zona 17S)
LA RESURRECCION E.I.R.L.,PERFIL_2_cumplimiento,4,900.0,CAJAMARCA,CHOTA /  HUALGAYOC; HUALGAYOC,N,TITULADO,DIA/PAMA + DAC/ESTAMIN + Seguridad,false,false,true,true,false,,INGEMMET - Catastro Minero (zona 17S)
S.M.R.L. FRATERNIDAD DE CAJAMARCA,PERFIL_2_cumplimiento,4,14.5,CAJAMARCA,HUALGAYOC,M,TITULADO,DIA/PAMA + DAC/ESTAMIN + Seguridad,false,false,true,true,false,,INGEMMET - Catastro Minero (zona 17S)
ARPE CALEROS S.R.L.,PERFIL_2_cumplimiento,4,500.0,CAJAMARCA,CAJAMARCA; CELENDIN; HUALGAYOC,M; N,TITULADO,DIA/PAMA + DAC/ESTAMIN + Seguridad,false,false,true,true,false,,INGEMMET - Catastro Minero (zona 17S)
ANDISA DEL PERU S.A.C.,PERFIL_2_cumplimiento,4,600.0,CAJAMARCA,CAJAMARCA,N,TITULADO,DIA/PAMA + DAC/ESTAMIN + Seguridad,false,false,true,true,false,,INGEMMET - Catastro Minero (zona 17S)
FOSYEIKI S.A.C.,PERFIL_2_cumplimiento,4,800.0,PIURA,SECHURA,N,TITULADO,DIA/PAMA + DAC/ESTAMIN + Seguridad,false,false,true,true,false,,INGEMMET - Catastro Minero (zona 17S)
S.M.R.L. GIBSON I,PERFIL_2_cumplimiento,4,509.9,PIURA,AYABACA,M,TITULADO,DIA/PAMA + DAC/ESTAMIN + Seguridad,false,false,true,true,false,,INGEMMET - Catastro Minero (zona 17S)
CONSTRUCTORA PIRAMIDE E.I.R.L.,PERFIL_2_cumplimiento,4,1400.0,PIURA,AYABACA; PIURA,M,TITULADO,DIA/PAMA + DAC/ESTAMIN + Seguridad,false,false,true,true,false,,INGEMMET - Catastro Minero (zona 17S)
ONIX DEL NORTE S.A.C.,PERFIL_2_cumplimiento,4,2000.0,PIURA,AYABACA; AYABACA /  SULLANA,M,TITULADO,DIA/PAMA + DAC/ESTAMIN + Seguridad,false,false,true,true,false,,INGEMMET - Catastro Minero (zona 17S)
INVERSIONES MINERAS DE LOS ANDES S.A.C.,PERFIL_2_cumplimiento,3,211.8,ANCASH,CASMA,M,OTROS; TITULADO,DIA/PAMA + DAC/ESTAMIN + Seguridad,false,false,true,true,false,,INGEMMET - Catastro Minero (zona 17S)
EMPRESA SIDERURGICA DEL PERU S.A.A.,PERFIL_2_cumplimiento,3,654.1,ANCASH,CASMA,N,TITULADO,DIA/PAMA + DAC/ESTAMIN + Seguridad,false,false,true,true,false,,INGEMMET - Catastro Minero (zona 17S)
INVERSIONES MINERAS C & D S.A.C.,PERFIL_2_cumplimiento,3,900.0,ANCASH,CASMA; HUARMEY,M,TITULADO,DIA/PAMA + DAC/ESTAMIN + Seguridad,false,false,true,true,false,,INGEMMET - Catastro Minero (zona 17S)
SOMINBOR S.A.,PERFIL_2_cumplimiento,3,460.8,ANCASH,CASMA,N,TITULADO,DIA/PAMA + DAC/ESTAMIN + Seguridad,false,false,true,true,false,,INGEMMET - Catastro Minero (zona 17S)
MINERA FERRO CARBON S.A.C.,PERFIL_2_cumplimiento,3,367.0,ANCASH,CORONGO; CORONGO /  SANTA,M,TITULADO,DIA/PAMA + DAC/ESTAMIN + Seguridad,false,false,true,true,false,,INGEMMET - Catastro Minero (zona 17S)
MINING COAL CORPORATION S.A.C.,PERFIL_2_cumplimiento,3,1700.0,ANCASH,HUARMEY; PALLASCA,M; N,TITULADO,DIA/PAMA + DAC/ESTAMIN + Seguridad,false,false,true,true,false,,INGEMMET - Catastro Minero (zona 17S)
GRUPO VANFNOR S.A.C,PERFIL_2_cumplimiento,3,300.0,ANCASH,HUARMEY,N,TITULADO,DIA/PAMA + DAC/ESTAMIN + Seguridad,false,false,true,true,false,,INGEMMET - Catastro Minero (zona 17S)
COMPAÑIA MINERA AURIFERA AVENTURA 77 S.A.,PERFIL_2_cumplimiento,3,1042.2,ANCASH,PALLASCA,M,TITULADO,DIA/PAMA + DAC/ESTAMIN + Seguridad,false,false,true,true,false,,INGEMMET - Catastro Minero (zona 17S)
HATUM MINAS S.A.C.,PERFIL_2_cumplimiento,3,1400.0,ANCASH,SANTA,M,TITULADO,DIA/PAMA + DAC/ESTAMIN + Seguridad,false,false,true,true,false,,INGEMMET - Catastro Minero (zona 17S)
MC INVESTMENTS PERU S.A.C.,PERFIL_2_cumplimiento,3,1000.0,CAJAMARCA,CAJAMARCA /  CELENDIN; CELENDIN,M,TITULADO,DIA/PAMA + DAC/ESTAMIN + Seguridad,false,false,true,true,false,,INGEMMET - Catastro Minero (zona 17S)
EMPRESA MINERA EL PROGRESO S.R.L.,PERFIL_2_cumplimiento,3,400.0,CAJAMARCA,HUALGAYOC,N,TITULADO,DIA/PAMA + DAC/ESTAMIN + Seguridad,false,false,true,true,false,,INGEMMET - Catastro Minero (zona 17S)
S.M.R.L. MOROCHA DE CAJAMARCA,PERFIL_2_cumplimiento,3,12.0,CAJAMARCA,HUALGAYOC,M,TITULADO,DIA/PAMA + DAC/ESTAMIN + Seguridad,false,false,true,true,false,,INGEMMET - Catastro Minero (zona 17S)
COMPAÑIA MINERA EL FERROL S.A.C.,PERFIL_2_cumplimiento,3,397.4,CAJAMARCA,CAJAMARCA,N,TITULADO,DIA/PAMA + DAC/ESTAMIN + Seguridad,false,false,true,true,false,,INGEMMET - Catastro Minero (zona 17S)
SOCIEDAD MINERA W.V. CORDILLERA SEKAI S.R.L.,PERFIL_2_cumplimiento,3,700.0,CAJAMARCA,CAJAMARCA,N,TITULADO,DIA/PAMA + DAC/ESTAMIN + Seguridad,false,false,true,true,false,,INGEMMET - Catastro Minero (zona 17S)
SERVICIOS Y OPERACIONES EL ROSEDAL S.A.,PERFIL_2_cumplimiento,3,1000.0,CAJAMARCA,SAN MIGUEL,M,TITULADO,DIA/PAMA + DAC/ESTAMIN + Seguridad,false,false,true,true,false,,INGEMMET - Catastro Minero (zona 17S)
HNS CONSORCIO S.R.L.,PERFIL_2_cumplimiento,3,1500.0,CAJAMARCA,CAJABAMBA,M,TITULADO,DIA/PAMA + DAC/ESTAMIN + Seguridad,false,false,true,true,false,,INGEMMET - Catastro Minero (zona 17S)
GEOANDINA EXPLORACIONES S.A.C.,PERFIL_2_cumplimiento,3,1900.0,CAJAMARCA; CAJAMARCA /  LA LIBERTAD,CAJABAMBA; CAJABAMBA /  GRAN CHIMU /  OTUZCO; CAJABAMBA /  OTUZCO,M,TITULADO,DIA/PAMA + DAC/ESTAMIN + Seguridad,false,false,true,true,false,,INGEMMET - Catastro Minero (zona 17S)
S.M.R.L. CRISTAL 2,PERFIL_2_cumplimiento,3,1200.0,CAJAMARCA,SANTA CRUZ,M,TITULADO,DIA/PAMA + DAC/ESTAMIN + Seguridad,false,false,true,true,false,,INGEMMET - Catastro Minero (zona 17S)
CARRISALILLO 2012 S.R.L.,PERFIL_2_cumplimiento,3,1900.0,PIURA,PIURA,M,TITULADO,DIA/PAMA + DAC/ESTAMIN + Seguridad,false,false,true,true,false,,INGEMMET - Catastro Minero (zona 17S)
PALO SANTO PERU S.R.L.,PERFIL_2_cumplimiento,3,2000.0,PIURA,MORROPON /  PIURA; PIURA,M,TITULADO,DIA/PAMA + DAC/ESTAMIN + Seguridad,false,false,true,true,false,,INGEMMET - Catastro Minero (zona 17S)
WARBO GOLD WJS S.A.C.,PERFIL_2_cumplimiento,3,1400.0,PIURA,AYABACA,M,TITULADO,DIA/PAMA + DAC/ESTAMIN + Seguridad,false,false,true,true,false,,INGEMMET - Catastro Minero (zona 17S)
SOCIEDAD TERRA DEL INCA S.A.C.,PERFIL_2_cumplimiento,3,700.0,PIURA,MAR /  PAITA; PAITA /  SECHURA,N,TITULADO,DIA/PAMA + DAC/ESTAMIN + Seguridad,false,false,true,true,false,,INGEMMET - Catastro Minero (zona 17S)
SERVICIOS LOGISTICOS INTEGRALES DEL NORTE SOCIEDAD COMERCIAL,PERFIL_2_cumplimiento,3,300.0,PIURA,SULLANA,M,TITULADO,DIA/PAMA + DAC/ESTAMIN + Seguridad,false,false,true,true,false,,INGEMMET - Catastro Minero (zona 17S)
CRREMIN INGENIEROS E INSTALACIONES S.A.,PERFIL_2_cumplimiento,2,400.0,ANCASH,CASMA,M; N,TITULADO,DIA/PAMA + DAC/ESTAMIN + Seguridad,false,false,true,true,false,,INGEMMET - Catastro Minero (zona 17S)
EXPLORACIONES GREAT PROJECT S.A.C.,PERFIL_2_cumplimiento,2,500.0,ANCASH; PIURA,AYABACA; CASMA,M,TITULADO,DIA/PAMA + DAC/ESTAMIN + Seguridad,false,false,true,true,false,,INGEMMET - Catastro Minero (zona 17S)
S.M.R.L. CERRO BLANCO 2019,PERFIL_2_cumplimiento,2,300.0,ANCASH,CASMA,M,TITULADO,DIA/PAMA + DAC/ESTAMIN + Seguridad,false,false,true,true,false,,INGEMMET - Catastro Minero (zona 17S)
S.M.R.L. JAZMIN JHESLYN I,PERFIL_2_cumplimiento,2,200.0,ANCASH,CASMA,M; N,TITULADO,DIA/PAMA + DAC/ESTAMIN + Seguridad,false,false,true,true,false,,INGEMMET - Catastro Minero (zona 17S)
NOOSFERA CONSULTORES SOCIEDAD ANONIMA CERRADA,PERFIL_2_cumplimiento,2,2000.0,ANCASH,CASMA,M,TITULADO,DIA/PAMA + DAC/ESTAMIN + Seguridad,false,false,true,true,false,,INGEMMET - Catastro Minero (zona 17S)
MAVERICK TECH SOCIEDAD ANONIMA CERRADA,PERFIL_2_cumplimiento,2,900.0,ANCASH,CASMA,M,TITULADO,DIA/PAMA + DAC/ESTAMIN + Seguridad,false,false,true,true,false,,INGEMMET - Catastro Minero (zona 17S)
COMPAÑIA MINERA CARAVELI S.A.C.,PERFIL_2_cumplimiento,2,1199.9,ANCASH; CAJAMARCA,CASMA; SANTA CRUZ,M,TITULADO,DIA/PAMA + DAC/ESTAMIN + Seguridad,false,false,true,true,false,,INGEMMET - Catastro Minero (zona 17S)
JOMAH SHEL ZAHAB E.I.R.L.,PERFIL_2_cumplimiento,2,600.0,ANCASH,CASMA; HUARMEY,M,TITULADO,DIA/PAMA + DAC/ESTAMIN + Seguridad,false,false,true,true,false,,INGEMMET - Catastro Minero (zona 17S)
H.M. INTERNACIONAL E.I.R.L.,PERFIL_2_cumplimiento,2,400.0,ANCASH,CASMA /  MAR,M,TITULADO,DIA/PAMA + DAC/ESTAMIN + Seguridad,false,false,true,true,false,,INGEMMET - Catastro Minero (zona 17S)
CORPORACION MINERA DEL SANTA S.A.C.,PERFIL_2_cumplimiento,2,1002.9,ANCASH,CORONGO /  SANTA,N,TITULADO,DIA/PAMA + DAC/ESTAMIN + Seguridad,false,false,true,true,false,,INGEMMET - Catastro Minero (zona 17S)
INVERSIONES ROSA UNO S.A.C.,PERFIL_2_cumplimiento,2,700.0,ANCASH,HUARMEY,M; N,TITULADO,DIA/PAMA + DAC/ESTAMIN + Seguridad,false,false,true,true,false,,INGEMMET - Catastro Minero (zona 17S)
CIA MINERA TUCHICA E.I.R.L.,PERFIL_2_cumplimiento,2,400.0,ANCASH,HUARMEY; SANTA,M,TITULADO,DIA/PAMA + DAC/ESTAMIN + Seguridad,false,false,true,true,false,,INGEMMET - Catastro Minero (zona 17S)
S.M.R.L. BARTOLO 08,PERFIL_2_cumplimiento,2,200.0,ANCASH,HUARMEY,M,TITULADO,DIA/PAMA + DAC/ESTAMIN + Seguridad,false,false,true,true,false,,INGEMMET - Catastro Minero (zona 17S)
T & V CONSTRUCTORES Y PROVEEDORES S.A.C.,PERFIL_2_cumplimiento,2,600.0,ANCASH,HUARMEY,M,TITULADO,DIA/PAMA + DAC/ESTAMIN + Seguridad,false,false,true,true,false,,INGEMMET - Catastro Minero (zona 17S)
ECO BIRRAK S.A.C.,PERFIL_2_cumplimiento,2,900.0,ANCASH,HUARMEY /  MAR,M,TITULADO,DIA/PAMA + DAC/ESTAMIN + Seguridad,false,false,true,true,false,,INGEMMET - Catastro Minero (zona 17S)
MINERA SAN TEOFILO DE ANTIOQUIA E.I.R.L.,PERFIL_2_cumplimiento,2,1300.0,ANCASH,HUARMEY /  MAR,M,EXTINGUIDO; TITULADO,DIA/PAMA + DAC/ESTAMIN + Seguridad,false,false,true,true,false,,INGEMMET - Catastro Minero (zona 17S)
COMPAÑIA MINERA CAMINANTE S.A.C,PERFIL_2_cumplimiento,2,1568.3,ANCASH,PALLASCA,N,TITULADO,DIA/PAMA + DAC/ESTAMIN + Seguridad,false,false,true,true,false,,INGEMMET - Catastro Minero (zona 17S)
COLIBRI COPPER S.A.C.,PERFIL_2_cumplimiento,2,47.1,ANCASH,PALLASCA,M,TITULADO,DIA/PAMA + DAC/ESTAMIN + Seguridad,false,false,true,true,false,,INGEMMET - Catastro Minero (zona 17S)
AGROFRUTAS DEL NORTE S.A.C.,PERFIL_2_cumplimiento,2,200.0,ANCASH; CAJAMARCA,CONTUMAZA; PALLASCA,M,TITULADO,DIA/PAMA + DAC/ESTAMIN + Seguridad,false,false,true,true,false,,INGEMMET - Catastro Minero (zona 17S)
EXPLOMAX GOLD S.A.,PERFIL_2_cumplimiento,2,200.0,ANCASH,SANTA,N,TITULADO,DIA/PAMA + DAC/ESTAMIN + Seguridad,false,false,true,true,false,,INGEMMET - Catastro Minero (zona 17S)
MAGELLAN GOLD PERU S.A.C.,PERFIL_2_cumplimiento,2,1200.0,ANCASH,SANTA,M,TITULADO,DIA/PAMA + DAC/ESTAMIN + Seguridad,false,false,true,true,false,,INGEMMET - Catastro Minero (zona 17S)
S.M.R.L. MI FLACA,PERFIL_2_cumplimiento,2,1400.0,ANCASH,SANTA,M,TITULADO,DIA/PAMA + DAC/ESTAMIN + Seguridad,false,false,true,true,false,,INGEMMET - Catastro Minero (zona 17S)
TRIPLE R - CONSTRUCTORA Y SERVICIOS GENERALES E.I.R.L.,PERFIL_2_cumplimiento,2,200.0,ANCASH,SANTA,N,TITULADO,DIA/PAMA + DAC/ESTAMIN + Seguridad,false,false,true,true,false,,INGEMMET - Catastro Minero (zona 17S)
EXPLORACIONES SAN CRISTOBAL S.A.C.,PERFIL_2_cumplimiento,2,300.0,ANCASH; PIURA,AYABACA; SANTA,M,TITULADO,DIA/PAMA + DAC/ESTAMIN + Seguridad,false,false,true,true,false,,INGEMMET - Catastro Minero (zona 17S)
CONDOR EXPLORATION PERU S.A.C.,PERFIL_2_cumplimiento,2,200.0,ANCASH,SANTA,M,TITULADO,DIA/PAMA + DAC/ESTAMIN + Seguridad,false,false,true,true,false,,INGEMMET - Catastro Minero (zona 17S)
S.M.R.L. EL BOSQUE TRES,PERFIL_2_cumplimiento,2,400.0,ANCASH,SANTA,M,TITULADO,DIA/PAMA + DAC/ESTAMIN + Seguridad,false,false,true,true,false,,INGEMMET - Catastro Minero (zona 17S)
ALBA TRADE S.A.C.,PERFIL_2_cumplimiento,2,2000.0,ANCASH,SANTA,M,TITULADO,DIA/PAMA + DAC/ESTAMIN + Seguridad,false,false,true,true,false,,INGEMMET - Catastro Minero (zona 17S)
S.M.R.L. CANTERA B&S,PERFIL_2_cumplimiento,2,400.0,ANCASH,SANTA,N,TITULADO,DIA/PAMA + DAC/ESTAMIN + Seguridad,false,false,true,true,false,,INGEMMET - Catastro Minero (zona 17S)
S.M.R.L. TELMO II,PERFIL_2_cumplimiento,2,300.0,ANCASH,SANTA,M,TITULADO,DIA/PAMA + DAC/ESTAMIN + Seguridad,false,false,true,true,false,,INGEMMET - Catastro Minero (zona 17S)
MINERA APPLETON S.A.C.,PERFIL_2_cumplimiento,2,1500.0,ANCASH,SANTA,M,TITULADO,DIA/PAMA + DAC/ESTAMIN + Seguridad,false,false,true,true,false,,INGEMMET - Catastro Minero (zona 17S)
MINERA TITAN DEL PERU S.R.L.,PERFIL_2_cumplimiento,2,500.0,ANCASH,SANTA,M,TITULADO,DIA/PAMA + DAC/ESTAMIN + Seguridad,false,false,true,true,false,,INGEMMET - Catastro Minero (zona 17S)
MINERA OQUENDO S.R.L.,PERFIL_2_cumplimiento,2,900.0,ANCASH,SANTA,M,TITULADO,DIA/PAMA + DAC/ESTAMIN + Seguridad,false,false,true,true,false,,INGEMMET - Catastro Minero (zona 17S)
MINERA SAMI S.A.C.,PERFIL_2_cumplimiento,2,200.0,ANCASH,SANTA,M,TITULADO,DIA/PAMA + DAC/ESTAMIN + Seguridad,false,false,true,true,false,,INGEMMET - Catastro Minero (zona 17S)
S.M.R.L. LOS GALACTICOS,PERFIL_2_cumplimiento,2,900.0,ANCASH,SANTA,M,TITULADO,DIA/PAMA + DAC/ESTAMIN + Seguridad,false,false,true,true,false,,INGEMMET - Catastro Minero (zona 17S)
CONSTRUCTORA & MINERA NORTH PERU S.A.C.,PERFIL_2_cumplimiento,2,300.0,ANCASH,SANTA,M,TITULADO,DIA/PAMA + DAC/ESTAMIN + Seguridad,false,false,true,true,false,,INGEMMET - Catastro Minero (zona 17S)
S.M.R.L. JPF 1111-NEPEÑA,PERFIL_2_cumplimiento,2,1000.0,ANCASH,SANTA,M,TITULADO,DIA/PAMA + DAC/ESTAMIN + Seguridad,false,false,true,true,false,,INGEMMET - Catastro Minero (zona 17S)
MINERIA Y METALURGIA S.A.,PERFIL_2_cumplimiento,2,134.8,ANCASH /  LA LIBERTAD,PALLASCA /  SANTIAGO DE CHUCO,M,EXTINGUIDO; TITULADO,DIA/PAMA + DAC/ESTAMIN + Seguridad,false,false,true,true,false,,INGEMMET - Catastro Minero (zona 17S)
INGENIERIA DIAZ & INNOVACIONES INTEGRADOS S.A.C.,PERFIL_2_cumplimiento,2,200.0,CAJAMARCA,CAJAMARCA,M,TITULADO,DIA/PAMA + DAC/ESTAMIN + Seguridad,false,false,true,true,false,,INGEMMET - Catastro Minero (zona 17S)
NCH EXPLORATION S.A.C.,PERFIL_2_cumplimiento,2,1200.0,CAJAMARCA,SANTA CRUZ,M,TITULADO,DIA/PAMA + DAC/ESTAMIN + Seguridad,false,false,true,true,false,,INGEMMET - Catastro Minero (zona 17S)
SOCIEDAD MINERA GHANDARVA S.R.L.,PERFIL_2_cumplimiento,2,88.0,CAJAMARCA,CELENDIN,M,TITULADO,DIA/PAMA + DAC/ESTAMIN + Seguridad,false,false,true,true,false,,INGEMMET - Catastro Minero (zona 17S)
MINERIA NO METALICA UNION NUEVA S.A.C. Y OTROS,PERFIL_2_cumplimiento,2,125.0,CAJAMARCA,HUALGAYOC,M; N,TITULADO,DIA/PAMA + DAC/ESTAMIN + Seguridad,false,false,true,true,false,,INGEMMET - Catastro Minero (zona 17S)
S.M.R.L. EL IMAN,PERFIL_2_cumplimiento,2,8.0,CAJAMARCA,HUALGAYOC,M,TITULADO,DIA/PAMA + DAC/ESTAMIN + Seguridad,false,false,true,true,false,,INGEMMET - Catastro Minero (zona 17S)
MULTISERVICIOS Y TRANSPORTES JUAN JOSE S.R.L.,PERFIL_2_cumplimiento,2,200.0,CAJAMARCA,CHOTA /  HUALGAYOC; HUALGAYOC,N,TITULADO,DIA/PAMA + DAC/ESTAMIN + Seguridad,false,false,true,true,false,,INGEMMET - Catastro Minero (zona 17S)
CORPORACION PEÑA NEGRA S.R.L.,PERFIL_2_cumplimiento,2,200.0,CAJAMARCA,CELENDIN,M,TITULADO,DIA/PAMA + DAC/ESTAMIN + Seguridad,false,false,true,true,false,,INGEMMET - Catastro Minero (zona 17S)
FALCON EXPLORACIONES S.A.C.,PERFIL_2_cumplimiento,2,400.0,CAJAMARCA; CAJAMARCA /  LAMBAYEQUE,FERREÑAFE /  JAEN; JAEN,M,TITULADO,DIA/PAMA + DAC/ESTAMIN + Seguridad,false,false,true,true,false,,INGEMMET - Catastro Minero (zona 17S)
S.M.R.L. SANTA ANA 2,PERFIL_2_cumplimiento,2,800.0,CAJAMARCA,CONTUMAZA,M; N,TITULADO,DIA/PAMA + DAC/ESTAMIN + Seguridad,false,false,true,true,false,,INGEMMET - Catastro Minero (zona 17S)
INVERSIONES Y SERVICIOS GENERALES PENCASPAMPA SOCIEDAD COMER,PERFIL_2_cumplimiento,2,200.0,CAJAMARCA,CHOTA; HUALGAYOC,M; N,TITULADO,DIA/PAMA + DAC/ESTAMIN + Seguridad,false,false,true,true,false,,INGEMMET - Catastro Minero (zona 17S)
S.M.R.L. NOVA JJ DE PIURA,PERFIL_2_cumplimiento,2,1983.1,CAJAMARCA,SAN IGNACIO,M,TITULADO,DIA/PAMA + DAC/ESTAMIN + Seguridad,false,false,true,true,false,,INGEMMET - Catastro Minero (zona 17S)
CALERA EL ZASAL E.I.R.L.,PERFIL_2_cumplimiento,2,57.1,CAJAMARCA,HUALGAYOC,N,TITULADO,DIA/PAMA + DAC/ESTAMIN + Seguridad,false,false,true,true,false,,INGEMMET - Catastro Minero (zona 17S)
COMPAÑIA MINERA SAN NICOLAS S.A.,PERFIL_2_cumplimiento,2,26.0,CAJAMARCA,HUALGAYOC,M,OTROS; TITULADO,DIA/PAMA + DAC/ESTAMIN + Seguridad,false,false,true,true,false,,INGEMMET - Catastro Minero (zona 17S)
S.M.R.L. CAPRICORNIO,PERFIL_2_cumplimiento,2,5.6,CAJAMARCA,HUALGAYOC,M,TITULADO,DIA/PAMA + DAC/ESTAMIN + Seguridad,false,false,true,true,false,,INGEMMET - Catastro Minero (zona 17S)
GOLDEN WOLF MINERALS S.A.C.,PERFIL_2_cumplimiento,2,1000.0,CAJAMARCA,SAN MARCOS,M; N,TITULADO,DIA/PAMA + DAC/ESTAMIN + Seguridad,false,false,true,true,false,,INGEMMET - Catastro Minero (zona 17S)
MINERIA & TRANSPORTE LJ S.A.C.,PERFIL_2_cumplimiento,2,300.0,CAJAMARCA,CHOTA,M,TITULADO,DIA/PAMA + DAC/ESTAMIN + Seguridad,false,false,true,true,false,,INGEMMET - Catastro Minero (zona 17S)
S.M.R.L. CERRO VANGUARDIA IV,PERFIL_2_cumplimiento,2,400.0,CAJAMARCA,CONTUMAZA /  SAN MIGUEL,M,TITULADO,DIA/PAMA + DAC/ESTAMIN + Seguridad,false,false,true,true,false,,INGEMMET - Catastro Minero (zona 17S)
COMPAÑIA MINERA LOS TOLMOS S.A.,PERFIL_2_cumplimiento,2,1600.0,CAJAMARCA,CAJAMARCA,M,TITULADO,DIA/PAMA + DAC/ESTAMIN + Seguridad,false,false,true,true,false,,INGEMMET - Catastro Minero (zona 17S)
S.M.R.L. ARIETE,PERFIL_2_cumplimiento,2,300.0,CAJAMARCA,SAN IGNACIO,M,TITULADO,DIA/PAMA + DAC/ESTAMIN + Seguridad,false,false,true,true,false,,INGEMMET - Catastro Minero (zona 17S)
SERVICIOS GENERALES DELROJ E.I.R.L.,PERFIL_2_cumplimiento,2,600.0,CAJAMARCA,CHOTA /  CUTERVO,M,TITULADO,DIA/PAMA + DAC/ESTAMIN + Seguridad,false,false,true,true,false,,INGEMMET - Catastro Minero (zona 17S)
OXICAL SERBER S.R.L.,PERFIL_2_cumplimiento,2,149.8,CAJAMARCA,CHOTA /  HUALGAYOC; HUALGAYOC,M; N,TITULADO,DIA/PAMA + DAC/ESTAMIN + Seguridad,false,false,true,true,false,,INGEMMET - Catastro Minero (zona 17S)
S.M.R.L. SAN BENITO VII 2024,PERFIL_2_cumplimiento,2,1200.0,CAJAMARCA,CONTUMAZA,N,TITULADO,DIA/PAMA + DAC/ESTAMIN + Seguridad,false,false,true,true,false,,INGEMMET - Catastro Minero (zona 17S)
S.M.R.L. REINA DE SAN IGNACIO,PERFIL_2_cumplimiento,2,200.0,CAJAMARCA,SAN IGNACIO,M,TITULADO,DIA/PAMA + DAC/ESTAMIN + Seguridad,false,false,true,true,false,,INGEMMET - Catastro Minero (zona 17S)
CORPACE INGENIERIA Y SERVICIOS GENERALES SRL,PERFIL_2_cumplimiento,2,600.0,CAJAMARCA,CONTUMAZA,M,TITULADO,DIA/PAMA + DAC/ESTAMIN + Seguridad,false,false,true,true,false,,INGEMMET - Catastro Minero (zona 17S)
S.M.R.L. MAMA VICKY II,PERFIL_2_cumplimiento,2,1200.0,CAJAMARCA /  LA LIBERTAD,ASCOPE /  CONTUMAZA,M,TITULADO,DIA/PAMA + DAC/ESTAMIN + Seguridad,false,false,true,true,false,,INGEMMET - Catastro Minero (zona 17S)
CARBONIFERA SEÑOR DE LA MISERICORDIA E.I.R.L,PERFIL_2_cumplimiento,2,200.0,CAJAMARCA /  LA LIBERTAD,CAJABAMBA /  SANCHEZ CARRION,M,TITULADO,DIA/PAMA + DAC/ESTAMIN + Seguridad,false,false,true,true,false,,INGEMMET - Catastro Minero (zona 17S)
BLACK HILL COMPANY S.A.C.,PERFIL_2_cumplimiento,2,1200.0,CAJAMARCA /  LA LIBERTAD,CAJAMARCA /  GRAN CHIMU,N,TITULADO,DIA/PAMA + DAC/ESTAMIN + Seguridad,false,false,true,true,false,,INGEMMET - Catastro Minero (zona 17S)
ASA S.A.C.,PERFIL_2_cumplimiento,2,400.0,PIURA,SECHURA,N,TITULADO,DIA/PAMA + DAC/ESTAMIN + Seguridad,false,false,true,true,false,,INGEMMET - Catastro Minero (zona 17S)
MORAN TRANSPORTE Y MONTAJE S.A.C.,PERFIL_2_cumplimiento,2,200.0,PIURA,TALARA,N,TITULADO,DIA/PAMA + DAC/ESTAMIN + Seguridad,false,false,true,true,false,,INGEMMET - Catastro Minero (zona 17S)
COMPAÑIA MINERA LOS ANDES DEL CENTRO S.R.L.,PERFIL_2_cumplimiento,2,800.0,PIURA,AYABACA,M,TITULADO,DIA/PAMA + DAC/ESTAMIN + Seguridad,false,false,true,true,false,,INGEMMET - Catastro Minero (zona 17S)
S.M.R.L. CASA DE PIEDRA IV,PERFIL_2_cumplimiento,2,600.0,PIURA,SULLANA,N,TITULADO,DIA/PAMA + DAC/ESTAMIN + Seguridad,false,false,true,true,false,,INGEMMET - Catastro Minero (zona 17S)
S.M.R.L. GIULIANITA,PERFIL_2_cumplimiento,2,400.0,PIURA,AYABACA,M,TITULADO,DIA/PAMA + DAC/ESTAMIN + Seguridad,false,false,true,true,false,,INGEMMET - Catastro Minero (zona 17S)
CORPORACION PERUANA DEL ACERO S.A.C.,PERFIL_2_cumplimiento,2,900.0,PIURA,PAITA; PIURA /  SULLANA,M,TITULADO,DIA/PAMA + DAC/ESTAMIN + Seguridad,false,false,true,true,false,,INGEMMET - Catastro Minero (zona 17S)
SOLUCIONES EMPRESARIALES ROA S.A.C.,PERFIL_2_cumplimiento,2,200.0,PIURA,SULLANA,N,TITULADO,DIA/PAMA + DAC/ESTAMIN + Seguridad,false,false,true,true,false,,INGEMMET - Catastro Minero (zona 17S)
EXTRAKTION GROUP SAC.,PERFIL_2_cumplimiento,2,400.0,PIURA,PIURA,M,TITULADO,DIA/PAMA + DAC/ESTAMIN + Seguridad,false,false,true,true,false,,INGEMMET - Catastro Minero (zona 17S)
AGREGADOS SAINT THOMAS S.A.C.,PERFIL_2_cumplimiento,2,300.0,PIURA,PAITA /  SULLANA; TALARA,N,TITULADO,DIA/PAMA + DAC/ESTAMIN + Seguridad,false,false,true,true,false,,INGEMMET - Catastro Minero (zona 17S)
TRANSPORTES ROA S.R.L.,PERFIL_2_cumplimiento,2,200.0,PIURA,SULLANA,N,TITULADO,DIA/PAMA + DAC/ESTAMIN + Seguridad,false,false,true,true,false,,INGEMMET - Catastro Minero (zona 17S)
S.M.R.L. ESCORPION - I,PERFIL_2_cumplimiento,2,600.0,PIURA,TALARA,N,TITULADO,DIA/PAMA + DAC/ESTAMIN + Seguridad,false,false,true,true,false,,INGEMMET - Catastro Minero (zona 17S)
CORPORACION SALINERA PARACAS S.A.C.,PERFIL_2_cumplimiento,2,600.0,PIURA,SECHURA,N,TITULADO,DIA/PAMA + DAC/ESTAMIN + Seguridad,false,false,true,true,false,,INGEMMET - Catastro Minero (zona 17S)
MINERA WAR WAR S.A.C.,PERFIL_2_cumplimiento,2,400.0,PIURA,AYABACA,M,TITULADO,DIA/PAMA + DAC/ESTAMIN + Seguridad,false,false,true,true,false,,INGEMMET - Catastro Minero (zona 17S)
AMERICAS POTASH PERU S.A.,PERFIL_2_cumplimiento,2,400.0,PIURA,SECHURA,N,TITULADO,DIA/PAMA + DAC/ESTAMIN + Seguridad,false,false,true,true,false,,INGEMMET - Catastro Minero (zona 17S)
S.M.R.L. FILONES DORADOS,PERFIL_2_cumplimiento,2,740.7,PIURA,AYABACA /  FUERA DEL PERU; AYABACA /  SULLANA,M,TITULADO,DIA/PAMA + DAC/ESTAMIN + Seguridad,false,false,true,true,false,,INGEMMET - Catastro Minero (zona 17S)
MINERA LAS LOMAS DORADAS S.A.C.,PERFIL_2_cumplimiento,2,205.3,PIURA,AYABACA; PIURA,M,OTROS; TITULADO,DIA/PAMA + DAC/ESTAMIN + Seguridad,false,false,true,true,false,,INGEMMET - Catastro Minero (zona 17S)
J & L INVERSIONES S.A.C.,PERFIL_2_cumplimiento,2,1400.0,PIURA,AYABACA; SECHURA,M; N,TITULADO,DIA/PAMA + DAC/ESTAMIN + Seguridad,false,false,true,true,false,,INGEMMET - Catastro Minero (zona 17S)
VIFEAL CONTRATISTAS GENERALES SOCIEDAD ANONIMA CERRADA,PERFIL_2_cumplimiento,2,200.0,PIURA,PIURA /  SULLANA; SULLANA,M; N,TITULADO,DIA/PAMA + DAC/ESTAMIN + Seguridad,false,false,true,true,false,,INGEMMET - Catastro Minero (zona 17S)
S.M.R.L. HIERRO FERRUGINOSO I,PERFIL_2_cumplimiento,2,1600.0,PIURA,PIURA,M,TITULADO,DIA/PAMA + DAC/ESTAMIN + Seguridad,false,false,true,true,false,,INGEMMET - Catastro Minero (zona 17S)
S.M.R.L. CHAVAL I,PERFIL_2_cumplimiento,1,600.0,ANCASH,CASMA,M,TITULADO,DIA/PAMA + DAC/ESTAMIN + Seguridad,false,false,true,true,false,,INGEMMET - Catastro Minero (zona 17S)
S.M.R.L. XIMENITA DE CASMA IV,PERFIL_2_cumplimiento,1,300.0,ANCASH,CASMA,M,TITULADO,DIA/PAMA + DAC/ESTAMIN + Seguridad,false,false,true,true,false,,INGEMMET - Catastro Minero (zona 17S)
COMPAÑIA MINERA PEDREGAL S.A.,PERFIL_2_cumplimiento,1,50.0,ANCASH,CASMA,N,TITULADO,DIA/PAMA + DAC/ESTAMIN + Seguridad,false,false,true,true,false,,INGEMMET - Catastro Minero (zona 17S)
S.M.R.L. SANTA FE I CAROLINA,PERFIL_2_cumplimiento,1,100.0,ANCASH,CASMA,M,TITULADO,DIA/PAMA + DAC/ESTAMIN + Seguridad,false,false,true,true,false,,INGEMMET - Catastro Minero (zona 17S)
AC MIXER SOCIEDAD ANONIMA - AC MIXER S.A.,PERFIL_2_cumplimiento,1,200.0,ANCASH,CASMA,M,TITULADO,DIA/PAMA + DAC/ESTAMIN + Seguridad,false,false,true,true,false,,INGEMMET - Catastro Minero (zona 17S)
COMPAÑIA MINERA KORIWAYTA S.A.C,PERFIL_2_cumplimiento,1,200.0,ANCASH,CASMA,M,TITULADO,DIA/PAMA + DAC/ESTAMIN + Seguridad,false,false,true,true,false,,INGEMMET - Catastro Minero (zona 17S)
GRUPO EMPRESARIAL MINERO CHIMBOTE SAC,PERFIL_2_cumplimiento,1,200.0,ANCASH,CASMA,M,TITULADO,DIA/PAMA + DAC/ESTAMIN + Seguridad,false,false,true,true,false,,INGEMMET - Catastro Minero (zona 17S)
INGENIERIA Y MEDIO AMBIENTE DEL PACIFICO S.A.C.,PERFIL_2_cumplimiento,1,41.1,ANCASH,CASMA,M,TITULADO,DIA/PAMA + DAC/ESTAMIN + Seguridad,false,false,true,true,false,,INGEMMET - Catastro Minero (zona 17S)
S.M.R.L. LA ESTRELLA DE BELEN JF,PERFIL_2_cumplimiento,1,100.0,ANCASH,CASMA,N,TITULADO,DIA/PAMA + DAC/ESTAMIN + Seguridad,false,false,true,true,false,,INGEMMET - Catastro Minero (zona 17S)
MARMOLES Y GRANITOS S.A.,PERFIL_2_cumplimiento,1,9.2,ANCASH,CASMA,N,TITULADO,DIA/PAMA + DAC/ESTAMIN + Seguridad,false,false,true,true,false,,INGEMMET - Catastro Minero (zona 17S)
PURE GOLD S.A.C,PERFIL_2_cumplimiento,1,400.0,ANCASH,CASMA,M,TITULADO,DIA/PAMA + DAC/ESTAMIN + Seguridad,false,false,true,true,false,,INGEMMET - Catastro Minero (zona 17S)
S.M.R.L. ESLITH Y ASHLY,PERFIL_2_cumplimiento,1,100.0,ANCASH,CASMA,N,TITULADO,DIA/PAMA + DAC/ESTAMIN + Seguridad,false,false,true,true,false,,INGEMMET - Catastro Minero (zona 17S)
EXPLORACIONES BELLA UNION S.A.C.,PERFIL_2_cumplimiento,1,100.0,ANCASH,CASMA,M,TITULADO,DIA/PAMA + DAC/ESTAMIN + Seguridad,false,false,true,true,false,,INGEMMET - Catastro Minero (zona 17S)
INGENIERIA SISMORRESISTENTE E.I.R.L.,PERFIL_2_cumplimiento,1,100.0,ANCASH,CASMA,N,TITULADO,DIA/PAMA + DAC/ESTAMIN + Seguridad,false,false,true,true,false,,INGEMMET - Catastro Minero (zona 17S)
S.M.R.L. MILAGROS BELEN,PERFIL_2_cumplimiento,1,200.0,ANCASH,CASMA,M,TITULADO,DIA/PAMA + DAC/ESTAMIN + Seguridad,false,false,true,true,false,,INGEMMET - Catastro Minero (zona 17S)
GOLDEN LIGHT S.A.C.,PERFIL_2_cumplimiento,1,300.0,ANCASH,CASMA,M,TITULADO,DIA/PAMA + DAC/ESTAMIN + Seguridad,false,false,true,true,false,,INGEMMET - Catastro Minero (zona 17S)
CIMAS MINERALS S.A.C.,PERFIL_2_cumplimiento,1,200.0,ANCASH,CASMA,M,TITULADO,DIA/PAMA + DAC/ESTAMIN + Seguridad,false,false,true,true,false,,INGEMMET - Catastro Minero (zona 17S)
S.M.R.L. PARAISO MINERO JJ,PERFIL_2_cumplimiento,1,100.0,ANCASH,CASMA,M,TITULADO,DIA/PAMA + DAC/ESTAMIN + Seguridad,false,false,true,true,false,,INGEMMET - Catastro Minero (zona 17S)
ORANGE SAND S.A.C.,PERFIL_2_cumplimiento,1,400.0,ANCASH,CASMA,M,TITULADO,DIA/PAMA + DAC/ESTAMIN + Seguridad,false,false,true,true,false,,INGEMMET - Catastro Minero (zona 17S)
CONSTRUCTORA Y SERVICIOS GENERALES OQ E.I.R.L.,PERFIL_2_cumplimiento,1,100.0,ANCASH,CASMA,M,TITULADO,DIA/PAMA + DAC/ESTAMIN + Seguridad,false,false,true,true,false,,INGEMMET - Catastro Minero (zona 17S)
S.M.R.L. ESPERANZA 2024 III,PERFIL_2_cumplimiento,1,100.0,ANCASH,CASMA,M,TITULADO,DIA/PAMA + DAC/ESTAMIN + Seguridad,false,false,true,true,false,,INGEMMET - Catastro Minero (zona 17S)
CORPORATION TOLEDO S.A.C.,PERFIL_2_cumplimiento,1,1000.0,ANCASH,CASMA /  MAR,M,TITULADO,DIA/PAMA + DAC/ESTAMIN + Seguridad,false,false,true,true,false,,INGEMMET - Catastro Minero (zona 17S)
S.M.R.L. ESTELER NORTH,PERFIL_2_cumplimiento,1,300.0,ANCASH,CASMA /  SANTA,M,TITULADO,DIA/PAMA + DAC/ESTAMIN + Seguridad,false,false,true,true,false,,INGEMMET - Catastro Minero (zona 17S)
MINERED S.A.C.,PERFIL_2_cumplimiento,1,300.0,ANCASH,CASMA /  YUNGAY,M,TITULADO,DIA/PAMA + DAC/ESTAMIN + Seguridad,false,false,true,true,false,,INGEMMET - Catastro Minero (zona 17S)
FORTUNE MINING S.A.C.,PERFIL_2_cumplimiento,1,1000.0,ANCASH,CASMA /  YUNGAY,M,TITULADO,DIA/PAMA + DAC/ESTAMIN + Seguridad,false,false,true,true,false,,INGEMMET - Catastro Minero (zona 17S)
S.M.R.L. INMACULADA H-10,PERFIL_2_cumplimiento,1,400.0,ANCASH,CORONGO,N,TITULADO,DIA/PAMA + DAC/ESTAMIN + Seguridad,false,false,true,true,false,,INGEMMET - Catastro Minero (zona 17S)
S.M.R.L. MILKA,PERFIL_2_cumplimiento,1,100.0,ANCASH,CORONGO,N,TITULADO,DIA/PAMA + DAC/ESTAMIN + Seguridad,false,false,true,true,false,,INGEMMET - Catastro Minero (zona 17S)
WKD TRADING S.A.C.,PERFIL_2_cumplimiento,1,100.0,ANCASH,CORONGO,M,TITULADO,DIA/PAMA + DAC/ESTAMIN + Seguridad,false,false,true,true,false,,INGEMMET - Catastro Minero (zona 17S)
S.M.R.L. CRISTY III,PERFIL_2_cumplimiento,1,200.0,ANCASH,CORONGO,M,TITULADO,DIA/PAMA + DAC/ESTAMIN + Seguridad,false,false,true,true,false,,INGEMMET - Catastro Minero (zona 17S)
S.M.R.L. PERLA NEGRA XI,PERFIL_2_cumplimiento,1,400.0,ANCASH,CORONGO,N,TITULADO,DIA/PAMA + DAC/ESTAMIN + Seguridad,false,false,true,true,false,,INGEMMET - Catastro Minero (zona 17S)
DIFESMIN INGENIERIA Y CONSTRUCCION S.A.C.,PERFIL_2_cumplimiento,1,1000.0,ANCASH,CORONGO /  PALLASCA,M,TITULADO,DIA/PAMA + DAC/ESTAMIN + Seguridad,false,false,true,true,false,,INGEMMET - Catastro Minero (zona 17S)
CONSTRUCTORA Y MINERA NAMOLE SAC,PERFIL_2_cumplimiento,1,100.0,ANCASH,CORONGO /  SANTA,M,TITULADO,DIA/PAMA + DAC/ESTAMIN + Seguridad,false,false,true,true,false,,INGEMMET - Catastro Minero (zona 17S)
IMG EXPORTACIONES S.A.C.,PERFIL_2_cumplimiento,1,200.0,ANCASH,HUARMEY,N,TITULADO,DIA/PAMA + DAC/ESTAMIN + Seguridad,false,false,true,true,false,,INGEMMET - Catastro Minero (zona 17S)
S.M.R.L. RIO VERDE XXI,PERFIL_2_cumplimiento,1,500.0,ANCASH,HUARMEY,M,TITULADO,DIA/PAMA + DAC/ESTAMIN + Seguridad,false,false,true,true,false,,INGEMMET - Catastro Minero (zona 17S)
SERVICIOS GENERALES PATRICIO OBREGON E.I.R.L,PERFIL_2_cumplimiento,1,200.0,ANCASH,HUARMEY,N,TITULADO,DIA/PAMA + DAC/ESTAMIN + Seguridad,false,false,true,true,false,,INGEMMET - Catastro Minero (zona 17S)
S.M.R.L. QUIYAN 2023 I,PERFIL_2_cumplimiento,1,100.0,ANCASH,HUARMEY,M,TITULADO,DIA/PAMA + DAC/ESTAMIN + Seguridad,false,false,true,true,false,,INGEMMET - Catastro Minero (zona 17S)
S.M.R.L. MINERALS CORPORATION LUED,PERFIL_2_cumplimiento,1,100.0,ANCASH,HUARMEY,M,TITULADO,DIA/PAMA + DAC/ESTAMIN + Seguridad,false,false,true,true,false,,INGEMMET - Catastro Minero (zona 17S)
S.M.R.L. CANTERA SOL DE HUARMEY,PERFIL_2_cumplimiento,1,400.0,ANCASH,HUARMEY,N,TITULADO,DIA/PAMA + DAC/ESTAMIN + Seguridad,false,false,true,true,false,,INGEMMET - Catastro Minero (zona 17S)
MINERA ÑAUSACOCHA S.A.C.,PERFIL_2_cumplimiento,1,400.0,ANCASH,HUARMEY,M,TITULADO,DIA/PAMA + DAC/ESTAMIN + Seguridad,false,false,true,true,false,,INGEMMET - Catastro Minero (zona 17S)
SERVICIOS GENERALES BELPORT E.I.R.L.,PERFIL_2_cumplimiento,1,200.0,ANCASH,HUARMEY,N,TITULADO,DIA/PAMA + DAC/ESTAMIN + Seguridad,false,false,true,true,false,,INGEMMET - Catastro Minero (zona 17S)
FRASSER S.A.C.,PERFIL_2_cumplimiento,1,100.0,ANCASH,HUARMEY,N,TITULADO,DIA/PAMA + DAC/ESTAMIN + Seguridad,false,false,true,true,false,,INGEMMET - Catastro Minero (zona 17S)
COMPAÑIA MINERA APC S.A.,PERFIL_2_cumplimiento,1,200.0,ANCASH,HUARMEY,N,TITULADO,DIA/PAMA + DAC/ESTAMIN + Seguridad,false,false,true,true,false,,INGEMMET - Catastro Minero (zona 17S)
S.M.R.L. RIO VERDE XX,PERFIL_2_cumplimiento,1,400.0,ANCASH,HUARMEY,M,TITULADO,DIA/PAMA + DAC/ESTAMIN + Seguridad,false,false,true,true,false,,INGEMMET - Catastro Minero (zona 17S)
MINERA LOMAS DE CASMA E.I.R.L,PERFIL_2_cumplimiento,1,100.0,ANCASH,HUARMEY,M,TITULADO,DIA/PAMA + DAC/ESTAMIN + Seguridad,false,false,true,true,false,,INGEMMET - Catastro Minero (zona 17S)
S.M.R.L. PRONTO LLEGARA EL DIA DE MI SUERTE,PERFIL_2_cumplimiento,1,100.0,ANCASH,HUARMEY,M,TITULADO,DIA/PAMA + DAC/ESTAMIN + Seguridad,false,false,true,true,false,,INGEMMET - Catastro Minero (zona 17S)
FORESTAL MONTEVERDE S.A.C.,PERFIL_2_cumplimiento,1,200.0,ANCASH,HUARMEY,M,TITULADO,DIA/PAMA + DAC/ESTAMIN + Seguridad,false,false,true,true,false,,INGEMMET - Catastro Minero (zona 17S)
"IMPORTACIONES, CONCESIONES & CONSTRUCCIONES BELPORT E.I.R.L.",PERFIL_2_cumplimiento,1,100.0,ANCASH,HUARMEY,N,TITULADO,DIA/PAMA + DAC/ESTAMIN + Seguridad,false,false,true,true,false,,INGEMMET - Catastro Minero (zona 17S)
S.M.R.L. MENA KAIZEN II,PERFIL_2_cumplimiento,1,300.0,ANCASH,HUARMEY /  MAR,N,TITULADO,DIA/PAMA + DAC/ESTAMIN + Seguridad,false,false,true,true,false,,INGEMMET - Catastro Minero (zona 17S)
S.M.R.L. EL MERO DE TUQUILLO BEACH,PERFIL_2_cumplimiento,1,400.0,ANCASH,HUARMEY /  MAR,M,TITULADO,DIA/PAMA + DAC/ESTAMIN + Seguridad,false,false,true,true,false,,INGEMMET - Catastro Minero (zona 17S)
COMPAÑIA MINERA MONTE CARMELO S.A.C.,PERFIL_2_cumplimiento,1,500.0,ANCASH,HUARMEY /  MAR,M,TITULADO,DIA/PAMA + DAC/ESTAMIN + Seguridad,false,false,true,true,false,,INGEMMET - Catastro Minero (zona 17S)
COMPAÑIA MINERA CONTINENTAL S.A.C.,PERFIL_2_cumplimiento,1,100.0,ANCASH,HUAYLAS,M,TITULADO,DIA/PAMA + DAC/ESTAMIN + Seguridad,false,false,true,true,false,,INGEMMET - Catastro Minero (zona 17S)
UNDERSOL S.A.C.,PERFIL_2_cumplimiento,1,1000.0,ANCASH,HUAYLAS /  SANTA,M,TITULADO,DIA/PAMA + DAC/ESTAMIN + Seguridad,false,false,true,true,false,,INGEMMET - Catastro Minero (zona 17S)
S.M.R.L. LAS SALINAS DE ENSUEÑO,PERFIL_2_cumplimiento,1,200.0,ANCASH,MAR /  SANTA,N,TITULADO,DIA/PAMA + DAC/ESTAMIN + Seguridad,false,false,true,true,false,,INGEMMET - Catastro Minero (zona 17S)
S.M.R.L. AMIRA I,PERFIL_2_cumplimiento,1,100.0,ANCASH,MAR /  SANTA,N,TITULADO,DIA/PAMA + DAC/ESTAMIN + Seguridad,false,false,true,true,false,,INGEMMET - Catastro Minero (zona 17S)
S.M.R.L. BAHIA BLANCA 2022,PERFIL_2_cumplimiento,1,300.0,ANCASH,MAR /  SANTA,N,TITULADO,DIA/PAMA + DAC/ESTAMIN + Seguridad,false,false,true,true,false,,INGEMMET - Catastro Minero (zona 17S)
MINERALES JYM E.I.R.L,PERFIL_2_cumplimiento,1,200.0,ANCASH,PALLASCA,M,TITULADO,DIA/PAMA + DAC/ESTAMIN + Seguridad,false,false,true,true,false,,INGEMMET - Catastro Minero (zona 17S)
FORTALEZA MINING PERU S.A.C.,PERFIL_2_cumplimiento,1,100.0,ANCASH,PALLASCA,M,TITULADO,DIA/PAMA + DAC/ESTAMIN + Seguridad,false,false,true,true,false,,INGEMMET - Catastro Minero (zona 17S)
S.M.R.L. LULÚ,PERFIL_2_cumplimiento,1,100.0,ANCASH,PALLASCA,N,TITULADO,DIA/PAMA + DAC/ESTAMIN + Seguridad,false,false,true,true,false,,INGEMMET - Catastro Minero (zona 17S)
S.M.R.L. CRISTO REY R DE REYES,PERFIL_2_cumplimiento,1,200.0,ANCASH,PALLASCA,M,TITULADO,DIA/PAMA + DAC/ESTAMIN + Seguridad,false,false,true,true,false,,INGEMMET - Catastro Minero (zona 17S)
S.M.R.L. LOS TIEMPOS DE DIOS SON PERFECTOS 3,PERFIL_2_cumplimiento,1,200.0,ANCASH,PALLASCA,N,TITULADO,DIA/PAMA + DAC/ESTAMIN + Seguridad,false,false,true,true,false,,INGEMMET - Catastro Minero (zona 17S)
S.M.R.L. EL PODEROSO 2023,PERFIL_2_cumplimiento,1,100.0,ANCASH,PALLASCA,M,TITULADO,DIA/PAMA + DAC/ESTAMIN + Seguridad,false,false,true,true,false,,INGEMMET - Catastro Minero (zona 17S)
S.M.R.L. MINERA MARTHITA 777,PERFIL_2_cumplimiento,1,300.0,ANCASH,PALLASCA,N,TITULADO,DIA/PAMA + DAC/ESTAMIN + Seguridad,false,false,true,true,false,,INGEMMET - Catastro Minero (zona 17S)
MINERA DEL NORTE PERUANO E.I.R.L.,PERFIL_2_cumplimiento,1,400.0,ANCASH,PALLASCA,N,TITULADO,DIA/PAMA + DAC/ESTAMIN + Seguridad,false,false,true,true,false,,INGEMMET - Catastro Minero (zona 17S)
S.M.R.L. AMELIE,PERFIL_2_cumplimiento,1,100.0,ANCASH,PALLASCA,N,TITULADO,DIA/PAMA + DAC/ESTAMIN + Seguridad,false,false,true,true,false,,INGEMMET - Catastro Minero (zona 17S)
CONTRATISTAS GENERALES VELVAL SAC,PERFIL_2_cumplimiento,1,100.0,ANCASH,PALLASCA,N,TITULADO,DIA/PAMA + DAC/ESTAMIN + Seguridad,false,false,true,true,false,,INGEMMET - Catastro Minero (zona 17S)
S.M.R.L. CRISTO REY R DE R,PERFIL_2_cumplimiento,1,200.0,ANCASH,PALLASCA,N,TITULADO,DIA/PAMA + DAC/ESTAMIN + Seguridad,false,false,true,true,false,,INGEMMET - Catastro Minero (zona 17S)
MINERIA Y METALURGIA S.A.C.,PERFIL_2_cumplimiento,1,225.2,ANCASH,PALLASCA,M,TITULADO,DIA/PAMA + DAC/ESTAMIN + Seguridad,false,false,true,true,false,,INGEMMET - Catastro Minero (zona 17S)
S.M.R.L. MINERA HALLY,PERFIL_2_cumplimiento,1,100.0,ANCASH,PALLASCA,N,TITULADO,DIA/PAMA + DAC/ESTAMIN + Seguridad,false,false,true,true,false,,INGEMMET - Catastro Minero (zona 17S)
REPRESENTACIONES Y SERVICIOS NUEVO MUNDO S.A.C.,PERFIL_2_cumplimiento,1,100.0,ANCASH,PALLASCA,N,TITULADO,DIA/PAMA + DAC/ESTAMIN + Seguridad,false,false,true,true,false,,INGEMMET - Catastro Minero (zona 17S)
BAREX BUSINESS S.A.C,PERFIL_2_cumplimiento,1,100.0,ANCASH,PALLASCA,N,TITULADO,DIA/PAMA + DAC/ESTAMIN + Seguridad,false,false,true,true,false,,INGEMMET - Catastro Minero (zona 17S)
S.M.R.L. CRISTO REY R DE R 1,PERFIL_2_cumplimiento,1,200.0,ANCASH,PALLASCA,N,TITULADO,DIA/PAMA + DAC/ESTAMIN + Seguridad,false,false,true,true,false,,INGEMMET - Catastro Minero (zona 17S)
S.M.R.L. XIMENA-23,PERFIL_2_cumplimiento,1,200.0,ANCASH,PALLASCA,N,TITULADO,DIA/PAMA + DAC/ESTAMIN + Seguridad,false,false,true,true,false,,INGEMMET - Catastro Minero (zona 17S)
S.M.R.L. VALENTINO H3,PERFIL_2_cumplimiento,1,100.0,ANCASH,PALLASCA,M,TITULADO,DIA/PAMA + DAC/ESTAMIN + Seguridad,false,false,true,true,false,,INGEMMET - Catastro Minero (zona 17S)
S.M.R.L. VIRGEN DE LAS MERCEDES DOS,PERFIL_2_cumplimiento,1,200.0,ANCASH,PALLASCA,M,TITULADO,DIA/PAMA + DAC/ESTAMIN + Seguridad,false,false,true,true,false,,INGEMMET - Catastro Minero (zona 17S)
S.M.R.L. MEDALLITA I,PERFIL_2_cumplimiento,1,200.0,ANCASH,PALLASCA,M,TITULADO,DIA/PAMA + DAC/ESTAMIN + Seguridad,false,false,true,true,false,,INGEMMET - Catastro Minero (zona 17S)
S.M.R.L. BASTA - BASTA -2,PERFIL_2_cumplimiento,1,1000.0,ANCASH,PALLASCA,N,TITULADO,DIA/PAMA + DAC/ESTAMIN + Seguridad,false,false,true,true,false,,INGEMMET - Catastro Minero (zona 17S)
S.M.R.L. RIO LLACTABAMBA,PERFIL_2_cumplimiento,1,200.0,ANCASH,PALLASCA,N,TITULADO,DIA/PAMA + DAC/ESTAMIN + Seguridad,false,false,true,true,false,,INGEMMET - Catastro Minero (zona 17S)
S.M.R.L. PERLA NEGRA XVI,PERFIL_2_cumplimiento,1,100.0,ANCASH,PALLASCA,N,TITULADO,DIA/PAMA + DAC/ESTAMIN + Seguridad,false,false,true,true,false,,INGEMMET - Catastro Minero (zona 17S)
MINERA UNA S.A.,PERFIL_2_cumplimiento,1,100.0,ANCASH,PALLASCA,N,TITULADO,DIA/PAMA + DAC/ESTAMIN + Seguridad,false,false,true,true,false,,INGEMMET - Catastro Minero (zona 17S)
S.M.R.L. MINA LINDA,PERFIL_2_cumplimiento,1,100.0,ANCASH,PALLASCA,M,TITULADO,DIA/PAMA + DAC/ESTAMIN + Seguridad,false,false,true,true,false,,INGEMMET - Catastro Minero (zona 17S)
S.M.R.L. PERLA NEGRA 2021,PERFIL_2_cumplimiento,1,300.0,ANCASH,PALLASCA,N,TITULADO,DIA/PAMA + DAC/ESTAMIN + Seguridad,false,false,true,true,false,,INGEMMET - Catastro Minero (zona 17S)
CARBONIFERA E INVERSIONES MULTIPLES R&R S.A.C.,PERFIL_2_cumplimiento,1,500.0,ANCASH,PALLASCA,M,TITULADO,DIA/PAMA + DAC/ESTAMIN + Seguridad,false,false,true,true,false,,INGEMMET - Catastro Minero (zona 17S)
S.M.R.L. EL PODEROSO 2021,PERFIL_2_cumplimiento,1,200.0,ANCASH,PALLASCA,M,TITULADO,DIA/PAMA + DAC/ESTAMIN + Seguridad,false,false,true,true,false,,INGEMMET - Catastro Minero (zona 17S)
S.M.R.L. LOS TIEMPOS DE DIOS SON PERFECTOS1,PERFIL_2_cumplimiento,1,100.0,ANCASH,PALLASCA,N,TITULADO,DIA/PAMA + DAC/ESTAMIN + Seguridad,false,false,true,true,false,,INGEMMET - Catastro Minero (zona 17S)
S.M.R.L. MINA LOS REYES I,PERFIL_2_cumplimiento,1,200.0,ANCASH,PALLASCA,N,TITULADO,DIA/PAMA + DAC/ESTAMIN + Seguridad,false,false,true,true,false,,INGEMMET - Catastro Minero (zona 17S)
S.M.R.L. VALENTINO HUGO,PERFIL_2_cumplimiento,1,200.0,ANCASH,PALLASCA,N,TITULADO,DIA/PAMA + DAC/ESTAMIN + Seguridad,false,false,true,true,false,,INGEMMET - Catastro Minero (zona 17S)
ALTA MONTAÑA COALCORP SAC,PERFIL_2_cumplimiento,1,100.0,ANCASH,PALLASCA,N,TITULADO,DIA/PAMA + DAC/ESTAMIN + Seguridad,false,false,true,true,false,,INGEMMET - Catastro Minero (zona 17S)
S.M.R.L. EL PODEROSO 2024,PERFIL_2_cumplimiento,1,100.0,ANCASH,PALLASCA,M,TITULADO,DIA/PAMA + DAC/ESTAMIN + Seguridad,false,false,true,true,false,,INGEMMET - Catastro Minero (zona 17S)
INVERSIONES VALGAR EIRL,PERFIL_2_cumplimiento,1,200.0,ANCASH,PALLASCA,M,TITULADO,DIA/PAMA + DAC/ESTAMIN + Seguridad,false,false,true,true,false,,INGEMMET - Catastro Minero (zona 17S)
INVERSIONES LIEBE MARITA E.I.R.L.,PERFIL_2_cumplimiento,1,300.0,ANCASH,PALLASCA,M,TITULADO,DIA/PAMA + DAC/ESTAMIN + Seguridad,false,false,true,true,false,,INGEMMET - Catastro Minero (zona 17S)
S.M.R.L. LLUQUE,PERFIL_2_cumplimiento,1,100.0,ANCASH,PALLASCA,M,TITULADO,DIA/PAMA + DAC/ESTAMIN + Seguridad,false,false,true,true,false,,INGEMMET - Catastro Minero (zona 17S)
S.M.R.L. WINIBEL,PERFIL_2_cumplimiento,1,400.0,ANCASH,SANTA,M,TITULADO,DIA/PAMA + DAC/ESTAMIN + Seguridad,false,false,true,true,false,,INGEMMET - Catastro Minero (zona 17S)
S.M.R.L. MI GORDITA,PERFIL_2_cumplimiento,1,300.0,ANCASH,SANTA,M,TITULADO,DIA/PAMA + DAC/ESTAMIN + Seguridad,false,false,true,true,false,,INGEMMET - Catastro Minero (zona 17S)
S.M.R.L. MONTECRISTO2024,PERFIL_2_cumplimiento,1,200.0,ANCASH,SANTA,M,TITULADO,DIA/PAMA + DAC/ESTAMIN + Seguridad,false,false,true,true,false,,INGEMMET - Catastro Minero (zona 17S)
INVERSIONES GENERALES WL EIRL,PERFIL_2_cumplimiento,1,500.0,ANCASH,SANTA,M,TITULADO,DIA/PAMA + DAC/ESTAMIN + Seguridad,false,false,true,true,false,,INGEMMET - Catastro Minero (zona 17S)
COMPAÑIA MINERA DONMAYO S.A.C.,PERFIL_2_cumplimiento,1,1000.0,ANCASH,SANTA,M,TITULADO,DIA/PAMA + DAC/ESTAMIN + Seguridad,false,false,true,true,false,,INGEMMET - Catastro Minero (zona 17S)
S.M.R.L. LADY LU,PERFIL_2_cumplimiento,1,500.0,ANCASH,SANTA,M,TITULADO,DIA/PAMA + DAC/ESTAMIN + Seguridad,false,false,true,true,false,,INGEMMET - Catastro Minero (zona 17S)
VICTORIA SILVIA ELIZABETH CRISTHIAN E.I.R.L. - VISELIC E.I.R,PERFIL_2_cumplimiento,1,400.0,ANCASH,SANTA,M,TITULADO,DIA/PAMA + DAC/ESTAMIN + Seguridad,false,false,true,true,false,,INGEMMET - Catastro Minero (zona 17S)
INVERSIONES MAVEGRA E.I.R.L.,PERFIL_2_cumplimiento,1,300.0,ANCASH,SANTA,M,TITULADO,DIA/PAMA + DAC/ESTAMIN + Seguridad,false,false,true,true,false,,INGEMMET - Catastro Minero (zona 17S)
"ASESORIA, INVERSIONES Y SERVICIOS NCF EIRL",PERFIL_2_cumplimiento,1,100.0,ANCASH,SANTA,N,TITULADO,DIA/PAMA + DAC/ESTAMIN + Seguridad,false,false,true,true,false,,INGEMMET - Catastro Minero (zona 17S)
COMPAÑIA MINERA KALLPAMINA S.A.C,PERFIL_2_cumplimiento,1,500.0,ANCASH,SANTA,M,TITULADO,DIA/PAMA + DAC/ESTAMIN + Seguridad,false,false,true,true,false,,INGEMMET - Catastro Minero (zona 17S)
GRUPO EMPRESARIAL MINERO M.S. S.A.C.,PERFIL_2_cumplimiento,1,100.0,ANCASH,SANTA,M,TITULADO,DIA/PAMA + DAC/ESTAMIN + Seguridad,false,false,true,true,false,,INGEMMET - Catastro Minero (zona 17S)
S.M.R.L. J&L,PERFIL_2_cumplimiento,1,100.0,ANCASH,SANTA,M,TITULADO,DIA/PAMA + DAC/ESTAMIN + Seguridad,false,false,true,true,false,,INGEMMET - Catastro Minero (zona 17S)
MOLINOS CALCAREOS ALPAMAYO E.I.R.L.,PERFIL_2_cumplimiento,1,400.0,ANCASH,SANTA,M,TITULADO,DIA/PAMA + DAC/ESTAMIN + Seguridad,false,false,true,true,false,,INGEMMET - Catastro Minero (zona 17S)
S.M.R.L. WINIBEL III,PERFIL_2_cumplimiento,1,600.0,ANCASH,SANTA,M,TITULADO,DIA/PAMA + DAC/ESTAMIN + Seguridad,false,false,true,true,false,,INGEMMET - Catastro Minero (zona 17S)
CORPORACION MINERA IMAR S.A.C.,PERFIL_2_cumplimiento,1,200.0,ANCASH,SANTA,M,TITULADO,DIA/PAMA + DAC/ESTAMIN + Seguridad,false,false,true,true,false,,INGEMMET - Catastro Minero (zona 17S)
EMPRESA MINERA MELBENZ S.A.C.,PERFIL_2_cumplimiento,1,200.0,ANCASH,SANTA,M,TITULADO,DIA/PAMA + DAC/ESTAMIN + Seguridad,false,false,true,true,false,,INGEMMET - Catastro Minero (zona 17S)
CONSORCIO UNIVERSO & OASIS TRES S.A.C.,PERFIL_2_cumplimiento,1,500.0,ANCASH,SANTA,N,TITULADO,DIA/PAMA + DAC/ESTAMIN + Seguridad,false,false,true,true,false,,INGEMMET - Catastro Minero (zona 17S)
S.M.R.L. SAN PEDRO I 2010,PERFIL_2_cumplimiento,1,100.0,ANCASH,SANTA,N,TITULADO,DIA/PAMA + DAC/ESTAMIN + Seguridad,false,false,true,true,false,,INGEMMET - Catastro Minero (zona 17S)
MINERA AMANECER S.A.,PERFIL_2_cumplimiento,1,100.0,ANCASH,SANTA,M,TITULADO,DIA/PAMA + DAC/ESTAMIN + Seguridad,false,false,true,true,false,,INGEMMET - Catastro Minero (zona 17S)
TRANSBEL ASOCIADOS S.A.C.,PERFIL_2_cumplimiento,1,100.0,ANCASH,SANTA,N,TITULADO,DIA/PAMA + DAC/ESTAMIN + Seguridad,false,false,true,true,false,,INGEMMET - Catastro Minero (zona 17S)
INVERSIONES JO-MART S.R.L.,PERFIL_2_cumplimiento,1,400.0,ANCASH,SANTA,N,TITULADO,DIA/PAMA + DAC/ESTAMIN + Seguridad,false,false,true,true,false,,INGEMMET - Catastro Minero (zona 17S)
GRUPO IMPERIO DORADO S.A.,PERFIL_2_cumplimiento,1,200.0,ANCASH,SANTA,N,TITULADO,DIA/PAMA + DAC/ESTAMIN + Seguridad,false,false,true,true,false,,INGEMMET - Catastro Minero (zona 17S)
S.M.R.L. LA SORPRESA,PERFIL_2_cumplimiento,1,108.1,ANCASH,SANTA,N,TITULADO,DIA/PAMA + DAC/ESTAMIN + Seguridad,false,false,true,true,false,,INGEMMET - Catastro Minero (zona 17S)
EMPRESA MINERA SAN JACINTO S.R.L.,PERFIL_2_cumplimiento,1,300.0,ANCASH,SANTA,N,TITULADO,DIA/PAMA + DAC/ESTAMIN + Seguridad,false,false,true,true,false,,INGEMMET - Catastro Minero (zona 17S)
S.M.R.L. ZIREL,PERFIL_2_cumplimiento,1,300.0,ANCASH,SANTA,M,TITULADO,DIA/PAMA + DAC/ESTAMIN + Seguridad,false,false,true,true,false,,INGEMMET - Catastro Minero (zona 17S)
S.M.R.L. CANTERA ARIES,PERFIL_2_cumplimiento,1,500.0,ANCASH,SANTA,N,TITULADO,DIA/PAMA + DAC/ESTAMIN + Seguridad,false,false,true,true,false,,INGEMMET - Catastro Minero (zona 17S)
RESEA.COM S.A.C.,PERFIL_2_cumplimiento,1,100.0,ANCASH,SANTA,M,TITULADO,DIA/PAMA + DAC/ESTAMIN + Seguridad,false,false,true,true,false,,INGEMMET - Catastro Minero (zona 17S)
EL PACIFICO DORADO S.A.C.,PERFIL_2_cumplimiento,1,200.0,ANCASH,SANTA,M,TITULADO,DIA/PAMA + DAC/ESTAMIN + Seguridad,false,false,true,true,false,,INGEMMET - Catastro Minero (zona 17S)
S.M.R.L. DIEGO ANDRE,PERFIL_2_cumplimiento,1,100.0,ANCASH,SANTA,M,TITULADO,DIA/PAMA + DAC/ESTAMIN + Seguridad,false,false,true,true,false,,INGEMMET - Catastro Minero (zona 17S)
S.M.R.L. DON ENRIQUE B,PERFIL_2_cumplimiento,1,100.0,ANCASH,SANTA,M,TITULADO,DIA/PAMA + DAC/ESTAMIN + Seguridad,false,false,true,true,false,,INGEMMET - Catastro Minero (zona 17S)
GASOCENTRO EL SOL S.A.C.,PERFIL_2_cumplimiento,1,400.0,ANCASH,SANTA,M,TITULADO,DIA/PAMA + DAC/ESTAMIN + Seguridad,false,false,true,true,false,,INGEMMET - Catastro Minero (zona 17S)
GRUPO INVERSIONES SULMA S.A.C.,PERFIL_2_cumplimiento,1,900.0,ANCASH,SANTA,M,TITULADO,DIA/PAMA + DAC/ESTAMIN + Seguridad,false,false,true,true,false,,INGEMMET - Catastro Minero (zona 17S)
COMPAÑIA MINERA SCORPION PERU S.A.C.,PERFIL_2_cumplimiento,1,200.0,ANCASH,SANTA,M,TITULADO,DIA/PAMA + DAC/ESTAMIN + Seguridad,false,false,true,true,false,,INGEMMET - Catastro Minero (zona 17S)
S.M.R.L. RAZZIELLA,PERFIL_2_cumplimiento,1,700.0,ANCASH,SANTA,M,TITULADO,DIA/PAMA + DAC/ESTAMIN + Seguridad,false,false,true,true,false,,INGEMMET - Catastro Minero (zona 17S)
GRUPO RAGO S.A.C.,PERFIL_2_cumplimiento,1,400.0,ANCASH,SANTA,M,TITULADO,DIA/PAMA + DAC/ESTAMIN + Seguridad,false,false,true,true,false,,INGEMMET - Catastro Minero (zona 17S)
EMPRESA ASIRI S.A.C.,PERFIL_2_cumplimiento,1,400.0,ANCASH,SANTA,M,TITULADO,DIA/PAMA + DAC/ESTAMIN + Seguridad,false,false,true,true,false,,INGEMMET - Catastro Minero (zona 17S)
S.M.R.L. CORPORACION EL SARCO I,PERFIL_2_cumplimiento,1,200.0,ANCASH,SANTA,N,TITULADO,DIA/PAMA + DAC/ESTAMIN + Seguridad,false,false,true,true,false,,INGEMMET - Catastro Minero (zona 17S)
SERVICIOS GENERALES GLOCAR S.R.L,PERFIL_2_cumplimiento,1,100.0,ANCASH,SANTA,N,TITULADO,DIA/PAMA + DAC/ESTAMIN + Seguridad,false,false,true,true,false,,INGEMMET - Catastro Minero (zona 17S)
S.M.R.L. ZAVILA,PERFIL_2_cumplimiento,1,100.0,ANCASH,SANTA,M,TITULADO,DIA/PAMA + DAC/ESTAMIN + Seguridad,false,false,true,true,false,,INGEMMET - Catastro Minero (zona 17S)
S.M.R.L. TELMO I,PERFIL_2_cumplimiento,1,200.0,ANCASH,SANTA,M,TITULADO,DIA/PAMA + DAC/ESTAMIN + Seguridad,false,false,true,true,false,,INGEMMET - Catastro Minero (zona 17S)
S.M.R.L. EL ESPÍA,PERFIL_2_cumplimiento,1,100.0,ANCASH,SANTA,M,TITULADO,DIA/PAMA + DAC/ESTAMIN + Seguridad,false,false,true,true,false,,INGEMMET - Catastro Minero (zona 17S)
S.M.R.L. CORPORACION EL SARCO II,PERFIL_2_cumplimiento,1,100.0,ANCASH,SANTA,N,TITULADO,DIA/PAMA + DAC/ESTAMIN + Seguridad,false,false,true,true,false,,INGEMMET - Catastro Minero (zona 17S)
EXPLOTACIONES Y SERVICIOS MINEROS S.A.C,PERFIL_2_cumplimiento,1,100.0,ANCASH,SANTA,M,TITULADO,DIA/PAMA + DAC/ESTAMIN + Seguridad,false,false,true,true,false,,INGEMMET - Catastro Minero (zona 17S)
COMPAÑIA MINERA LOMA DORADA S.A.C.,PERFIL_2_cumplimiento,1,200.0,ANCASH,SANTA,M,TITULADO,DIA/PAMA + DAC/ESTAMIN + Seguridad,false,false,true,true,false,,INGEMMET - Catastro Minero (zona 17S)
S.M.R.L. CORPORACIÓN GECEF 5,PERFIL_2_cumplimiento,1,100.0,ANCASH,SANTA,N,TITULADO,DIA/PAMA + DAC/ESTAMIN + Seguridad,false,false,true,true,false,,INGEMMET - Catastro Minero (zona 17S)
S.M.R.L. MINERA CANTINETT & SUSERMIN SAC,PERFIL_2_cumplimiento,1,100.0,ANCASH,SANTA,M,TITULADO,DIA/PAMA + DAC/ESTAMIN + Seguridad,false,false,true,true,false,,INGEMMET - Catastro Minero (zona 17S)
S.M.R.L. VALERIO 28,PERFIL_2_cumplimiento,1,100.0,ANCASH,YUNGAY,M,TITULADO,DIA/PAMA + DAC/ESTAMIN + Seguridad,false,false,true,true,false,,INGEMMET - Catastro Minero (zona 17S)
S.M.R.L. MI BELEN,PERFIL_2_cumplimiento,1,200.0,ANCASH,YUNGAY,M,TITULADO,DIA/PAMA + DAC/ESTAMIN + Seguridad,false,false,true,true,false,,INGEMMET - Catastro Minero (zona 17S)
S.M.R.L. XIOMY,PERFIL_2_cumplimiento,1,200.0,ANCASH,YUNGAY,M,TITULADO,DIA/PAMA + DAC/ESTAMIN + Seguridad,false,false,true,true,false,,INGEMMET - Catastro Minero (zona 17S)
S.M.R.L. LINETTE II,PERFIL_2_cumplimiento,1,500.0,ANCASH /  LA LIBERTAD,PALLASCA /  SANTIAGO DE CHUCO,M,TITULADO,DIA/PAMA + DAC/ESTAMIN + Seguridad,false,false,true,true,false,,INGEMMET - Catastro Minero (zona 17S)
ECO PLANING S.A.C.,PERFIL_2_cumplimiento,1,400.0,ANCASH /  LA LIBERTAD,PALLASCA /  SANTIAGO DE CHUCO,M,TITULADO,DIA/PAMA + DAC/ESTAMIN + Seguridad,false,false,true,true,false,,INGEMMET - Catastro Minero (zona 17S)
RIOBANK S.A.C.,PERFIL_2_cumplimiento,1,900.0,ANCASH /  LA LIBERTAD,SANTA /  VIRU,M,TITULADO,DIA/PAMA + DAC/ESTAMIN + Seguridad,false,false,true,true,false,,INGEMMET - Catastro Minero (zona 17S)
MINERAL ROMA S.A.C.,PERFIL_2_cumplimiento,1,300.0,ANCASH /  LA LIBERTAD,PALLASCA /  SANTIAGO DE CHUCO,N,TITULADO,DIA/PAMA + DAC/ESTAMIN + Seguridad,false,false,true,true,false,,INGEMMET - Catastro Minero (zona 17S)
CONSTRUCTORA DOBLE O S.A.C.,PERFIL_2_cumplimiento,1,300.0,ANCASH /  LA LIBERTAD,PALLASCA /  SANTIAGO DE CHUCO,N,TITULADO,DIA/PAMA + DAC/ESTAMIN + Seguridad,false,false,true,true,false,,INGEMMET - Catastro Minero (zona 17S)
S.M.R.L. DORADITO 2024,PERFIL_2_cumplimiento,1,100.0,ANCASH /  LA LIBERTAD,PALLASCA /  SANTIAGO DE CHUCO,M,TITULADO,DIA/PAMA + DAC/ESTAMIN + Seguridad,false,false,true,true,false,,INGEMMET - Catastro Minero (zona 17S)
S.M.R.L. ESPARTACO BOLOGNESI,PERFIL_2_cumplimiento,1,100.0,ANCASH /  LA LIBERTAD,PALLASCA /  SANTIAGO DE CHUCO,M,TITULADO,DIA/PAMA + DAC/ESTAMIN + Seguridad,false,false,true,true,false,,INGEMMET - Catastro Minero (zona 17S)
ALYCAN NEGOCIOS INDUSTRIALES E.I.R.L,PERFIL_2_cumplimiento,1,200.0,ANCASH /  LA LIBERTAD,PALLASCA /  SANTIAGO DE CHUCO,N,TITULADO,DIA/PAMA + DAC/ESTAMIN + Seguridad,false,false,true,true,false,,INGEMMET - Catastro Minero (zona 17S)
S.M.R.L. PERLA NEGRA 41,PERFIL_2_cumplimiento,1,200.0,ANCASH /  LA LIBERTAD,PALLASCA /  SANTIAGO DE CHUCO,N,TITULADO,DIA/PAMA + DAC/ESTAMIN + Seguridad,false,false,true,true,false,,INGEMMET - Catastro Minero (zona 17S)
GOLDEN LAND SERVICIOS GENERALES E.I.R.L.,PERFIL_2_cumplimiento,1,100.0,ANCASH /  LA LIBERTAD,PALLASCA /  SANTIAGO DE CHUCO,M,TITULADO,DIA/PAMA + DAC/ESTAMIN + Seguridad,false,false,true,true,false,,INGEMMET - Catastro Minero (zona 17S)
MULTISERVICIOS ESPECIALIZADOS DEL NORTE S.A.C.,PERFIL_2_cumplimiento,1,500.0,ANCASH /  LA LIBERTAD,PALLASCA /  SANTIAGO DE CHUCO,N,TITULADO,DIA/PAMA + DAC/ESTAMIN + Seguridad,false,false,true,true,false,,INGEMMET - Catastro Minero (zona 17S)
S.M.R.L. AMARANTA GOLD,PERFIL_2_cumplimiento,1,100.0,ANCASH /  LA LIBERTAD,PALLASCA /  SANTIAGO DE CHUCO,M,TITULADO,DIA/PAMA + DAC/ESTAMIN + Seguridad,false,false,true,true,false,,INGEMMET - Catastro Minero (zona 17S)
S.M.R.L. LA DORADA I,PERFIL_2_cumplimiento,1,400.0,ANCASH /  LA LIBERTAD,PALLASCA /  SANTIAGO DE CHUCO,M,TITULADO,DIA/PAMA + DAC/ESTAMIN + Seguridad,false,false,true,true,false,,INGEMMET - Catastro Minero (zona 17S)
S.M.R.L. SAN GERONIMO II 2025,PERFIL_2_cumplimiento,1,100.0,ANCASH /  LA LIBERTAD,PALLASCA /  SANTIAGO DE CHUCO,M,TITULADO,DIA/PAMA + DAC/ESTAMIN + Seguridad,false,false,true,true,false,,INGEMMET - Catastro Minero (zona 17S)
S.M.R.L. KEDOSHIM,PERFIL_2_cumplimiento,1,1000.0,CAJAMARCA,CONTUMAZA,N,TITULADO,DIA/PAMA + DAC/ESTAMIN + Seguridad,false,false,true,true,false,,INGEMMET - Catastro Minero (zona 17S)
MINERA ANDESORO S.A.C.,PERFIL_2_cumplimiento,1,400.0,CAJAMARCA,CELENDIN,M,TITULADO,DIA/PAMA + DAC/ESTAMIN + Seguridad,false,false,true,true,false,,INGEMMET - Catastro Minero (zona 17S)
S.M.R.L. VIRGEN DEL VALLE,PERFIL_2_cumplimiento,1,100.0,CAJAMARCA,SAN MARCOS,N,TITULADO,DIA/PAMA + DAC/ESTAMIN + Seguridad,false,false,true,true,false,,INGEMMET - Catastro Minero (zona 17S)
S.M.R.L. EL RESCATE DEL ALAMO DE CAJAMARCA,PERFIL_2_cumplimiento,1,24.0,CAJAMARCA,CAJAMARCA,N,TITULADO,DIA/PAMA + DAC/ESTAMIN + Seguridad,false,false,true,true,false,,INGEMMET - Catastro Minero (zona 17S)
TRES CERROS COMPANY S.A.C.,PERFIL_2_cumplimiento,1,200.0,CAJAMARCA,CAJABAMBA,M,TITULADO,DIA/PAMA + DAC/ESTAMIN + Seguridad,false,false,true,true,false,,INGEMMET - Catastro Minero (zona 17S)
CORPORACION YHAWILL S.R.L.,PERFIL_2_cumplimiento,1,28.6,CAJAMARCA,HUALGAYOC,N,TITULADO,DIA/PAMA + DAC/ESTAMIN + Seguridad,false,false,true,true,false,,INGEMMET - Catastro Minero (zona 17S)
CALINOR S.A.C.,PERFIL_2_cumplimiento,1,102.0,CAJAMARCA,CAJAMARCA,N,TITULADO,DIA/PAMA + DAC/ESTAMIN + Seguridad,false,false,true,true,false,,INGEMMET - Catastro Minero (zona 17S)
VULCANO DRILLING S.A.C.,PERFIL_2_cumplimiento,1,100.0,CAJAMARCA,CAJAMARCA,M,TITULADO,DIA/PAMA + DAC/ESTAMIN + Seguridad,false,false,true,true,false,,INGEMMET - Catastro Minero (zona 17S)
CORPORACION SAGRADO CORAZON S.A.C.,PERFIL_2_cumplimiento,1,100.0,CAJAMARCA,CONTUMAZA,M,TITULADO,DIA/PAMA + DAC/ESTAMIN + Seguridad,false,false,true,true,false,,INGEMMET - Catastro Minero (zona 17S)
S.M.R.L. EL ROSAL,PERFIL_2_cumplimiento,1,300.0,CAJAMARCA,CHOTA,M,TITULADO,DIA/PAMA + DAC/ESTAMIN + Seguridad,false,false,true,true,false,,INGEMMET - Catastro Minero (zona 17S)
S.M.R.L. SHADDAI I,PERFIL_2_cumplimiento,1,200.0,CAJAMARCA,SAN MIGUEL /  SAN PABLO,M,TITULADO,DIA/PAMA + DAC/ESTAMIN + Seguridad,false,false,true,true,false,,INGEMMET - Catastro Minero (zona 17S)
NUBE BLANCA E.I.R.L.,PERFIL_2_cumplimiento,1,28.0,CAJAMARCA,HUALGAYOC,N,TITULADO,DIA/PAMA + DAC/ESTAMIN + Seguridad,false,false,true,true,false,,INGEMMET - Catastro Minero (zona 17S)
CANDENTE GOLD PERU S.A.C.,PERFIL_2_cumplimiento,1,400.0,CAJAMARCA,SAN MIGUEL,M,TITULADO,DIA/PAMA + DAC/ESTAMIN + Seguridad,false,false,true,true,false,,INGEMMET - Catastro Minero (zona 17S)
INVERSIONES DEL NORTE L& M MANAGEMENT E.R.L,PERFIL_2_cumplimiento,1,100.0,CAJAMARCA,HUALGAYOC,M,TITULADO,DIA/PAMA + DAC/ESTAMIN + Seguridad,false,false,true,true,false,,INGEMMET - Catastro Minero (zona 17S)
M & CALERA SANTA S.A.C,PERFIL_2_cumplimiento,1,100.0,CAJAMARCA,CAJAMARCA,N,TITULADO,DIA/PAMA + DAC/ESTAMIN + Seguridad,false,false,true,true,false,,INGEMMET - Catastro Minero (zona 17S)
S.M.R.L. NUEVA CALIFORNIA DE CAJAMARCA,PERFIL_2_cumplimiento,1,4.0,CAJAMARCA,HUALGAYOC,M,TITULADO,DIA/PAMA + DAC/ESTAMIN + Seguridad,false,false,true,true,false,,INGEMMET - Catastro Minero (zona 17S)
S.M.R.L. COLORADA DE CAJAMARCA,PERFIL_2_cumplimiento,1,7.3,CAJAMARCA,HUALGAYOC,M,TITULADO,DIA/PAMA + DAC/ESTAMIN + Seguridad,false,false,true,true,false,,INGEMMET - Catastro Minero (zona 17S)
CANTERA LA TUNA BLANCA S.A.C.,PERFIL_2_cumplimiento,1,100.0,CAJAMARCA,SANTA CRUZ,N,TITULADO,DIA/PAMA + DAC/ESTAMIN + Seguridad,false,false,true,true,false,,INGEMMET - Catastro Minero (zona 17S)
S.M.R.L. MC POLCY N5,PERFIL_2_cumplimiento,1,100.0,CAJAMARCA,HUALGAYOC,N,TITULADO,DIA/PAMA + DAC/ESTAMIN + Seguridad,false,false,true,true,false,,INGEMMET - Catastro Minero (zona 17S)
S.M.R.L. LUMINOSA NUMERO 2A,PERFIL_2_cumplimiento,1,200.0,CAJAMARCA,SAN PABLO,M,TITULADO,DIA/PAMA + DAC/ESTAMIN + Seguridad,false,false,true,true,false,,INGEMMET - Catastro Minero (zona 17S)
SOCIEDAD NUBE BLANCA TECNOCAL S.R.L.,PERFIL_2_cumplimiento,1,50.0,CAJAMARCA,HUALGAYOC,N,TITULADO,DIA/PAMA + DAC/ESTAMIN + Seguridad,false,false,true,true,false,,INGEMMET - Catastro Minero (zona 17S)
SOCIEDAD MINERA CHETILLA S.R.L.,PERFIL_2_cumplimiento,1,900.0,CAJAMARCA,CAJAMARCA,M,TITULADO,DIA/PAMA + DAC/ESTAMIN + Seguridad,false,false,true,true,false,,INGEMMET - Catastro Minero (zona 17S)
REGULUS RESOURCES PERU S.A.C. Y OTROS,PERFIL_2_cumplimiento,1,24.0,CAJAMARCA,HUALGAYOC,M,TITULADO,DIA/PAMA + DAC/ESTAMIN + Seguridad,false,false,true,true,false,,INGEMMET - Catastro Minero (zona 17S)
SOUTHERN LEGACY PERU S.A.C.,PERFIL_2_cumplimiento,1,30.0,CAJAMARCA,HUALGAYOC,M,TITULADO,DIA/PAMA + DAC/ESTAMIN + Seguridad,false,false,true,true,false,,INGEMMET - Catastro Minero (zona 17S)
S.M.R.L. CASSIL 02,PERFIL_2_cumplimiento,1,100.0,CAJAMARCA,HUALGAYOC,N,TITULADO,DIA/PAMA + DAC/ESTAMIN + Seguridad,false,false,true,true,false,,INGEMMET - Catastro Minero (zona 17S)
SOCIEDAD MINERA MARIA LUZ S.A.C.,PERFIL_2_cumplimiento,1,0.3,CAJAMARCA,HUALGAYOC,M,TITULADO,DIA/PAMA + DAC/ESTAMIN + Seguridad,false,false,true,true,false,,INGEMMET - Catastro Minero (zona 17S)
RUMICUCHO S.R.L.,PERFIL_2_cumplimiento,1,200.0,CAJAMARCA,CAJAMARCA,N,TITULADO,DIA/PAMA + DAC/ESTAMIN + Seguridad,false,false,true,true,false,,INGEMMET - Catastro Minero (zona 17S)
S.M.R.L. ULRICA DE CAJAMARCA,PERFIL_2_cumplimiento,1,1.9,CAJAMARCA,HUALGAYOC,M,TITULADO,DIA/PAMA + DAC/ESTAMIN + Seguridad,false,false,true,true,false,,INGEMMET - Catastro Minero (zona 17S)
CERAMICOS LAGT E.I.R.L.,PERFIL_2_cumplimiento,1,100.0,CAJAMARCA,JAEN,N,TITULADO,DIA/PAMA + DAC/ESTAMIN + Seguridad,false,false,true,true,false,,INGEMMET - Catastro Minero (zona 17S)
S.M.R.L. SAN BENITO II 2024,PERFIL_2_cumplimiento,1,200.0,CAJAMARCA,CONTUMAZA,N,TITULADO,DIA/PAMA + DAC/ESTAMIN + Seguridad,false,false,true,true,false,,INGEMMET - Catastro Minero (zona 17S)
SANSIL SERVICIOS GENERALES S.R.L.,PERFIL_2_cumplimiento,1,100.0,CAJAMARCA,CELENDIN,N,TITULADO,DIA/PAMA + DAC/ESTAMIN + Seguridad,false,false,true,true,false,,INGEMMET - Catastro Minero (zona 17S)
S.M.R.L. JHIRED 2020,PERFIL_2_cumplimiento,1,400.0,CAJAMARCA,CONTUMAZA,M,TITULADO,DIA/PAMA + DAC/ESTAMIN + Seguridad,false,false,true,true,false,,INGEMMET - Catastro Minero (zona 17S)
MULTISERVICIOS ROSITA S.A.C.,PERFIL_2_cumplimiento,1,100.0,CAJAMARCA,CELENDIN,N,TITULADO,DIA/PAMA + DAC/ESTAMIN + Seguridad,false,false,true,true,false,,INGEMMET - Catastro Minero (zona 17S)
JHYOS MINERIA S.A.C.,PERFIL_2_cumplimiento,1,100.0,CAJAMARCA,CAJAMARCA,N,TITULADO,DIA/PAMA + DAC/ESTAMIN + Seguridad,false,false,true,true,false,,INGEMMET - Catastro Minero (zona 17S)
S.M.R.L. COLINAS NEGRAS,PERFIL_2_cumplimiento,1,100.0,CAJAMARCA,CHOTA,N,TITULADO,DIA/PAMA + DAC/ESTAMIN + Seguridad,false,false,true,true,false,,INGEMMET - Catastro Minero (zona 17S)
S.M.R.L. SARAI,PERFIL_2_cumplimiento,1,100.0,CAJAMARCA,CAJAMARCA,M,TITULADO,DIA/PAMA + DAC/ESTAMIN + Seguridad,false,false,true,true,false,,INGEMMET - Catastro Minero (zona 17S)
S.M.R.L. SAN MARCOS I,PERFIL_2_cumplimiento,1,200.0,CAJAMARCA,CAJABAMBA,N,TITULADO,DIA/PAMA + DAC/ESTAMIN + Seguridad,false,false,true,true,false,,INGEMMET - Catastro Minero (zona 17S)
FAR EXPLOMINS S.A.C,PERFIL_2_cumplimiento,1,100.0,CAJAMARCA,SAN MARCOS,M,TITULADO,DIA/PAMA + DAC/ESTAMIN + Seguridad,false,false,true,true,false,,INGEMMET - Catastro Minero (zona 17S)
JME JUNCO S.A.C.,PERFIL_2_cumplimiento,1,100.0,CAJAMARCA,CELENDIN,N,TITULADO,DIA/PAMA + DAC/ESTAMIN + Seguridad,false,false,true,true,false,,INGEMMET - Catastro Minero (zona 17S)
WARMIKUNA MINING SOCIEDAD ANONIMA CERRADA,PERFIL_2_cumplimiento,1,100.0,CAJAMARCA,CAJAMARCA,N,TITULADO,DIA/PAMA + DAC/ESTAMIN + Seguridad,false,false,true,true,false,,INGEMMET - Catastro Minero (zona 17S)
COMPAÑIA MINERA RIO GUILLERMO S.A.C.,PERFIL_2_cumplimiento,1,100.0,CAJAMARCA,JAEN,M,TITULADO,DIA/PAMA + DAC/ESTAMIN + Seguridad,false,false,true,true,false,,INGEMMET - Catastro Minero (zona 17S)
S.M.R.L. VALLE DORADO DEL NORTE I,PERFIL_2_cumplimiento,1,400.0,CAJAMARCA,CAJABAMBA /  SAN MARCOS,M,TITULADO,DIA/PAMA + DAC/ESTAMIN + Seguridad,false,false,true,true,false,,INGEMMET - Catastro Minero (zona 17S)
S.M.R.L. ARCILLAS PERÚ 1,PERFIL_2_cumplimiento,1,300.0,CAJAMARCA,CAJAMARCA,N,TITULADO,DIA/PAMA + DAC/ESTAMIN + Seguridad,false,false,true,true,false,,INGEMMET - Catastro Minero (zona 17S)
CONSTRUCTORA INMOBILIARIA B&G SERVICIOS GENERALES S.R.L,PERFIL_2_cumplimiento,1,200.0,CAJAMARCA,HUALGAYOC,M,TITULADO,DIA/PAMA + DAC/ESTAMIN + Seguridad,false,false,true,true,false,,INGEMMET - Catastro Minero (zona 17S)
S.M.R.L. SAN ANTONIO DE TAYAL,PERFIL_2_cumplimiento,1,100.0,CAJAMARCA,CAJAMARCA,M,TITULADO,DIA/PAMA + DAC/ESTAMIN + Seguridad,false,false,true,true,false,,INGEMMET - Catastro Minero (zona 17S)
S.M.R.L. CONSULADO DE CAJAMARCA,PERFIL_2_cumplimiento,1,5.6,CAJAMARCA,HUALGAYOC,M,TITULADO,DIA/PAMA + DAC/ESTAMIN + Seguridad,false,false,true,true,false,,INGEMMET - Catastro Minero (zona 17S)
CONSTRUCTORA ROSA AMERICA S.A.C.,PERFIL_2_cumplimiento,1,1000.0,CAJAMARCA,CONTUMAZA,M,TITULADO,DIA/PAMA + DAC/ESTAMIN + Seguridad,false,false,true,true,false,,INGEMMET - Catastro Minero (zona 17S)
EMPRESA CALERA ALSABE S.R.L.,PERFIL_2_cumplimiento,1,100.0,CAJAMARCA,HUALGAYOC,N,TITULADO,DIA/PAMA + DAC/ESTAMIN + Seguridad,false,false,true,true,false,,INGEMMET - Catastro Minero (zona 17S)
MINERA CASCABAMBA S.A.C.,PERFIL_2_cumplimiento,1,299.9,CAJAMARCA,CONTUMAZA,M,TITULADO,DIA/PAMA + DAC/ESTAMIN + Seguridad,false,false,true,true,false,,INGEMMET - Catastro Minero (zona 17S)
INVERSIONES RD S.A.C.,PERFIL_2_cumplimiento,1,100.0,CAJAMARCA,CAJABAMBA,M,TITULADO,DIA/PAMA + DAC/ESTAMIN + Seguridad,false,false,true,true,false,,INGEMMET - Catastro Minero (zona 17S)
MINERA P´HUYU - YURAQ II E.I.R.L.,PERFIL_2_cumplimiento,1,100.0,CAJAMARCA,CAJAMARCA,N,TITULADO,DIA/PAMA + DAC/ESTAMIN + Seguridad,false,false,true,true,false,,INGEMMET - Catastro Minero (zona 17S)
MINEX S.A.C.,PERFIL_2_cumplimiento,1,200.0,CAJAMARCA,CONTUMAZA,M,TITULADO,DIA/PAMA + DAC/ESTAMIN + Seguridad,false,false,true,true,false,,INGEMMET - Catastro Minero (zona 17S)
S.M.R.L. SAN NICOLAS DE CAJAMARCA,PERFIL_2_cumplimiento,1,24.0,CAJAMARCA,HUALGAYOC,M,TITULADO,DIA/PAMA + DAC/ESTAMIN + Seguridad,false,false,true,true,false,,INGEMMET - Catastro Minero (zona 17S)
CERAMICA SAN LORENZO S.A.C.,PERFIL_2_cumplimiento,1,900.0,CAJAMARCA,JAEN,N,TITULADO,DIA/PAMA + DAC/ESTAMIN + Seguridad,false,false,true,true,false,,INGEMMET - Catastro Minero (zona 17S)
S.M.R.L. CAPRICORNIO Y OTROS,PERFIL_2_cumplimiento,1,20.0,CAJAMARCA,HUALGAYOC,M,TITULADO,DIA/PAMA + DAC/ESTAMIN + Seguridad,false,false,true,true,false,,INGEMMET - Catastro Minero (zona 17S)
S.M.R.L. LA SORPRESA DE CAJAMARCA,PERFIL_2_cumplimiento,1,2.1,CAJAMARCA,HUALGAYOC,M,TITULADO,DIA/PAMA + DAC/ESTAMIN + Seguridad,false,false,true,true,false,,INGEMMET - Catastro Minero (zona 17S)
S.M.R.L. PRESIDENTE LEGUIA DE CAJAMARCA,PERFIL_2_cumplimiento,1,6.0,CAJAMARCA,HUALGAYOC,M,TITULADO,DIA/PAMA + DAC/ESTAMIN + Seguridad,false,false,true,true,false,,INGEMMET - Catastro Minero (zona 17S)
MINERA CERRO CUSHURO S.A.,PERFIL_2_cumplimiento,1,399.8,CAJAMARCA,SAN MIGUEL,M,TITULADO,DIA/PAMA + DAC/ESTAMIN + Seguridad,false,false,true,true,false,,INGEMMET - Catastro Minero (zona 17S)
S.M.R.L. LA LUMINOSA DE CAJAMARCA,PERFIL_2_cumplimiento,1,391.1,CAJAMARCA,CELENDIN,M,TITULADO,DIA/PAMA + DAC/ESTAMIN + Seguridad,false,false,true,true,false,,INGEMMET - Catastro Minero (zona 17S)
S.M.R.L. LA UNION DE CAJAMARCA,PERFIL_2_cumplimiento,1,100.0,CAJAMARCA,CAJAMARCA,N,TITULADO,DIA/PAMA + DAC/ESTAMIN + Seguridad,false,false,true,true,false,,INGEMMET - Catastro Minero (zona 17S)
S.M.R.L. JUAN DE DIOS I,PERFIL_2_cumplimiento,1,200.0,CAJAMARCA,CAJAMARCA,N,TITULADO,DIA/PAMA + DAC/ESTAMIN + Seguridad,false,false,true,true,false,,INGEMMET - Catastro Minero (zona 17S)
EMPRESA LOS DOS AMIGOS DE BAMBAMARCA S.R.L.,PERFIL_2_cumplimiento,1,28.6,CAJAMARCA,HUALGAYOC,N,TITULADO,DIA/PAMA + DAC/ESTAMIN + Seguridad,false,false,true,true,false,,INGEMMET - Catastro Minero (zona 17S)
S.M.R.L. CLEOPATRA DE CAJAMARCA,PERFIL_2_cumplimiento,1,8.0,CAJAMARCA,HUALGAYOC,M,TITULADO,DIA/PAMA + DAC/ESTAMIN + Seguridad,false,false,true,true,false,,INGEMMET - Catastro Minero (zona 17S)
SERVICIOS GENERALES ALDAPA E.I.R.L,PERFIL_2_cumplimiento,1,100.0,CAJAMARCA,CELENDIN,M,TITULADO,DIA/PAMA + DAC/ESTAMIN + Seguridad,false,false,true,true,false,,INGEMMET - Catastro Minero (zona 17S)
CAJAMARCA CIUDAD DE COLORES S.R.L.,PERFIL_2_cumplimiento,1,100.0,CAJAMARCA,HUALGAYOC,N,TITULADO,DIA/PAMA + DAC/ESTAMIN + Seguridad,false,false,true,true,false,,INGEMMET - Catastro Minero (zona 17S)
S.M.R.L. RODOLFITO I,PERFIL_2_cumplimiento,1,100.0,CAJAMARCA,CAJAMARCA,N,TITULADO,DIA/PAMA + DAC/ESTAMIN + Seguridad,false,false,true,true,false,,INGEMMET - Catastro Minero (zona 17S)
NUEVO RENACER SERVICIOS GENERALES E.I.R.L.,PERFIL_2_cumplimiento,1,400.0,CAJAMARCA,SAN MARCOS,N,TITULADO,DIA/PAMA + DAC/ESTAMIN + Seguridad,false,false,true,true,false,,INGEMMET - Catastro Minero (zona 17S)
S.M.R.L. PERU CAL III,PERFIL_2_cumplimiento,1,100.0,CAJAMARCA,HUALGAYOC,M,TITULADO,DIA/PAMA + DAC/ESTAMIN + Seguridad,false,false,true,true,false,,INGEMMET - Catastro Minero (zona 17S)
S.M.R.L. EL TIMBO,PERFIL_2_cumplimiento,1,100.0,CAJAMARCA,CHOTA /  HUALGAYOC,M,TITULADO,DIA/PAMA + DAC/ESTAMIN + Seguridad,false,false,true,true,false,,INGEMMET - Catastro Minero (zona 17S)
HCB CONTRATISTAS GENERALES S.R.L.,PERFIL_2_cumplimiento,1,500.0,CAJAMARCA,CONTUMAZA,M,TITULADO,DIA/PAMA + DAC/ESTAMIN + Seguridad,false,false,true,true,false,,INGEMMET - Catastro Minero (zona 17S)
S.M.R.L. PORCIA DE CAJAMARCA,PERFIL_2_cumplimiento,1,2.0,CAJAMARCA,HUALGAYOC,M,TITULADO,DIA/PAMA + DAC/ESTAMIN + Seguridad,false,false,true,true,false,,INGEMMET - Catastro Minero (zona 17S)
KORI ANTA S.A.C.,PERFIL_2_cumplimiento,1,8.0,CAJAMARCA,HUALGAYOC,M,TITULADO,DIA/PAMA + DAC/ESTAMIN + Seguridad,false,false,true,true,false,,INGEMMET - Catastro Minero (zona 17S)
S.M.R.L. VIRUCA DE CAJAMARCA,PERFIL_2_cumplimiento,1,3.0,CAJAMARCA,HUALGAYOC,M,TITULADO,DIA/PAMA + DAC/ESTAMIN + Seguridad,false,false,true,true,false,,INGEMMET - Catastro Minero (zona 17S)
SOCIEDAD MINERA DE RESPONSABILIDAD LIMITADA ARVA,PERFIL_2_cumplimiento,1,100.0,CAJAMARCA,CAJAMARCA,N,TITULADO,DIA/PAMA + DAC/ESTAMIN + Seguridad,false,false,true,true,false,,INGEMMET - Catastro Minero (zona 17S)
S.M.R.L. BENAVIDES Nº1 DE CAJAMARCA Y OTROS,PERFIL_2_cumplimiento,1,30.7,CAJAMARCA,HUALGAYOC,M,TITULADO,DIA/PAMA + DAC/ESTAMIN + Seguridad,false,false,true,true,false,,INGEMMET - Catastro Minero (zona 17S)
S.M.R.L. VICTORIA 2002,PERFIL_2_cumplimiento,1,100.0,CAJAMARCA,HUALGAYOC,N,TITULADO,DIA/PAMA + DAC/ESTAMIN + Seguridad,false,false,true,true,false,,INGEMMET - Catastro Minero (zona 17S)
COMPAÑIA MINERA EL FERROL S.A.,PERFIL_2_cumplimiento,1,1.7,CAJAMARCA,CAJAMARCA,M,TITULADO,DIA/PAMA + DAC/ESTAMIN + Seguridad,false,false,true,true,false,,INGEMMET - Catastro Minero (zona 17S)
CALCAREOS 2004 S.A.C.,PERFIL_2_cumplimiento,1,46.4,CAJAMARCA,CONTUMAZA,N,TITULADO,DIA/PAMA + DAC/ESTAMIN + Seguridad,false,false,true,true,false,,INGEMMET - Catastro Minero (zona 17S)
STRONG STEEL PERU S.A.C.,PERFIL_2_cumplimiento,1,100.0,CAJAMARCA,SAN MIGUEL /  SANTA CRUZ,M,TITULADO,DIA/PAMA + DAC/ESTAMIN + Seguridad,false,false,true,true,false,,INGEMMET - Catastro Minero (zona 17S)
S.M.R.L. LA BENDICION DE DIOS,PERFIL_2_cumplimiento,1,200.0,CAJAMARCA,CONTUMAZA,M,TITULADO,DIA/PAMA + DAC/ESTAMIN + Seguridad,false,false,true,true,false,,INGEMMET - Catastro Minero (zona 17S)
BANDA SERVICIOS GENERALES E.I.R.L.,PERFIL_2_cumplimiento,1,200.0,CAJAMARCA,CAJAMARCA /  CONTUMAZA /  SAN PABLO,N,TITULADO,DIA/PAMA + DAC/ESTAMIN + Seguridad,false,false,true,true,false,,INGEMMET - Catastro Minero (zona 17S)
COBRIZA METALS PERU S.A.,PERFIL_2_cumplimiento,1,900.0,CAJAMARCA,JAEN,M,TITULADO,DIA/PAMA + DAC/ESTAMIN + Seguridad,false,false,true,true,false,,INGEMMET - Catastro Minero (zona 17S)
CORPORACION LAS ESMERALDAS E.I.R.L.,PERFIL_2_cumplimiento,1,400.0,CAJAMARCA,SAN IGNACIO,M,TITULADO,DIA/PAMA + DAC/ESTAMIN + Seguridad,false,false,true,true,false,,INGEMMET - Catastro Minero (zona 17S)
S.M.R.L. LOS REYES DE HUASMIN,PERFIL_2_cumplimiento,1,300.0,CAJAMARCA,CELENDIN,N,TITULADO,DIA/PAMA + DAC/ESTAMIN + Seguridad,false,false,true,true,false,,INGEMMET - Catastro Minero (zona 17S)
S.M.R.L. CONGADEURQUIA I,PERFIL_2_cumplimiento,1,100.0,CAJAMARCA,CELENDIN,N,TITULADO,DIA/PAMA + DAC/ESTAMIN + Seguridad,false,false,true,true,false,,INGEMMET - Catastro Minero (zona 17S)
S.M.R.L. CERRO VANGUARDIA III,PERFIL_2_cumplimiento,1,300.0,CAJAMARCA,CONTUMAZA /  SAN MIGUEL,M,TITULADO,DIA/PAMA + DAC/ESTAMIN + Seguridad,false,false,true,true,false,,INGEMMET - Catastro Minero (zona 17S)
TRANSPORTES YOSIMAR E.I.R.L.,PERFIL_2_cumplimiento,1,100.0,CAJAMARCA,CAJAMARCA,N,TITULADO,DIA/PAMA + DAC/ESTAMIN + Seguridad,false,false,true,true,false,,INGEMMET - Catastro Minero (zona 17S)
EMPRESA CERRO ALUPUY S.R.L.,PERFIL_2_cumplimiento,1,200.0,CAJAMARCA,CELENDIN,N,TITULADO,DIA/PAMA + DAC/ESTAMIN + Seguridad,false,false,true,true,false,,INGEMMET - Catastro Minero (zona 17S)
S.M.R.L. CARLO I,PERFIL_2_cumplimiento,1,200.0,CAJAMARCA,JAEN,M,TITULADO,DIA/PAMA + DAC/ESTAMIN + Seguridad,false,false,true,true,false,,INGEMMET - Catastro Minero (zona 17S)
S.M.R.L. CONCECION MINERA POWERMIN,PERFIL_2_cumplimiento,1,100.0,CAJAMARCA,CAJAMARCA,M,TITULADO,DIA/PAMA + DAC/ESTAMIN + Seguridad,false,false,true,true,false,,INGEMMET - Catastro Minero (zona 17S)
S.M.R.L. EL LIRIO DE LOS VALLES,PERFIL_2_cumplimiento,1,200.0,CAJAMARCA,HUALGAYOC,M,TITULADO,DIA/PAMA + DAC/ESTAMIN + Seguridad,false,false,true,true,false,,INGEMMET - Catastro Minero (zona 17S)
S.M.R.L. EMITAM GOLD,PERFIL_2_cumplimiento,1,250.0,CAJAMARCA,CAJAMARCA,N,TITULADO,DIA/PAMA + DAC/ESTAMIN + Seguridad,false,false,true,true,false,,INGEMMET - Catastro Minero (zona 17S)
P&G CONTRATISTAS SOLUCIONES E.I.R.L.,PERFIL_2_cumplimiento,1,200.0,CAJAMARCA,CONTUMAZA,N,TITULADO,DIA/PAMA + DAC/ESTAMIN + Seguridad,false,false,true,true,false,,INGEMMET - Catastro Minero (zona 17S)
S.M.R.L. CALERA CERRO JESUS HUALGAYOC,PERFIL_2_cumplimiento,1,100.0,CAJAMARCA,CHOTA /  HUALGAYOC,N,TITULADO,DIA/PAMA + DAC/ESTAMIN + Seguridad,false,false,true,true,false,,INGEMMET - Catastro Minero (zona 17S)
S.M.R.L. EL LIRIO DE LOS VALLES I 2016,PERFIL_2_cumplimiento,1,200.0,CAJAMARCA,HUALGAYOC,M,TITULADO,DIA/PAMA + DAC/ESTAMIN + Seguridad,false,false,true,true,false,,INGEMMET - Catastro Minero (zona 17S)
S.M.R.L. UNA AVENTURA MAS,PERFIL_2_cumplimiento,1,100.0,CAJAMARCA,HUALGAYOC,M,TITULADO,DIA/PAMA + DAC/ESTAMIN + Seguridad,false,false,true,true,false,,INGEMMET - Catastro Minero (zona 17S)
S.M.R.L. SUCRE COPPER,PERFIL_2_cumplimiento,1,200.0,CAJAMARCA,CELENDIN,M,TITULADO,DIA/PAMA + DAC/ESTAMIN + Seguridad,false,false,true,true,false,,INGEMMET - Catastro Minero (zona 17S)
S.M.R.L. INVERSIONES M M,PERFIL_2_cumplimiento,1,200.0,CAJAMARCA,CELENDIN,M,TITULADO,DIA/PAMA + DAC/ESTAMIN + Seguridad,false,false,true,true,false,,INGEMMET - Catastro Minero (zona 17S)
EMPRESA DE SERVICIOS GENERALES AQUINO ASENCIO S.R.L.,PERFIL_2_cumplimiento,1,100.0,CAJAMARCA,CAJAMARCA,N,TITULADO,DIA/PAMA + DAC/ESTAMIN + Seguridad,false,false,true,true,false,,INGEMMET - Catastro Minero (zona 17S)
S.M.R.L. COMUNEROS SAN LORENZO CUTERVO,PERFIL_2_cumplimiento,1,100.0,CAJAMARCA,CUTERVO,N,TITULADO,DIA/PAMA + DAC/ESTAMIN + Seguridad,false,false,true,true,false,,INGEMMET - Catastro Minero (zona 17S)
S.M.R.L. ARTEMIS I,PERFIL_2_cumplimiento,1,200.0,CAJAMARCA,CAJAMARCA,M,TITULADO,DIA/PAMA + DAC/ESTAMIN + Seguridad,false,false,true,true,false,,INGEMMET - Catastro Minero (zona 17S)
S.M.R.L. SOCCHA,PERFIL_2_cumplimiento,1,400.0,CAJAMARCA,CONTUMAZA,M,TITULADO,DIA/PAMA + DAC/ESTAMIN + Seguridad,false,false,true,true,false,,INGEMMET - Catastro Minero (zona 17S)
COMERCIALIZADORA DE MINERALES NO METALICOS Y SERVICIOS GENER,PERFIL_2_cumplimiento,1,100.0,CAJAMARCA,CAJAMARCA,N,TITULADO,DIA/PAMA + DAC/ESTAMIN + Seguridad,false,false,true,true,false,,INGEMMET - Catastro Minero (zona 17S)
INVERSIONES TROY S.A.C.,PERFIL_2_cumplimiento,1,600.0,CAJAMARCA,JAEN,M,TITULADO,DIA/PAMA + DAC/ESTAMIN + Seguridad,false,false,true,true,false,,INGEMMET - Catastro Minero (zona 17S)
S.M.R.L. SILVANA Y DULCE,PERFIL_2_cumplimiento,1,500.0,CAJAMARCA,CONTUMAZA,M,TITULADO,DIA/PAMA + DAC/ESTAMIN + Seguridad,false,false,true,true,false,,INGEMMET - Catastro Minero (zona 17S)
L.C.F. DISTRIBUCIONES Y SERVICIOS S.A.C.,PERFIL_2_cumplimiento,1,200.0,CAJAMARCA,CONTUMAZA,M,TITULADO,DIA/PAMA + DAC/ESTAMIN + Seguridad,false,false,true,true,false,,INGEMMET - Catastro Minero (zona 17S)
S.M.R.L. EL NOSHO,PERFIL_2_cumplimiento,1,300.0,CAJAMARCA,SAN MARCOS,M,TITULADO,DIA/PAMA + DAC/ESTAMIN + Seguridad,false,false,true,true,false,,INGEMMET - Catastro Minero (zona 17S)
EMPRESA DE TRANSPORTES Y SERVICIOS GENERALES JUAN TELLO SSS,PERFIL_2_cumplimiento,1,200.0,CAJAMARCA,CELENDIN /  CHOTA /  HUALGAYOC,N,TITULADO,DIA/PAMA + DAC/ESTAMIN + Seguridad,false,false,true,true,false,,INGEMMET - Catastro Minero (zona 17S)
MINERAL CAPITAL S.A.C.,PERFIL_2_cumplimiento,1,100.0,CAJAMARCA,CELENDIN,M,TITULADO,DIA/PAMA + DAC/ESTAMIN + Seguridad,false,false,true,true,false,,INGEMMET - Catastro Minero (zona 17S)
REPRESENTACIONES ORO BLANCO S.A.C.,PERFIL_2_cumplimiento,1,100.0,CAJAMARCA,HUALGAYOC,N,TITULADO,DIA/PAMA + DAC/ESTAMIN + Seguridad,false,false,true,true,false,,INGEMMET - Catastro Minero (zona 17S)
S.M.R.L. EL ARENAL 2020,PERFIL_2_cumplimiento,1,200.0,CAJAMARCA,SAN MARCOS,N,TITULADO,DIA/PAMA + DAC/ESTAMIN + Seguridad,false,false,true,true,false,,INGEMMET - Catastro Minero (zona 17S)
S.M.R.L. SILVANA Y DULCE III,PERFIL_2_cumplimiento,1,300.0,CAJAMARCA,CONTUMAZA,M,TITULADO,DIA/PAMA + DAC/ESTAMIN + Seguridad,false,false,true,true,false,,INGEMMET - Catastro Minero (zona 17S)
S.M.R.L. CARBONERA LAS TRES MARIAS,PERFIL_2_cumplimiento,1,100.0,CAJAMARCA,CELENDIN,N,TITULADO,DIA/PAMA + DAC/ESTAMIN + Seguridad,false,false,true,true,false,,INGEMMET - Catastro Minero (zona 17S)
S.M.R.L. EL HUABO,PERFIL_2_cumplimiento,1,100.0,CAJAMARCA,CAJABAMBA,M,TITULADO,DIA/PAMA + DAC/ESTAMIN + Seguridad,false,false,true,true,false,,INGEMMET - Catastro Minero (zona 17S)
S.M.R.L. PRIMO CINCO,PERFIL_2_cumplimiento,1,1000.0,CAJAMARCA,SAN MIGUEL,M,TITULADO,DIA/PAMA + DAC/ESTAMIN + Seguridad,false,false,true,true,false,,INGEMMET - Catastro Minero (zona 17S)
MERCIET CONTRATISTAS GENERALES EIRL,PERFIL_2_cumplimiento,1,100.0,CAJAMARCA,SAN MARCOS,N,TITULADO,DIA/PAMA + DAC/ESTAMIN + Seguridad,false,false,true,true,false,,INGEMMET - Catastro Minero (zona 17S)
S.M.R.L.EL GENTIL,PERFIL_2_cumplimiento,1,200.0,CAJAMARCA,CELENDIN,N,TITULADO,DIA/PAMA + DAC/ESTAMIN + Seguridad,false,false,true,true,false,,INGEMMET - Catastro Minero (zona 17S)
S.M.R.L. CANTERA RIO CHOTANO LAQUE KM 0230+,PERFIL_2_cumplimiento,1,100.0,CAJAMARCA,CHOTA /  CUTERVO,N,TITULADO,DIA/PAMA + DAC/ESTAMIN + Seguridad,false,false,true,true,false,,INGEMMET - Catastro Minero (zona 17S)
S.M.R.L. JJGG,PERFIL_2_cumplimiento,1,100.0,CAJAMARCA,CONTUMAZA,N,TITULADO,DIA/PAMA + DAC/ESTAMIN + Seguridad,false,false,true,true,false,,INGEMMET - Catastro Minero (zona 17S)
CERAMICOS BRACKAMOROS E.I.R.L,PERFIL_2_cumplimiento,1,200.0,CAJAMARCA,JAEN,N,TITULADO,DIA/PAMA + DAC/ESTAMIN + Seguridad,false,false,true,true,false,,INGEMMET - Catastro Minero (zona 17S)
BALTA CORPORACION S.A.C,PERFIL_2_cumplimiento,1,200.0,CAJAMARCA,CONTUMAZA /  SAN MIGUEL,M,TITULADO,DIA/PAMA + DAC/ESTAMIN + Seguridad,false,false,true,true,false,,INGEMMET - Catastro Minero (zona 17S)
S.M.R.L. EL FUTURO II,PERFIL_2_cumplimiento,1,600.0,CAJAMARCA,SAN PABLO,M,TITULADO,DIA/PAMA + DAC/ESTAMIN + Seguridad,false,false,true,true,false,,INGEMMET - Catastro Minero (zona 17S)
S.M.R.L. LAS LEONAS,PERFIL_2_cumplimiento,1,100.0,CAJAMARCA,CONTUMAZA,M,TITULADO,DIA/PAMA + DAC/ESTAMIN + Seguridad,false,false,true,true,false,,INGEMMET - Catastro Minero (zona 17S)
S.M.R.L. CANTERA DE AGREGADOS YERBA SANTA,PERFIL_2_cumplimiento,1,100.0,CAJAMARCA,CAJAMARCA,N,TITULADO,DIA/PAMA + DAC/ESTAMIN + Seguridad,false,false,true,true,false,,INGEMMET - Catastro Minero (zona 17S)
AGROINDUSTRIA MINERA & CONSTRUCCIÓN S.A.C. - AIM & C S.A.C.,PERFIL_2_cumplimiento,1,200.0,CAJAMARCA,SAN MARCOS,N,TITULADO,DIA/PAMA + DAC/ESTAMIN + Seguridad,false,false,true,true,false,,INGEMMET - Catastro Minero (zona 17S)
S.M.R.L. EL FUTURO II Y OTROS,PERFIL_2_cumplimiento,1,500.0,CAJAMARCA,SAN PABLO,M,TITULADO,DIA/PAMA + DAC/ESTAMIN + Seguridad,false,false,true,true,false,,INGEMMET - Catastro Minero (zona 17S)
EMPRESA MINERA ONASS S.A.C.,PERFIL_2_cumplimiento,1,600.0,CAJAMARCA,CUTERVO,M,TITULADO,DIA/PAMA + DAC/ESTAMIN + Seguridad,false,false,true,true,false,,INGEMMET - Catastro Minero (zona 17S)
COMPAÑIA MINERA POSHAN S.A.C.,PERFIL_2_cumplimiento,1,400.0,CAJAMARCA,CONTUMAZA,M,TITULADO,DIA/PAMA + DAC/ESTAMIN + Seguridad,false,false,true,true,false,,INGEMMET - Catastro Minero (zona 17S)
INVERSIONES Y SERVICIOS GENERALES MINZUVI S.R.L.,PERFIL_2_cumplimiento,1,100.0,CAJAMARCA,HUALGAYOC,M,TITULADO,DIA/PAMA + DAC/ESTAMIN + Seguridad,false,false,true,true,false,,INGEMMET - Catastro Minero (zona 17S)
S.M.R.L. LUIS ABEARDO RAQUITO,PERFIL_2_cumplimiento,1,1000.0,CAJAMARCA,SAN MIGUEL /  SANTA CRUZ,M,TITULADO,DIA/PAMA + DAC/ESTAMIN + Seguridad,false,false,true,true,false,,INGEMMET - Catastro Minero (zona 17S)
S.M.R.L. COPELANCHE III,PERFIL_2_cumplimiento,1,200.0,CAJAMARCA,CHOTA,M,TITULADO,DIA/PAMA + DAC/ESTAMIN + Seguridad,false,false,true,true,false,,INGEMMET - Catastro Minero (zona 17S)
S.M.R.L. CARVIC-I,PERFIL_2_cumplimiento,1,400.0,CAJAMARCA,CONTUMAZA,N,TITULADO,DIA/PAMA + DAC/ESTAMIN + Seguridad,false,false,true,true,false,,INGEMMET - Catastro Minero (zona 17S)
S.M.R.L. COLINAS DE HUAYLLABAMBA,PERFIL_2_cumplimiento,1,100.0,CAJAMARCA,CAJABAMBA,M,TITULADO,DIA/PAMA + DAC/ESTAMIN + Seguridad,false,false,true,true,false,,INGEMMET - Catastro Minero (zona 17S)
MULTISERVICIOS PIRAMIDES DE ORO S.R.L.,PERFIL_2_cumplimiento,1,200.0,CAJAMARCA,CHOTA /  HUALGAYOC,M,TITULADO,DIA/PAMA + DAC/ESTAMIN + Seguridad,false,false,true,true,false,,INGEMMET - Catastro Minero (zona 17S)
S.M.R.L. LA INDIA,PERFIL_2_cumplimiento,1,100.0,CAJAMARCA,SAN MIGUEL,M,TITULADO,DIA/PAMA + DAC/ESTAMIN + Seguridad,false,false,true,true,false,,INGEMMET - Catastro Minero (zona 17S)
S.M.R.L. MINA SANQUIN,PERFIL_2_cumplimiento,1,400.0,CAJAMARCA,CONTUMAZA,M,TITULADO,DIA/PAMA + DAC/ESTAMIN + Seguridad,false,false,true,true,false,,INGEMMET - Catastro Minero (zona 17S)
S.M.R.L. EL SUEÑO 2022,PERFIL_2_cumplimiento,1,200.0,CAJAMARCA,CONTUMAZA,N,TITULADO,DIA/PAMA + DAC/ESTAMIN + Seguridad,false,false,true,true,false,,INGEMMET - Catastro Minero (zona 17S)
S.M.R.L. MERCURY PERU,PERFIL_2_cumplimiento,1,200.0,CAJAMARCA,CHOTA,M,TITULADO,DIA/PAMA + DAC/ESTAMIN + Seguridad,false,false,true,true,false,,INGEMMET - Catastro Minero (zona 17S)
EL TAYO INGENIEROS S.R.L.,PERFIL_2_cumplimiento,1,1000.0,CAJAMARCA,CAJAMARCA /  CONTUMAZA,M,TITULADO,DIA/PAMA + DAC/ESTAMIN + Seguridad,false,false,true,true,false,,INGEMMET - Catastro Minero (zona 17S)
SERVICIOS GENERALES PROCALHUA S.A.C.,PERFIL_2_cumplimiento,1,25.9,CAJAMARCA,HUALGAYOC,M,TITULADO,DIA/PAMA + DAC/ESTAMIN + Seguridad,false,false,true,true,false,,INGEMMET - Catastro Minero (zona 17S)
APUS GOLD SOCIEDAD COMERCIAL DE RESPONSABILIDAD LIMITADA,PERFIL_2_cumplimiento,1,50.0,CAJAMARCA,HUALGAYOC,M,TITULADO,DIA/PAMA + DAC/ESTAMIN + Seguridad,false,false,true,true,false,,INGEMMET - Catastro Minero (zona 17S)
CIGMAC PERU E.I.R.L.,PERFIL_2_cumplimiento,1,100.0,CAJAMARCA,CAJAMARCA,N,TITULADO,DIA/PAMA + DAC/ESTAMIN + Seguridad,false,false,true,true,false,,INGEMMET - Catastro Minero (zona 17S)
S.M.R.L. LA PERLA DORADA,PERFIL_2_cumplimiento,1,100.0,CAJAMARCA,SAN IGNACIO,M,TITULADO,DIA/PAMA + DAC/ESTAMIN + Seguridad,false,false,true,true,false,,INGEMMET - Catastro Minero (zona 17S)
WHITE MOUNTAIN LIMESTONE S.R.L.,PERFIL_2_cumplimiento,1,200.0,CAJAMARCA,HUALGAYOC,N,TITULADO,DIA/PAMA + DAC/ESTAMIN + Seguridad,false,false,true,true,false,,INGEMMET - Catastro Minero (zona 17S)
S.M.R.L. GALENO LUMINOSO,PERFIL_2_cumplimiento,1,200.0,CAJAMARCA,CELENDIN,M,TITULADO,DIA/PAMA + DAC/ESTAMIN + Seguridad,false,false,true,true,false,,INGEMMET - Catastro Minero (zona 17S)
S.M.R.L. URIEL BC,PERFIL_2_cumplimiento,1,200.0,CAJAMARCA,CHOTA,M,TITULADO,DIA/PAMA + DAC/ESTAMIN + Seguridad,false,false,true,true,false,,INGEMMET - Catastro Minero (zona 17S)
S.M.R.L. PERUVIAN CALCAREOS DEL NORTE,PERFIL_2_cumplimiento,1,400.0,CAJAMARCA,CHOTA,M,TITULADO,DIA/PAMA + DAC/ESTAMIN + Seguridad,false,false,true,true,false,,INGEMMET - Catastro Minero (zona 17S)
S.M.R.L. SAN MARTIN 2023,PERFIL_2_cumplimiento,1,800.0,CAJAMARCA,CAJAMARCA,M,TITULADO,DIA/PAMA + DAC/ESTAMIN + Seguridad,false,false,true,true,false,,INGEMMET - Catastro Minero (zona 17S)
S.M.R.L. PEÑA DORADA 1302,PERFIL_2_cumplimiento,1,200.0,CAJAMARCA,CELENDIN,N,TITULADO,DIA/PAMA + DAC/ESTAMIN + Seguridad,false,false,true,true,false,,INGEMMET - Catastro Minero (zona 17S)
SERVICIOS DE MAQUINARIA PESADA Y TRANSPORTE MAQSERV E.I.R.L.,PERFIL_2_cumplimiento,1,200.0,CAJAMARCA,CAJAMARCA,N,TITULADO,DIA/PAMA + DAC/ESTAMIN + Seguridad,false,false,true,true,false,,INGEMMET - Catastro Minero (zona 17S)
S.M.R.L. PERUVIAN CALCAREOS III,PERFIL_2_cumplimiento,1,200.0,CAJAMARCA,HUALGAYOC,M,TITULADO,DIA/PAMA + DAC/ESTAMIN + Seguridad,false,false,true,true,false,,INGEMMET - Catastro Minero (zona 17S)
GRUPO KALIMBO E.I.R.L.,PERFIL_2_cumplimiento,1,200.0,CAJAMARCA,CONTUMAZA /  SAN PABLO,N,TITULADO,DIA/PAMA + DAC/ESTAMIN + Seguridad,false,false,true,true,false,,INGEMMET - Catastro Minero (zona 17S)
INVERSIONES GOLD PERU SAC,PERFIL_2_cumplimiento,1,100.0,CAJAMARCA,CAJABAMBA,N,TITULADO,DIA/PAMA + DAC/ESTAMIN + Seguridad,false,false,true,true,false,,INGEMMET - Catastro Minero (zona 17S)
S.M.R.L. BALVINA DOMINGO,PERFIL_2_cumplimiento,1,400.0,CAJAMARCA,JAEN /  SAN IGNACIO,M,TITULADO,DIA/PAMA + DAC/ESTAMIN + Seguridad,false,false,true,true,false,,INGEMMET - Catastro Minero (zona 17S)
S.M.R.L. SAN BENITO I 2023,PERFIL_2_cumplimiento,1,200.0,CAJAMARCA,CONTUMAZA,M,TITULADO,DIA/PAMA + DAC/ESTAMIN + Seguridad,false,false,true,true,false,,INGEMMET - Catastro Minero (zona 17S)
S.M.R.L. MINA LA ENCAÑADA,PERFIL_2_cumplimiento,1,200.0,CAJAMARCA,CAJAMARCA,M,TITULADO,DIA/PAMA + DAC/ESTAMIN + Seguridad,false,false,true,true,false,,INGEMMET - Catastro Minero (zona 17S)
S.M.R.L. DIPNA,PERFIL_2_cumplimiento,1,400.0,CAJAMARCA,CAJAMARCA,N,TITULADO,DIA/PAMA + DAC/ESTAMIN + Seguridad,false,false,true,true,false,,INGEMMET - Catastro Minero (zona 17S)
S.M.R.L. GREEN GOLDEN,PERFIL_2_cumplimiento,1,200.0,CAJAMARCA,CELENDIN,M,TITULADO,DIA/PAMA + DAC/ESTAMIN + Seguridad,false,false,true,true,false,,INGEMMET - Catastro Minero (zona 17S)
CHOTA CONSTRUCTORA ROCA AZUL S.R.L.,PERFIL_2_cumplimiento,1,100.0,CAJAMARCA,CHOTA,N,TITULADO,DIA/PAMA + DAC/ESTAMIN + Seguridad,false,false,true,true,false,,INGEMMET - Catastro Minero (zona 17S)
S.M.R.L. EL HUASMINORCO,PERFIL_2_cumplimiento,1,200.0,CAJAMARCA,CELENDIN,M,TITULADO,DIA/PAMA + DAC/ESTAMIN + Seguridad,false,false,true,true,false,,INGEMMET - Catastro Minero (zona 17S)
CIA MINERA CLARA LUZ S.A.C.,PERFIL_2_cumplimiento,1,800.0,CAJAMARCA,JAEN,M,TITULADO,DIA/PAMA + DAC/ESTAMIN + Seguridad,false,false,true,true,false,,INGEMMET - Catastro Minero (zona 17S)
CINCO CUMBRES MINING S.A.C.,PERFIL_2_cumplimiento,1,200.0,CAJAMARCA,SAN MARCOS,N,TITULADO,DIA/PAMA + DAC/ESTAMIN + Seguridad,false,false,true,true,false,,INGEMMET - Catastro Minero (zona 17S)
OYE CORPORACION SERVICIOS GENERALES E.I.R.L,PERFIL_2_cumplimiento,1,100.0,CAJAMARCA,CAJAMARCA,N,TITULADO,DIA/PAMA + DAC/ESTAMIN + Seguridad,false,false,true,true,false,,INGEMMET - Catastro Minero (zona 17S)
RULL PERU MINING S.A.C.,PERFIL_2_cumplimiento,1,100.0,CAJAMARCA,SAN PABLO,N,TITULADO,DIA/PAMA + DAC/ESTAMIN + Seguridad,false,false,true,true,false,,INGEMMET - Catastro Minero (zona 17S)
S.M.R.L. CRITAL 1,PERFIL_2_cumplimiento,1,400.0,CAJAMARCA,SANTA CRUZ,M,TITULADO,DIA/PAMA + DAC/ESTAMIN + Seguridad,false,false,true,true,false,,INGEMMET - Catastro Minero (zona 17S)
CORPORACIÓN MINERA LOS ZARCOS ULLOA E.I.R.L.,PERFIL_2_cumplimiento,1,200.0,CAJAMARCA,CAJABAMBA,M,TITULADO,DIA/PAMA + DAC/ESTAMIN + Seguridad,false,false,true,true,false,,INGEMMET - Catastro Minero (zona 17S)
CODIEDRA S.A.C.,PERFIL_2_cumplimiento,1,100.0,CAJAMARCA,CHOTA,M,TITULADO,DIA/PAMA + DAC/ESTAMIN + Seguridad,false,false,true,true,false,,INGEMMET - Catastro Minero (zona 17S)
CONSORCIO EL EDEN S.R.L.,PERFIL_2_cumplimiento,1,200.0,CAJAMARCA,CELENDIN,M,TITULADO,DIA/PAMA + DAC/ESTAMIN + Seguridad,false,false,true,true,false,,INGEMMET - Catastro Minero (zona 17S)
S.M.R.L. VALLE DORADO DEL NORTE,PERFIL_2_cumplimiento,1,200.0,CAJAMARCA,CAJABAMBA /  SAN MARCOS,M,TITULADO,DIA/PAMA + DAC/ESTAMIN + Seguridad,false,false,true,true,false,,INGEMMET - Catastro Minero (zona 17S)
CALCIOPURE S.A.C.,PERFIL_2_cumplimiento,1,100.0,CAJAMARCA,HUALGAYOC,N,TITULADO,DIA/PAMA + DAC/ESTAMIN + Seguridad,false,false,true,true,false,,INGEMMET - Catastro Minero (zona 17S)
S.M.R.L. GRATITUD1000,PERFIL_2_cumplimiento,1,300.0,CAJAMARCA,JAEN /  SAN IGNACIO,M,TITULADO,DIA/PAMA + DAC/ESTAMIN + Seguridad,false,false,true,true,false,,INGEMMET - Catastro Minero (zona 17S)
BENDICION POR MISERICORDIA S.R.L.,PERFIL_2_cumplimiento,1,100.0,CAJAMARCA,CHOTA,M,TITULADO,DIA/PAMA + DAC/ESTAMIN + Seguridad,false,false,true,true,false,,INGEMMET - Catastro Minero (zona 17S)
S.M.R.L. MINING PACHA PERU,PERFIL_2_cumplimiento,1,1000.0,CAJAMARCA,CONTUMAZA,M,TITULADO,DIA/PAMA + DAC/ESTAMIN + Seguridad,false,false,true,true,false,,INGEMMET - Catastro Minero (zona 17S)
S.M.R.L. GOLD 2024,PERFIL_2_cumplimiento,1,100.0,CAJAMARCA,CHOTA,M,TITULADO,DIA/PAMA + DAC/ESTAMIN + Seguridad,false,false,true,true,false,,INGEMMET - Catastro Minero (zona 17S)
S.M.R.L. BENJAVAL MINING PERU,PERFIL_2_cumplimiento,1,600.0,CAJAMARCA,CONTUMAZA,N,TITULADO,DIA/PAMA + DAC/ESTAMIN + Seguridad,false,false,true,true,false,,INGEMMET - Catastro Minero (zona 17S)
ASOCIACION MARBER S.A.C.,PERFIL_2_cumplimiento,1,100.0,CAJAMARCA,CHOTA,M,TITULADO,DIA/PAMA + DAC/ESTAMIN + Seguridad,false,false,true,true,false,,INGEMMET - Catastro Minero (zona 17S)
MAQANAKUY E.I.R.L.,PERFIL_2_cumplimiento,1,100.0,CAJAMARCA,CAJAMARCA,N,TITULADO,DIA/PAMA + DAC/ESTAMIN + Seguridad,false,false,true,true,false,,INGEMMET - Catastro Minero (zona 17S)
S.M.R.L. DIANA 2024,PERFIL_2_cumplimiento,1,100.0,CAJAMARCA,CAJAMARCA,M,TITULADO,DIA/PAMA + DAC/ESTAMIN + Seguridad,false,false,true,true,false,,INGEMMET - Catastro Minero (zona 17S)
INVERSIONES GRUPO ZAMORA S.A.C.,PERFIL_2_cumplimiento,1,200.0,CAJAMARCA,CAJAMARCA,M,TITULADO,DIA/PAMA + DAC/ESTAMIN + Seguridad,false,false,true,true,false,,INGEMMET - Catastro Minero (zona 17S)
FERRETERIA MARITZA E.I.R.L.,PERFIL_2_cumplimiento,1,500.0,CAJAMARCA,CUTERVO,M,TITULADO,DIA/PAMA + DAC/ESTAMIN + Seguridad,false,false,true,true,false,,INGEMMET - Catastro Minero (zona 17S)
INDUSTRIAS TIFER E.I.R.L.,PERFIL_2_cumplimiento,1,1000.0,CAJAMARCA,CHOTA /  CUTERVO,M,TITULADO,DIA/PAMA + DAC/ESTAMIN + Seguridad,false,false,true,true,false,,INGEMMET - Catastro Minero (zona 17S)
S.M.R.L. EVOLET ABIGAIL,PERFIL_2_cumplimiento,1,300.0,CAJAMARCA,SAN PABLO,M,TITULADO,DIA/PAMA + DAC/ESTAMIN + Seguridad,false,false,true,true,false,,INGEMMET - Catastro Minero (zona 17S)
S.M.R.L. CEJJH,PERFIL_2_cumplimiento,1,300.0,CAJAMARCA,CELENDIN /  CHOTA,M,TITULADO,DIA/PAMA + DAC/ESTAMIN + Seguridad,false,false,true,true,false,,INGEMMET - Catastro Minero (zona 17S)
S.M.R.L. LOS CHICHIRANOS,PERFIL_2_cumplimiento,1,100.0,CAJAMARCA,CAJABAMBA,M,TITULADO,DIA/PAMA + DAC/ESTAMIN + Seguridad,false,false,true,true,false,,INGEMMET - Catastro Minero (zona 17S)
MINERA SAN FELIPE COPPER S.A.C.,PERFIL_2_cumplimiento,1,400.0,CAJAMARCA /  LA LIBERTAD,CAJAMARCA /  GRAN CHIMU,M,TITULADO,DIA/PAMA + DAC/ESTAMIN + Seguridad,false,false,true,true,false,,INGEMMET - Catastro Minero (zona 17S)
VIJAL GROUP S.A.C,PERFIL_2_cumplimiento,1,800.0,CAJAMARCA /  LA LIBERTAD,CAJAMARCA /  GRAN CHIMU,N,TITULADO,DIA/PAMA + DAC/ESTAMIN + Seguridad,false,false,true,true,false,,INGEMMET - Catastro Minero (zona 17S)
S.M.R.L. LA ESCONDIDA DOS 2023,PERFIL_2_cumplimiento,1,100.0,CAJAMARCA /  LA LIBERTAD,CAJABAMBA /  SANCHEZ CARRION,N,TITULADO,DIA/PAMA + DAC/ESTAMIN + Seguridad,false,false,true,true,false,,INGEMMET - Catastro Minero (zona 17S)
S.M.R.L. CUPISNIQUE 2022,PERFIL_2_cumplimiento,1,400.0,CAJAMARCA /  LA LIBERTAD,ASCOPE /  CONTUMAZA /  PACASMAYO,M,TITULADO,DIA/PAMA + DAC/ESTAMIN + Seguridad,false,false,true,true,false,,INGEMMET - Catastro Minero (zona 17S)
RINGA LIMITED S.A.C.,PERFIL_2_cumplimiento,1,100.0,CAJAMARCA /  LAMBAYEQUE,CHICLAYO /  SAN MIGUEL,M,TITULADO,DIA/PAMA + DAC/ESTAMIN + Seguridad,false,false,true,true,false,,INGEMMET - Catastro Minero (zona 17S)
CAÑARIACO COPPER PERU S.A.C.,PERFIL_2_cumplimiento,1,500.0,CAJAMARCA /  LAMBAYEQUE,CUTERVO /  FERREÑAFE,M,TITULADO,DIA/PAMA + DAC/ESTAMIN + Seguridad,false,false,true,true,false,,INGEMMET - Catastro Minero (zona 17S)
MINERA SIERRA MORENA S.A.C.,PERFIL_2_cumplimiento,1,500.0,CAJAMARCA /  LAMBAYEQUE,CHICLAYO /  SAN MIGUEL,M,TITULADO,DIA/PAMA + DAC/ESTAMIN + Seguridad,false,false,true,true,false,,INGEMMET - Catastro Minero (zona 17S)
S.M.R.L. ROCALIME I,PERFIL_2_cumplimiento,1,400.0,CAJAMARCA /  LAMBAYEQUE,CHICLAYO /  SAN MIGUEL,M,TITULADO,DIA/PAMA + DAC/ESTAMIN + Seguridad,false,false,true,true,false,,INGEMMET - Catastro Minero (zona 17S)
COORPORACION SATOKARI E.I.R.L.,PERFIL_2_cumplimiento,1,100.0,PIURA,TALARA,N,TITULADO,DIA/PAMA + DAC/ESTAMIN + Seguridad,false,false,true,true,false,,INGEMMET - Catastro Minero (zona 17S)
MINERA LAS LOMAS S.A.C,PERFIL_2_cumplimiento,1,1000.0,PIURA,AYABACA,M,TITULADO,DIA/PAMA + DAC/ESTAMIN + Seguridad,false,false,true,true,false,,INGEMMET - Catastro Minero (zona 17S)
S.M.R.L. EL ORO DE OLMOS,PERFIL_2_cumplimiento,1,1000.0,PIURA,HUANCABAMBA,M,TITULADO,DIA/PAMA + DAC/ESTAMIN + Seguridad,false,false,true,true,false,,INGEMMET - Catastro Minero (zona 17S)
HORIZONTE AGRO-MINERO S.A.C,PERFIL_2_cumplimiento,1,400.0,PIURA,PIURA,M,TITULADO,DIA/PAMA + DAC/ESTAMIN + Seguridad,false,false,true,true,false,,INGEMMET - Catastro Minero (zona 17S)
RIO ANDINA S.A.C,PERFIL_2_cumplimiento,1,800.0,PIURA,PIURA,M,TITULADO,DIA/PAMA + DAC/ESTAMIN + Seguridad,false,false,true,true,false,,INGEMMET - Catastro Minero (zona 17S)
S.M.R.L. CHIRA UNO,PERFIL_2_cumplimiento,1,300.0,PIURA,SULLANA,N,TITULADO,DIA/PAMA + DAC/ESTAMIN + Seguridad,false,false,true,true,false,,INGEMMET - Catastro Minero (zona 17S)
MINERA PITAY S.A.C.,PERFIL_2_cumplimiento,1,200.0,PIURA,PIURA,M,TITULADO,DIA/PAMA + DAC/ESTAMIN + Seguridad,false,false,true,true,false,,INGEMMET - Catastro Minero (zona 17S)
EXAMOVA MAQUINARIAS Y SERVICIOS E.I.R.L.,PERFIL_2_cumplimiento,1,200.0,PIURA,SULLANA,N,TITULADO,DIA/PAMA + DAC/ESTAMIN + Seguridad,false,false,true,true,false,,INGEMMET - Catastro Minero (zona 17S)
INVERSIONES LOZADI S.A.C.,PERFIL_2_cumplimiento,1,500.0,PIURA,AYABACA,M,TITULADO,DIA/PAMA + DAC/ESTAMIN + Seguridad,false,false,true,true,false,,INGEMMET - Catastro Minero (zona 17S)
COMPAÑIA MINERA YURICHAN S.A.C,PERFIL_2_cumplimiento,1,400.0,PIURA,AYABACA /  SULLANA,M,TITULADO,DIA/PAMA + DAC/ESTAMIN + Seguridad,false,false,true,true,false,,INGEMMET - Catastro Minero (zona 17S)
S.M.R.L. FILONES DORADOS II,PERFIL_2_cumplimiento,1,800.0,PIURA,SULLANA,M,TITULADO,DIA/PAMA + DAC/ESTAMIN + Seguridad,false,false,true,true,false,,INGEMMET - Catastro Minero (zona 17S)
EXC TRADING S.A.C.,PERFIL_2_cumplimiento,1,300.0,PIURA,AYABACA,M,TITULADO,DIA/PAMA + DAC/ESTAMIN + Seguridad,false,false,true,true,false,,INGEMMET - Catastro Minero (zona 17S)
LL MAQUINARIA E.I.R.L.,PERFIL_2_cumplimiento,1,200.0,PIURA,TALARA,N,TITULADO,DIA/PAMA + DAC/ESTAMIN + Seguridad,false,false,true,true,false,,INGEMMET - Catastro Minero (zona 17S)
B LEOPOLDO SERVICIOS GENERALES SOCIEDAD ANONIMA CERRADA,PERFIL_2_cumplimiento,1,200.0,PIURA,SECHURA,N,TITULADO,DIA/PAMA + DAC/ESTAMIN + Seguridad,false,false,true,true,false,,INGEMMET - Catastro Minero (zona 17S)
EMPRESA GEINER EDGAR ESPINOZA FERNANDEZ EIRL,PERFIL_2_cumplimiento,1,200.0,PIURA,PIURA,M,TITULADO,DIA/PAMA + DAC/ESTAMIN + Seguridad,false,false,true,true,false,,INGEMMET - Catastro Minero (zona 17S)
SOCIEDAD MINERA RUJEL MURGUIA AVALOS SAC.,PERFIL_2_cumplimiento,1,100.0,PIURA,AYABACA,M,TITULADO,DIA/PAMA + DAC/ESTAMIN + Seguridad,false,false,true,true,false,,INGEMMET - Catastro Minero (zona 17S)
CORPORACIÓN MINERA DOÑA MAXI S.R.L,PERFIL_2_cumplimiento,1,200.0,PIURA,SECHURA,N,TITULADO,DIA/PAMA + DAC/ESTAMIN + Seguridad,false,false,true,true,false,,INGEMMET - Catastro Minero (zona 17S)
CONSORCIO MINERO VIRGEN DE CHAPI SAC,PERFIL_2_cumplimiento,1,900.0,PIURA,PIURA,M,TITULADO,DIA/PAMA + DAC/ESTAMIN + Seguridad,false,false,true,true,false,,INGEMMET - Catastro Minero (zona 17S)
SERVYTRANSP PERU E.I.R.L,PERFIL_2_cumplimiento,1,400.0,PIURA,TALARA,N,TITULADO,DIA/PAMA + DAC/ESTAMIN + Seguridad,false,false,true,true,false,,INGEMMET - Catastro Minero (zona 17S)
ECORE TRADING S.A.C.,PERFIL_2_cumplimiento,1,200.0,PIURA,PIURA,M,TITULADO,DIA/PAMA + DAC/ESTAMIN + Seguridad,false,false,true,true,false,,INGEMMET - Catastro Minero (zona 17S)
EMPRESA DE SERVICIOS GENERALES CHILIMASA E.I.R.L.,PERFIL_2_cumplimiento,1,100.0,PIURA,SULLANA,N,TITULADO,DIA/PAMA + DAC/ESTAMIN + Seguridad,false,false,true,true,false,,INGEMMET - Catastro Minero (zona 17S)
ALGARROBAL SECO AGREGADOS Y SERVICIOS GENERALES S.A.C.,PERFIL_2_cumplimiento,1,100.0,PIURA,SULLANA,N,TITULADO,DIA/PAMA + DAC/ESTAMIN + Seguridad,false,false,true,true,false,,INGEMMET - Catastro Minero (zona 17S)
CORPORACION LARD SERVICIOS GENERALES E.I.R.L.,PERFIL_2_cumplimiento,1,100.0,PIURA,SULLANA,N,TITULADO,DIA/PAMA + DAC/ESTAMIN + Seguridad,false,false,true,true,false,,INGEMMET - Catastro Minero (zona 17S)
POTONGOS S.A.C.,PERFIL_2_cumplimiento,1,300.0,PIURA,PIURA,M,TITULADO,DIA/PAMA + DAC/ESTAMIN + Seguridad,false,false,true,true,false,,INGEMMET - Catastro Minero (zona 17S)
S.M.R.L. PAMPA HERMOSA 2016,PERFIL_2_cumplimiento,1,100.0,PIURA,TALARA,N,TITULADO,DIA/PAMA + DAC/ESTAMIN + Seguridad,false,false,true,true,false,,INGEMMET - Catastro Minero (zona 17S)
COMPAÑIA BORAS S.A.,PERFIL_2_cumplimiento,1,200.0,PIURA,PAITA,N,TITULADO,DIA/PAMA + DAC/ESTAMIN + Seguridad,false,false,true,true,false,,INGEMMET - Catastro Minero (zona 17S)
S.M.R.L. SAN SEBASTIAN DE SUYO,PERFIL_2_cumplimiento,1,300.0,PIURA,AYABACA,M,TITULADO,DIA/PAMA + DAC/ESTAMIN + Seguridad,false,false,true,true,false,,INGEMMET - Catastro Minero (zona 17S)
NEGOCIOS Y SERVICIOS MULTIPLES SAN FRANCISCO S.A.C.,PERFIL_2_cumplimiento,1,200.0,PIURA,SECHURA,N,TITULADO,DIA/PAMA + DAC/ESTAMIN + Seguridad,false,false,true,true,false,,INGEMMET - Catastro Minero (zona 17S)
JA&TA INVERSIONES S.A.C,PERFIL_2_cumplimiento,1,800.0,PIURA,AYABACA,M,TITULADO,DIA/PAMA + DAC/ESTAMIN + Seguridad,false,false,true,true,false,,INGEMMET - Catastro Minero (zona 17S)
S.M.R.L. MINERA JULCA,PERFIL_2_cumplimiento,1,100.0,PIURA,SECHURA,N,TITULADO,DIA/PAMA + DAC/ESTAMIN + Seguridad,false,false,true,true,false,,INGEMMET - Catastro Minero (zona 17S)
INVERSIONES RIO INAMBARI SOCIEDAD COMERCIAL DE RESPONSABILID,PERFIL_2_cumplimiento,1,100.0,PIURA,SECHURA,N,TITULADO,DIA/PAMA + DAC/ESTAMIN + Seguridad,false,false,true,true,false,,INGEMMET - Catastro Minero (zona 17S)
S.M.R.L. MINERA TITO I,PERFIL_2_cumplimiento,1,200.0,PIURA,AYABACA,M,TITULADO,DIA/PAMA + DAC/ESTAMIN + Seguridad,false,false,true,true,false,,INGEMMET - Catastro Minero (zona 17S)
COMPAÑIA MINERA LA CIMA SAC,PERFIL_2_cumplimiento,1,900.0,PIURA,PIURA,M,TITULADO,DIA/PAMA + DAC/ESTAMIN + Seguridad,false,false,true,true,false,,INGEMMET - Catastro Minero (zona 17S)
S.M.R.L. GEDY 2,PERFIL_2_cumplimiento,1,300.0,PIURA,AYABACA,M,TITULADO,DIA/PAMA + DAC/ESTAMIN + Seguridad,false,false,true,true,false,,INGEMMET - Catastro Minero (zona 17S)
S.M.R.L. TEODORITA II,PERFIL_2_cumplimiento,1,400.0,PIURA,AYABACA,M,TITULADO,DIA/PAMA + DAC/ESTAMIN + Seguridad,false,false,true,true,false,,INGEMMET - Catastro Minero (zona 17S)
WONDER COMPANY S.A.C.,PERFIL_2_cumplimiento,1,200.0,PIURA,PAITA,N,TITULADO,DIA/PAMA + DAC/ESTAMIN + Seguridad,false,false,true,true,false,,INGEMMET - Catastro Minero (zona 17S)
GREEN ROCK COPPER S.A.C.,PERFIL_2_cumplimiento,1,600.0,PIURA,HUANCABAMBA,M,TITULADO,DIA/PAMA + DAC/ESTAMIN + Seguridad,false,false,true,true,false,,INGEMMET - Catastro Minero (zona 17S)
MINERIA&CONSTRUCCION SERVICIOS GENERALES PIURA S.A.C.,PERFIL_2_cumplimiento,1,200.0,PIURA,PAITA,N,TITULADO,DIA/PAMA + DAC/ESTAMIN + Seguridad,false,false,true,true,false,,INGEMMET - Catastro Minero (zona 17S)
INVERSIONES JAVERAL EIRL,PERFIL_2_cumplimiento,1,200.0,PIURA,PIURA,M,TITULADO,DIA/PAMA + DAC/ESTAMIN + Seguridad,false,false,true,true,false,,INGEMMET - Catastro Minero (zona 17S)
S.M.R.L. LUZ DORADA,PERFIL_2_cumplimiento,1,600.0,PIURA,AYABACA /  SULLANA,M,TITULADO,DIA/PAMA + DAC/ESTAMIN + Seguridad,false,false,true,true,false,,INGEMMET - Catastro Minero (zona 17S)
S.M.R.L. SAN LUIS A,PERFIL_2_cumplimiento,1,200.0,PIURA,SULLANA,N,TITULADO,DIA/PAMA + DAC/ESTAMIN + Seguridad,false,false,true,true,false,,INGEMMET - Catastro Minero (zona 17S)
SALEMAN CONSULTORES S.A.C.,PERFIL_2_cumplimiento,1,348.0,PIURA,AYABACA,M,TITULADO,DIA/PAMA + DAC/ESTAMIN + Seguridad,false,false,true,true,false,,INGEMMET - Catastro Minero (zona 17S)
CUANTICA INVERSIONES S.A.C.,PERFIL_2_cumplimiento,1,800.0,PIURA,AYABACA /  PIURA,M,TITULADO,DIA/PAMA + DAC/ESTAMIN + Seguridad,false,false,true,true,false,,INGEMMET - Catastro Minero (zona 17S)
SEPTIEMBRE INVERSIONES E.I.R.L.,PERFIL_2_cumplimiento,1,100.0,PIURA,AYABACA,M,TITULADO,DIA/PAMA + DAC/ESTAMIN + Seguridad,false,false,true,true,false,,INGEMMET - Catastro Minero (zona 17S)
CAUTIVO DE PAMPA LARGA S.A.C.,PERFIL_2_cumplimiento,1,600.0,PIURA,AYABACA,M,TITULADO,DIA/PAMA + DAC/ESTAMIN + Seguridad,false,false,true,true,false,,INGEMMET - Catastro Minero (zona 17S)
S.M.R.L. CUATRO ASES,PERFIL_2_cumplimiento,1,400.0,PIURA,AYABACA,M,TITULADO,DIA/PAMA + DAC/ESTAMIN + Seguridad,false,false,true,true,false,,INGEMMET - Catastro Minero (zona 17S)
TRANSPORTES Y ABASTECIMIENTOS SAN MARTIN S.A.C,PERFIL_2_cumplimiento,1,100.0,PIURA,PIURA,N,TITULADO,DIA/PAMA + DAC/ESTAMIN + Seguridad,false,false,true,true,false,,INGEMMET - Catastro Minero (zona 17S)
S.M.R.L. ALQAMARI & RGLL 2022,PERFIL_2_cumplimiento,1,200.0,PIURA,AYABACA,M,TITULADO,DIA/PAMA + DAC/ESTAMIN + Seguridad,false,false,true,true,false,,INGEMMET - Catastro Minero (zona 17S)
GISELLA FLORES EMPRESA INDIVIDUAL DE RESPONSABILIDAD LIMITAD,PERFIL_2_cumplimiento,1,200.0,PIURA,PIURA,N,TITULADO,DIA/PAMA + DAC/ESTAMIN + Seguridad,false,false,true,true,false,,INGEMMET - Catastro Minero (zona 17S)
SERVICIOS BIOINSUMOS SOCIEDAD ANONIMA CERRADA,PERFIL_2_cumplimiento,1,200.0,PIURA,PIURA,N,TITULADO,DIA/PAMA + DAC/ESTAMIN + Seguridad,false,false,true,true,false,,INGEMMET - Catastro Minero (zona 17S)
S.M.R.L. EL CONDOR DOS AYABACA,PERFIL_2_cumplimiento,1,1000.0,PIURA,AYABACA,M,TITULADO,DIA/PAMA + DAC/ESTAMIN + Seguridad,false,false,true,true,false,,INGEMMET - Catastro Minero (zona 17S)
COMERCIAL CHEC IMPORT EXPORT S.A.C.,PERFIL_2_cumplimiento,1,100.0,PIURA,SULLANA,N,TITULADO,DIA/PAMA + DAC/ESTAMIN + Seguridad,false,false,true,true,false,,INGEMMET - Catastro Minero (zona 17S)
INVERSIONES EMPRESARIALES SAN PEDRO SOCIEDAD ANONIMA CERRADA,PERFIL_2_cumplimiento,1,200.0,PIURA,AYABACA,M,TITULADO,DIA/PAMA + DAC/ESTAMIN + Seguridad,false,false,true,true,false,,INGEMMET - Catastro Minero (zona 17S)
S.M.R.L. HIERRO FERRUGINOSO III,PERFIL_2_cumplimiento,1,500.0,PIURA,PIURA,M,TITULADO,DIA/PAMA + DAC/ESTAMIN + Seguridad,false,false,true,true,false,,INGEMMET - Catastro Minero (zona 17S)
S.M.R.L. MINERA SOL DE PIURA SAC,PERFIL_2_cumplimiento,1,600.0,PIURA,PIURA,M,TITULADO,DIA/PAMA + DAC/ESTAMIN + Seguridad,false,false,true,true,false,,INGEMMET - Catastro Minero (zona 17S)
CONSORCIO INMOBILIARIO MONTEVIDEO SAC,PERFIL_2_cumplimiento,1,200.0,PIURA,SECHURA,N,TITULADO,DIA/PAMA + DAC/ESTAMIN + Seguridad,false,false,true,true,false,,INGEMMET - Catastro Minero (zona 17S)
CONSTRUCTORA E INMOBILIARIA HUANGAR S.A.C.,PERFIL_2_cumplimiento,1,200.0,PIURA,PIURA,N,TITULADO,DIA/PAMA + DAC/ESTAMIN + Seguridad,false,false,true,true,false,,INGEMMET - Catastro Minero (zona 17S)
S.M.R.L. GOLDEN EAGLE,PERFIL_2_cumplimiento,1,400.0,PIURA,AYABACA,M,TITULADO,DIA/PAMA + DAC/ESTAMIN + Seguridad,false,false,true,true,false,,INGEMMET - Catastro Minero (zona 17S)
S.M.R.L. GOLDEN MEN SOCIETY 1,PERFIL_2_cumplimiento,1,100.0,PIURA,AYABACA,M,TITULADO,DIA/PAMA + DAC/ESTAMIN + Seguridad,false,false,true,true,false,,INGEMMET - Catastro Minero (zona 17S)
COOPERATIVA AGRARIA DE USUARIOS LA TINA LTDA,PERFIL_2_cumplimiento,1,900.0,PIURA,AYABACA,METALICA-ORO,TITULADO,DIA/PAMA + DAC/ESTAMIN + Seguridad,false,false,true,true,false,,INGEMMET - Catastro Minero (zona 17S)
S.M.R.L. DOS HERMANOS DE DIOS I,PERFIL_2_cumplimiento,1,300.0,PIURA,PIURA,N,TITULADO,DIA/PAMA + DAC/ESTAMIN + Seguridad,false,false,true,true,false,,INGEMMET - Catastro Minero (zona 17S)
S.M.R.L. ECO GOLD CUCHICORRAL,PERFIL_2_cumplimiento,1,200.0,PIURA,AYABACA,M,TITULADO,DIA/PAMA + DAC/ESTAMIN + Seguridad,false,false,true,true,false,,INGEMMET - Catastro Minero (zona 17S)
KEFRAYEB S.A.C.,PERFIL_2_cumplimiento,1,100.0,PIURA,PIURA,N,TITULADO,DIA/PAMA + DAC/ESTAMIN + Seguridad,false,false,true,true,false,,INGEMMET - Catastro Minero (zona 17S)
MINERALES & DERIVADOS SUDAMERICANA S.A.C.,PERFIL_2_cumplimiento,1,1000.0,PIURA,SECHURA,N,TITULADO,DIA/PAMA + DAC/ESTAMIN + Seguridad,false,false,true,true,false,,INGEMMET - Catastro Minero (zona 17S)
CORPORACIÓN VALLE DEL NORTE SRL,PERFIL_2_cumplimiento,1,200.0,PIURA,MAR /  TALARA,N,TITULADO,DIA/PAMA + DAC/ESTAMIN + Seguridad,false,false,true,true,false,,INGEMMET - Catastro Minero (zona 17S)
S.M.R.L. SALINAS BREA,PERFIL_2_cumplimiento,1,200.0,PIURA,MAR /  TALARA,N,TITULADO,DIA/PAMA + DAC/ESTAMIN + Seguridad,false,false,true,true,false,,INGEMMET - Catastro Minero (zona 17S)
