razon_social,n_concesiones,hectareas_totales,departamentos,provincias,estados_concesion,sustancias,dominio_corporativo,nombre_decisor,cargo,correo_corporativo,telefono_empresarial,fuente_dato,servicio_potencial,ultima_interaccion
COMPAÑIA MINERA AGREGADOS CALCAREOS S.A.,151,29153.7,ANCASH; CAJAMARCA; PIURA,CAJAMARCA; CASMA; CELENDIN; HUANCABAMBA; JAEN; MAR /  SECHURA; PAITA; PAITA /  SULLANA /  TALARA; PAITA /  TALARA; PALLASCA; PIURA; PIURA /  SULLANA; SAN MARCOS; SAN MIGUEL; SAN PABLO; SANTA; SULLANA; SULLANA /  TALARA; TALARA,TITULADO; TRAMITE,N,holcim.com.pe,,,,,"; sitio web oficial (comacsa.com.pe redirige a Holcim Peru — marca fusionada, verificar vigencia del nombre legal)",,
MINISTERIO DE TRANSPORTES Y COMUNICACIONES,136,847.1,ANCASH; CAJAMARCA; PIURA,AYABACA; CAJAMARCA; CASMA; CELENDIN; CHOTA; CUTERVO; HUANCABAMBA; HUARMEY; JAEN; PAITA; PALLASCA; PIURA; PIURA /  SULLANA; SAN MIGUEL; SAN PABLO; SANTA; SANTA CRUZ; SECHURA; SULLANA,OTROS,N,,,,,,INGEMMET - Catastro Minero (zona 17S),,
CEMENTOS PACASMAYO S.A.A.,122,93841.3,ANCASH; CAJAMARCA; CAJAMARCA /  LA LIBERTAD; CAJAMARCA /  LAMBAYEQUE; PIURA,ASCOPE /  CONTUMAZA; CAJABAMBA /  SANCHEZ CARRION; CAJAMARCA; CELENDIN; CHEPEN /  SAN MIGUEL; CHICLAYO /  SAN MIGUEL; CHICLAYO /  SANTA CRUZ; CHOTA; CHOTA /  HUALGAYOC; CHOTA /  SANTA CRUZ; CONTUMAZA; CONTUMAZA /  GRAN CHIMU; CORONGO; CORONGO /  PALLASCA; MAR /  PAITA; MAR /  SECHURA; MORROPON; PAITA; PAITA /  PIURA; PAITA /  PIURA /  SULLANA; PAITA /  SULLANA; PALLASCA; PIURA; SAN MARCOS; SAN MIGUEL; SANTA; SANTA CRUZ; SECHURA; SULLANA,TITULADO; TRAMITE,N,cementospacasmayo.com.pe,,,,,; sitio web oficial,,
GOLD FIELDS LA CIMA S.A.,112,15758.3,CAJAMARCA,CAJAMARCA; CAJAMARCA /  SAN PABLO; HUALGAYOC; HUALGAYOC /  SAN MIGUEL; SAN PABLO,OTROS; TITULADO; TRAMITE,M,goldfields.com.pe,,,,,; sitio web oficial,,
FRESNILLO PERU S.A.C.,108,56529.7,ANCASH; CAJAMARCA; CAJAMARCA /  LA LIBERTAD; CAJAMARCA /  LAMBAYEQUE; CAJAMARCA /  LAMBAYEQUE /  PIURA; PIURA,CAJABAMBA; CAJABAMBA /  CAJAMARCA; CAJABAMBA /  GRAN CHIMU; CAJABAMBA /  OTUZCO; CAJAMARCA; CELENDIN; CHICLAYO /  CHOTA; CHICLAYO /  SANTA CRUZ; CHOTA; CONTUMAZA; CUTERVO; CUTERVO /  FERREÑAFE; CUTERVO /  JAEN; HUALGAYOC; HUALGAYOC /  SANTA CRUZ; HUANCABAMBA; HUANCABAMBA /  JAEN /  LAMBAYEQUE; JAEN; SAN IGNACIO; SAN MIGUEL; SAN PABLO; SANTA; SANTA CRUZ,TITULADO; TRAMITE,M,,,,,,INGEMMET - Catastro Minero (zona 17S),,
MINERA LA GRANJA S.A.C.,62,49794.1,CAJAMARCA,CHOTA; CHOTA /  CUTERVO; CUTERVO,TITULADO,M,,,,,,INGEMMET - Catastro Minero (zona 17S),,
COMPAÑIA MINERA MISKI MAYO S.R.L.,57,117309.1,PIURA,MAR /  SECHURA; SECHURA,OTROS; TITULADO,N,miskimayo.com,,,,,; sitio web oficial,,
REGULUS RESOURCES PERU S.A.C.,40,3525.5,CAJAMARCA,HUALGAYOC,TITULADO,M,regulusresources.com,,,,,"; sitio web oficial (dominio del grupo matriz canadiense, usado tambien para la operacion en Peru)",,
NEXA RESOURCES PERU S.A.A.,38,33200.0,CAJAMARCA; PIURA,AYABACA; CAJABAMBA; CAJABAMBA /  SAN MARCOS; CAJAMARCA /  SAN MARCOS; PIURA,TITULADO; TRAMITE,M,nexaresources.com,,,,,; sitio web oficial,,
MINERA ATE S.A.C.,36,20453.8,PIURA,AYABACA; AYABACA /  FUERA DEL PERU; AYABACA /  PIURA; AYABACA /  SULLANA,TITULADO; TRAMITE,M,,,,,,INGEMMET - Catastro Minero (zona 17S),,
DRUK COMPAÑIA MINERA S.A.C.,32,24500.0,ANCASH,CASMA; CASMA /  HUARAZ /  HUARMEY; HUARMEY; SANTA,TITULADO,M,,,,,,INGEMMET - Catastro Minero (zona 17S),,
PYRAMID METALS S.A.C.,30,16300.0,ANCASH; CAJAMARCA,CAJABAMBA; CASMA; CASMA /  MAR; HUARMEY; SANTA,TITULADO; TRAMITE,M,,,,,,INGEMMET - Catastro Minero (zona 17S),,
VALE EXPLORATION PERU S.A.C.,28,22800.0,CAJAMARCA; CAJAMARCA /  LAMBAYEQUE; CAJAMARCA /  PIURA,CAJABAMBA; CHICLAYO /  SAN MIGUEL; CHOTA; CHOTA /  SANTA CRUZ; CONTUMAZA; CUTERVO /  FERREÑAFE; CUTERVO /  FERREÑAFE /  JAEN; HUANCABAMBA /  JAEN; JAEN; SANTA CRUZ,TITULADO,M,,,,,,INGEMMET - Catastro Minero (zona 17S),,
PERASOL S.A.C.,26,9400.0,ANCASH; PIURA,AYABACA; HUARMEY; PIURA; SULLANA,TITULADO,N,,,,,,INGEMMET - Catastro Minero (zona 17S),,
COMPAÑIA DE MINAS BUENAVENTURA S.A.A.,26,19498.4,PIURA,MORROPON /  PIURA; PIURA,TITULADO,M; N,buenaventura.com,,,,(511) 419-2500,; sitio web oficial,,
CONSORCIO MINERO ATE S.A.C.,24,14203.1,PIURA,AYABACA; AYABACA /  FUERA DEL PERU,TITULADO,M,,,,,,INGEMMET - Catastro Minero (zona 17S),,
"SOUTHERN PERU COPPER CORPORATION, SUCURSAL DEL PERU",23,8451.4,CAJAMARCA,CAJAMARCA; CAJAMARCA /  CELENDIN,TITULADO,M,southerncoppercorp.com,,,,(511) 512-0440,; sitio web oficial,,
CIA MINERA SORAYA E.I.R.L.,23,201.3,CAJAMARCA,HUALGAYOC,TITULADO,M,,,,,,INGEMMET - Catastro Minero (zona 17S),,
MINERA YANACOCHA S.R.L.,21,107752.4,CAJAMARCA,CAJAMARCA; CAJAMARCA /  CELENDIN; CAJAMARCA /  CELENDIN /  HUALGAYOC /  SAN MIGUEL /  SAN PABLO; CELENDIN; SAN MIGUEL,OTROS; TITULADO,M; N,,,,,,INGEMMET - Catastro Minero (zona 17S),,
NUEVO ARCOIRIS S.A.C.,21,16300.0,PIURA,PIURA; PIURA /  SULLANA,TRAMITE,M,,,,,,INGEMMET - Catastro Minero (zona 17S),,
ACTIVOS MINEROS S.A.C.,20,121686.3,ANCASH; CAJAMARCA; PIURA,CAJAMARCA; CASMA; PIURA; SECHURA,TITULADO,M; N,gob.pe/institucion/amsac,,,,(511) 204-9000,"; plataforma del Estado peruano (empresa publica FONAFE, no es cliente ABM tipico — remediacion ambiental estatal)",,
PERU FORTESCUE S.A.C.,20,16900.0,ANCASH; CAJAMARCA; CAJAMARCA /  LAMBAYEQUE,CORONGO; CORONGO /  PALLASCA /  SANTA; FERREÑAFE /  JAEN; JAEN; SANTA,TITULADO,M,,,,,,INGEMMET - Catastro Minero (zona 17S),,
BLACK SWAN MINERALS S.A.C.,20,13200.0,ANCASH; CAJAMARCA,HUARMEY; HUARMEY /  MAR; JAEN; SANTA,TITULADO,M,,,,,,INGEMMET - Catastro Minero (zona 17S),,
TECK PERU S.A.,20,16300.0,ANCASH; CAJAMARCA,CAJABAMBA; HUAYLAS /  SANTA; SANTA,TITULADO; TRAMITE,M,teck.com,,,exploration@teck.com,,INGEMMET - Catastro Minero (zona 17S); sitio web oficial,,
ANDEAN ANTHRACITE ACE S.A.,19,6739.6,ANCASH; CAJAMARCA; CAJAMARCA /  LA LIBERTAD,CAJABAMBA; CAJABAMBA /  SANCHEZ CARRION; CAJAMARCA; CAJAMARCA /  GRAN CHIMU; CORONGO; PALLASCA,TITULADO,N,andeananthracite.com,,,,,INGEMMET - Catastro Minero (zona 17S); sitio web oficial,,
COMPAÑIA MINERA COIMOLACHE S.A.,19,20291.8,CAJAMARCA,CHOTA /  HUALGAYOC; HUALGAYOC; HUALGAYOC /  SAN MIGUEL; HUALGAYOC /  SAN MIGUEL /  SANTA CRUZ; SAN MIGUEL,OTROS; TITULADO,M,buenaventura.com,,,,,"INGEMMET - Catastro Minero (zona 17S); sitio web oficial (subsidiaria de Buenaventura, sin sitio propio)",,
ATOM ENVIRONMENTAL S.A.C.,18,13000.0,CAJAMARCA,JAEN,TITULADO,M,,,,,,INGEMMET - Catastro Minero (zona 17S),,
SALMUERAS SUDAMERICANAS S.A.,18,13500.0,PIURA,SECHURA,TITULADO,N,,,,,,INGEMMET - Catastro Minero (zona 17S),,
COMPAÑIA MINERA LOS MANTOS S.A.,17,235.3,CAJAMARCA,HUALGAYOC,TITULADO,M,,,,,,INGEMMET - Catastro Minero (zona 17S),,
RIO BLANCO COPPER S.A.,17,13644.2,PIURA,AYABACA /  HUANCABAMBA; FUERA DEL PERU /  HUANCABAMBA; HUANCABAMBA,TITULADO,M,,,,,,INGEMMET - Catastro Minero (zona 17S),,
CORPORACION MATERIALES PIURA S.A.C.,16,11100.0,PIURA,MAR /  PAITA; PAITA; PAITA /  PIURA,TITULADO,N,,,,,,INGEMMET - Catastro Minero (zona 17S),,
IAMGOLD PERU S.A.,14,5800.0,CAJAMARCA,CELENDIN; CELENDIN /  HUALGAYOC; CUTERVO,TITULADO; TRAMITE,M,iamgold.com,,,info@iamgold.com,,INGEMMET - Catastro Minero (zona 17S); sitio web oficial (dominio de la matriz canadiense),,
SIERRA MINING S.A.C.,13,6097.6,ANCASH; PIURA,AYABACA; AYABACA /  FUERA DEL PERU; AYABACA /  SULLANA; CASMA; PIURA; SANTA,TITULADO; TRAMITE,M,,,,,,INGEMMET - Catastro Minero (zona 17S),,
INVERSIONES PACASMAYO S.A.,13,10100.0,PIURA,MAR /  SECHURA; SECHURA,TITULADO,N,,,,,,INGEMMET - Catastro Minero (zona 17S),,
COMPAÑIA MINERA CENTRO ANDES S.A.C.,12,10700.0,ANCASH; CAJAMARCA,CASMA /  HUARAZ /  HUARMEY; CASMA /  HUARMEY; HUARMEY; JAEN,TITULADO; TRAMITE,M,,,,,,INGEMMET - Catastro Minero (zona 17S),,
COMPAÑIA MINERA LAS CAMELIAS S.A.,12,1147.8,CAJAMARCA; CAJAMARCA /  LA LIBERTAD,ASCOPE /  CONTUMAZA; CAJAMARCA; CONTUMAZA; SAN MARCOS,TITULADO,N,,,,,,INGEMMET - Catastro Minero (zona 17S),,
REFRACTARIOS PERUANOS S.A.,12,8500.0,PIURA,PAITA,TITULADO,N,repsa.com.pe,,,uno@repsa.com.pe,(51-1) 515-1100,INGEMMET - Catastro Minero (zona 17S); sitio web oficial,,
MINERA MAPSA S.A.,11,10800.0,ANCASH; ANCASH /  LA LIBERTAD /,HUARMEY; MAR /  SANTA; MAR /  SANTA /  VIRU,TITULADO,M,,,,,,INGEMMET - Catastro Minero (zona 17S),,
SEG MINING COMPANY S.A.C.,11,4700.0,ANCASH,SANTA,TITULADO,M,,,,,,INGEMMET - Catastro Minero (zona 17S),,
YANA QURI P & M S.A.C.,11,5800.0,CAJAMARCA,FUERA DEL PERU /  SAN IGNACIO; JAEN; JAEN /  SAN IGNACIO; SAN IGNACIO,TITULADO; TRAMITE,M,,,,,,"INGEMMET - Catastro Minero (zona 17S); AMBIGUO: busqueda solo devolvio 'Minera Yanaquihua S.A.C.', empresa distinta por nombre - no se completo dominio para evitar falso match",,
ROOT MINERALS S.A.C.,11,9500.0,PIURA,SECHURA,EXTINGUIDO; TITULADO,N,,,,,,INGEMMET - Catastro Minero (zona 17S),,
EXPLORACIONES HORIZONTE GOLD S.A.C.,11,1800.0,PIURA,AYABACA; AYABACA /  PIURA; PIURA; PIURA /  SULLANA; SULLANA,TITULADO; TRAMITE,M,,,,,,INGEMMET - Catastro Minero (zona 17S),,
COMPAÑIA MINERA COLQUIRRUMI S.A.,10,248.7,CAJAMARCA,HUALGAYOC,TITULADO,M,buenaventura.com,,,,,"INGEMMET - Catastro Minero (zona 17S); sitio web oficial (subsidiaria de Buenaventura para pasivos ambientales, sin sitio propio)",,
MINERA ANTARES PERU S.A.C.,10,8100.0,CAJAMARCA; CAJAMARCA /  LAMBAYEQUE,CHOTA; CHOTA /  CUTERVO; CHOTA /  CUTERVO /  FERREÑAFE; CHOTA /  FERREÑAFE,TITULADO,M,,,,,,INGEMMET - Catastro Minero (zona 17S),,
GOBIERNO REGIONAL DE PIURA,10,209.8,PIURA,HUANCABAMBA; SULLANA,OTROS,N,,,,,,INGEMMET - Catastro Minero (zona 17S),,
EXPLOANDINA HUALANYOG S.A.C,9,2700.0,ANCASH,CASMA; CASMA /  SANTA,TITULADO; TRAMITE,M,,,,,,INGEMMET - Catastro Minero (zona 17S),,
RIAL MINERA S.A.C.,9,3600.0,CAJAMARCA,SAN IGNACIO,TITULADO,M,,,,,,INGEMMET - Catastro Minero (zona 17S),,
COMPAÑIA MINERA POMATAREA S.A.C.,9,7100.0,CAJAMARCA,JAEN; SAN IGNACIO,TITULADO; TRAMITE,M,,,,,,INGEMMET - Catastro Minero (zona 17S),,
MINERA AURIFERA RETAMAS S.A.,9,6100.0,CAJAMARCA,CAJAMARCA; CAJAMARCA /  CELENDIN,TITULADO; TRAMITE,M,marsa.com.pe,,,,,INGEMMET - Catastro Minero (zona 17S); sitio web oficial,,
COMPAÑIA MINERA LINCUNA S.A.,9,7600.0,CAJAMARCA; CAJAMARCA /  LA LIBERTAD,CAJAMARCA; CAJAMARCA /  CONTUMAZA /  GRAN CHIMU; JAEN,TITULADO,M,lincuna.com.pe,,,,,INGEMMET - Catastro Minero (zona 17S); sitio web oficial,,
S.M.R.L. CORDILLERA I,9,5000.0,CAJAMARCA,SAN MIGUEL,TITULADO; TRAMITE,M,,,,,,"INGEMMET - Catastro Minero (zona 17S); AMBIGUO: unico resultado fue 'Minera Cordillera S.A.' (empresa argentina), no coincide - no se completo dominio",,
GOLD FIELDS PARACAS S.A.C.,9,216.6,CAJAMARCA,HUALGAYOC,TITULADO,M,goldfields.com.pe,,,,,"INGEMMET - Catastro Minero (zona 17S); sitio web oficial (posible SPV/proyecto de Gold Fields, dominio del grupo)",,
MINERA MISKI S.A.C.,9,4800.0,PIURA,PIURA,EXTINGUIDO; TITULADO; TRAMITE,M,,,,,,INGEMMET - Catastro Minero (zona 17S); AMBIGUO: podria ser nombre legado/duplicado de 'COMPAÑIA MINERA MISKI MAYO S.R.L.' (ver esa fila) - verificar RUC manualmente antes de asumir que es la misma empresa,,
S.M.R.L. CERRO MOCHO S.R.L.,9,1800.0,PIURA,PAITA; SULLANA; SULLANA /  TALARA,TITULADO,N,,,,,,INGEMMET - Catastro Minero (zona 17S),,
COMPAÑIA MINERA ANTAMINA S.A.,8,3914.8,ANCASH,HUARMEY; HUARMEY /  MAR,OTROS; TITULADO,M; N,antamina.com,,,,,INGEMMET - Catastro Minero (zona 17S); sitio web oficial,,
S.M.R.L. BENAVIDES Nº1 DE CAJAMARCA,8,261.8,CAJAMARCA,HUALGAYOC,TITULADO,M,,,,,,INGEMMET - Catastro Minero (zona 17S),,
CIA MINERA CLEOFE S.R.L.,8,1400.0,CAJAMARCA,CHOTA; HUALGAYOC,TITULADO; TRAMITE,M; N,,,,,,INGEMMET - Catastro Minero (zona 17S),,
PARREÑA PERU S.A.C.,8,3500.0,CAJAMARCA; CAJAMARCA /  LAMBAYEQUE,CAJABAMBA; CAJABAMBA /  CAJAMARCA; CAJAMARCA; CELENDIN; CHICLAYO /  CHOTA; CONTUMAZA; CUTERVO,TRAMITE,M,,,,,,INGEMMET - Catastro Minero (zona 17S),,
GOLDEN SNAKE MINING & EXPLORATION III SAC,8,7600.0,CAJAMARCA,CELENDIN,TITULADO,N,,,,,,INGEMMET - Catastro Minero (zona 17S),,
ODISEA PERUS S.A.C,8,2000.0,PIURA,AYABACA; PAITA; PIURA; PIURA /  SECHURA; PIURA /  SULLANA; SULLANA,TITULADO; TRAMITE,M; N,,,,,,INGEMMET - Catastro Minero (zona 17S),,
IRBENSA SOCIEDAD ANONIMA,7,5800.0,ANCASH,CASMA; SANTA,TITULADO,M,,,,,,INGEMMET - Catastro Minero (zona 17S),,
EXPLOANDINA S.A.C.,7,3900.0,ANCASH,CASMA; CASMA /  YUNGAY; SANTA,EXTINGUIDO; TITULADO,M,,,,,,INGEMMET - Catastro Minero (zona 17S),,
J.C. ASTILLEROS S.A.,7,1969.4,ANCASH,CASMA /  SANTA; MAR /  SANTA; SANTA,TITULADO; TRAMITE,M; N,,,,,,INGEMMET - Catastro Minero (zona 17S),,
CALERA EL ZASAL S.A.C.,7,1900.0,CAJAMARCA,CELENDIN; CELENDIN /  HUALGAYOC; CHOTA /  HUALGAYOC; HUALGAYOC,TITULADO; TRAMITE,N,,,,,,INGEMMET - Catastro Minero (zona 17S),,
COMPAÑIA MINERA ARES S.A.C.,7,5900.0,CAJAMARCA; CAJAMARCA /  LA LIBERTAD,CONTUMAZA /  GRAN CHIMU; SAN MIGUEL,EXTINGUIDO; TITULADO,M,hochschildmining.com,,,,,"INGEMMET - Catastro Minero (zona 17S); sitio web oficial (subsidiaria de Hochschild Mining, sin sitio propio independiente)",,
LUMINA COPPER S.A.C.,7,3315.9,CAJAMARCA,CAJAMARCA /  CELENDIN; CELENDIN,TITULADO,M,,,,,,INGEMMET - Catastro Minero (zona 17S),,
MINERA HUINCHOS S.A.C.,7,2900.0,CAJAMARCA,SAN MIGUEL,TITULADO,M,,,,,,INGEMMET - Catastro Minero (zona 17S),,
ANGLO AMERICAN PERU S.A.,7,5200.0,CAJAMARCA; CAJAMARCA /  LA LIBERTAD,CONTUMAZA; CONTUMAZA /  GRAN CHIMU; SAN MIGUEL,EXTINGUIDO; TITULADO,M,peru.angloamerican.com,,,,(511) 614-6000,INGEMMET - Catastro Minero (zona 17S); sitio web oficial,,
ANDALUCITA S.A.,7,2864.0,PIURA,MAR /  PAITA; PAITA,OTROS; TITULADO,N,,,,,,INGEMMET - Catastro Minero (zona 17S),,
FOSFATOS DEL PACIFICO S.A.,7,15184.1,PIURA,MAR /  SECHURA; SECHURA,OTROS; TITULADO,N,fosfatosdelpacifico.pe,,,,,INGEMMET - Catastro Minero (zona 17S); sitio web oficial,,
DISTRIBUIDORA NORTE PACASMAYO S.R.L.,7,3400.0,PIURA,PAITA; SECHURA; SULLANA; TALARA,TITULADO; TRAMITE,N,dino.com.pe,,,,0800-1-3466,INGEMMET - Catastro Minero (zona 17S); sitio web oficial (correo encontrado pvalencia@dino.com.pe descartado por estar ligado a una persona),,
INEXPORT SERVIS SOCIEDAD ANONIMA CERRADA,7,1500.0,PIURA,PIURA; SECHURA; SULLANA,TITULADO; TRAMITE,N,,,,,,INGEMMET - Catastro Minero (zona 17S),,
MINERIA & CONSTRUCCION CONSTMIN S.A.C.,6,2000.0,ANCASH,CASMA; HUARMEY,TITULADO,N,,,,,,INGEMMET - Catastro Minero (zona 17S),,
CORPORACION MINERA NUEVA LUZ E.I.R.L.,6,800.0,ANCASH,CASMA /  YUNGAY; CORONGO; CORONGO /  SANTA; SANTA,TITULADO; TRAMITE,M,,,,,,INGEMMET - Catastro Minero (zona 17S),,
GOLDEN IDEAL GOLD MINING SAC,6,1600.0,ANCASH; CAJAMARCA; PIURA,HUARMEY; SAN PABLO; SECHURA; TALARA,TITULADO,M,,,,,,INGEMMET - Catastro Minero (zona 17S),,
MINERA CHIMU S.A.C.,6,2600.0,ANCASH,PALLASCA,TITULADO,M,,,,,,INGEMMET - Catastro Minero (zona 17S),,
POLIMETALICOS CHIMBOTE SOCIEDAD ANONIMA CERRADA,6,737.8,ANCASH,SANTA,OTROS; TITULADO,M,,,,,,INGEMMET - Catastro Minero (zona 17S),,
MINERA VETA DORADA S.A.C.,6,3100.0,ANCASH; CAJAMARCA /  LA LIBERTAD; PIURA,ASCOPE /  CONTUMAZA; AYABACA; SANTA,TITULADO; TRAMITE,M,,,,,,INGEMMET - Catastro Minero (zona 17S),,
CONSULTORES MAPE JH S.A.C.,6,3500.0,CAJAMARCA,CAJABAMBA; CAJABAMBA /  CAJAMARCA; CAJABAMBA /  CAJAMARCA /  SAN MARCOS; CAJABAMBA /  SAN MARCOS,TITULADO; TRAMITE,M,,,,,,INGEMMET - Catastro Minero (zona 17S),,
SERVICIOS BULLMINING SAC,6,5400.0,CAJAMARCA; CAJAMARCA /  LA LIBERTAD,CAJABAMBA; CAJABAMBA /  SANCHEZ CARRION; CELENDIN; CONTUMAZA; SAN MIGUEL; SANTA CRUZ,TRAMITE,M,,,,,,INGEMMET - Catastro Minero (zona 17S),,
CONSTRUCTORA ESTRELLA DE BELEM S.A.,6,1100.0,PIURA,PIURA; PIURA /  SULLANA; SULLANA,TITULADO,N,,,,,,INGEMMET - Catastro Minero (zona 17S),,
NEGOCIOS GENERALES Y SERVICIOS JERUSALEM E.I.R.L.,6,1400.0,PIURA,PAITA /  SULLANA; SULLANA /  TALARA,TITULADO,N,,,,,,INGEMMET - Catastro Minero (zona 17S),,
SERVICIOS GENERALES GRAFI PERU S.A.C.,5,1200.0,ANCASH,HUARMEY,TITULADO,M,,,,,,INGEMMET - Catastro Minero (zona 17S),,
GRUPO JEVIMO S.A.C.,5,3200.0,ANCASH,HUARMEY,TITULADO,M,,,,,,INGEMMET - Catastro Minero (zona 17S),,
COMPANIA DE MINAS MININGOLD SR.L.,5,1300.0,CAJAMARCA,CHOTA; HUALGAYOC,TITULADO; TRAMITE,M; N,,,,,,INGEMMET - Catastro Minero (zona 17S),,
EXPLORACIONES ANTAKANA S.A.C.,5,3800.0,CAJAMARCA,CAJAMARCA /  CONTUMAZA; CONTUMAZA; JAEN,TITULADO; TRAMITE,M,,,,,,INGEMMET - Catastro Minero (zona 17S),,
S.M.R.L. DORADO,5,18.0,CAJAMARCA,HUALGAYOC,TITULADO,M,,,,,,INGEMMET - Catastro Minero (zona 17S),,
V DE V & ASOCIADOS S.A.C.,5,1000.0,CAJAMARCA,JAEN /  SAN IGNACIO; SAN IGNACIO,EXTINGUIDO; TITULADO,M,,,,,,INGEMMET - Catastro Minero (zona 17S),,
CALERA BENDICION DE DIOS E.I.R.L.,5,1700.0,CAJAMARCA,CELENDIN; CHOTA; CHOTA /  HUALGAYOC; HUALGAYOC,TITULADO; TRAMITE,N,,,,,,INGEMMET - Catastro Minero (zona 17S),,
S.M.R.L. LOS NEGROS Y SANTO CRISTO DE CAJAMARCA,5,44.0,CAJAMARCA,HUALGAYOC,TITULADO,M,,,,,,INGEMMET - Catastro Minero (zona 17S),,
COPPER NORTE RESOURCES E.I.R.L.,5,3400.0,CAJAMARCA,SAN MIGUEL; SAN MIGUEL /  SANTA CRUZ,TRAMITE,M,,,,,,INGEMMET - Catastro Minero (zona 17S),,
MINSUR S.A.,5,3400.0,CAJAMARCA,FUERA DEL PERU /  SAN IGNACIO; SAN IGNACIO,EXTINGUIDO; TITULADO; TRAMITE,M,minsur.com,,,,(511) 215-8330,INGEMMET - Catastro Minero (zona 17S); sitio web oficial,,
MINERA CASSIL E.I.R.L.,5,700.0,CAJAMARCA,CAJAMARCA,TITULADO; TRAMITE,N,,,,,,INGEMMET - Catastro Minero (zona 17S),,
TORRINE S.A.C.,5,4300.0,CAJAMARCA; PIURA,AYABACA; AYABACA /  PIURA; CONTUMAZA,TITULADO; TRAMITE,M,,,,,,INGEMMET - Catastro Minero (zona 17S),,
ILLESCAS SERVICE S.A.C.,5,900.0,PIURA,PIURA,TITULADO; TRAMITE,N,,,,,,INGEMMET - Catastro Minero (zona 17S),,
ROYAL GOLD PERU S.A.C,5,1505.1,PIURA,PIURA; PIURA /  SULLANA,OTROS; TITULADO,M,royalgp.com.pe,,,,,"INGEMMET - Catastro Minero (zona 17S); sitio web oficial (verificar: existe otra entidad homonima 'ROYAL GOLD PERU S.A.C.' con RUC distinto en Lima; este dominio corresponde a la ubicada en Las Lomas, Piura, coincidente con la region de esta fila)",,
CONSTRUCTORA Y SERVICIOS ESTRELLA DEL ORIENTE S.A.,5,600.0,PIURA,PAITA; PAITA /  SULLANA; PIURA; PIURA /  SULLANA; SULLANA,TITULADO; TRAMITE,N,,,,,,INGEMMET - Catastro Minero (zona 17S),,
SENSEI MINERALES S.R.L.,5,1619.7,PIURA,HUANCABAMBA,TITULADO,M; N,,,,,,INGEMMET - Catastro Minero (zona 17S),,
COMPAÑIA MINERA MARILIA & FCS SAC,5,2500.0,PIURA,AYABACA,TITULADO,M,,,,,,INGEMMET - Catastro Minero (zona 17S),,
ASTROS INGENIEROS S.R.LTDA.,5,508.3,PIURA,PAITA,OTROS; TITULADO,N,,,,,,INGEMMET - Catastro Minero (zona 17S),,
ANDOANDINA BIOTECH S.A.C.,5,5000.0,PIURA,SULLANA /  TALARA; TALARA,TITULADO,M,,,,,,INGEMMET - Catastro Minero (zona 17S),,
ALFHEIM INVESTMENTS S.A.C.,4,3500.0,ANCASH,CASMA; HUARMEY; PALLASCA,TITULADO,M,,,,,,INGEMMET - Catastro Minero (zona 17S),,
COMPAÑIA CENTENIAL S.A.,4,1199.9,ANCASH; CAJAMARCA,CASMA; SAN MIGUEL,TITULADO,N,,,,,,INGEMMET - Catastro Minero (zona 17S),,
ORION MINING COMERCIALIZATION SAC-ORMINCO S.A.C.,4,1953.4,ANCASH,CASMA /  SANTA; CASMA /  SANTA /  YUNGAY; SANTA,OTROS; TITULADO,M,orminco.com,,,,,INGEMMET - Catastro Minero (zona 17S); sitio web oficial,,
S.M.R.L. PERLA NEGRA III,4,1300.0,ANCASH; ANCASH /  LA LIBERTAD,CORONGO; PALLASCA; PALLASCA /  SANTIAGO DE CHUCO,TITULADO,N,,,,,,INGEMMET - Catastro Minero (zona 17S),,
SHAMBHALA RESOURCES SOCIEDAD ANONIMA CERRADA,4,3800.0,ANCASH,HUARMEY,EXTINGUIDO; TITULADO,M,,,,,,INGEMMET - Catastro Minero (zona 17S),,
CONSTRUCTORA Y SERVICIOS GENERALES G&G S.A.C,4,1100.0,ANCASH,HUARMEY; SANTA,TITULADO; TRAMITE,M; N,,,,,,INGEMMET - Catastro Minero (zona 17S),,
CALIPEC S.A.C.,4,400.0,ANCASH,HUARMEY,TITULADO; TRAMITE,N,,,,,,INGEMMET - Catastro Minero (zona 17S),,
AGF GLOBAL S.A.C.,4,1900.0,ANCASH,HUAYLAS; HUAYLAS /  SANTA; SANTA,TITULADO; TRAMITE,M,,,,,,INGEMMET - Catastro Minero (zona 17S),,
JALFPO S.A.C.,4,800.0,ANCASH,PALLASCA,TITULADO; TRAMITE,M,,,,,,INGEMMET - Catastro Minero (zona 17S),,
CORPORACION MINERA ASHUNISA SAC,4,1000.0,ANCASH; PIURA,AYABACA; SANTA,TITULADO,M,,,,,,INGEMMET - Catastro Minero (zona 17S),,
COBRE AZTECA S.A.C.,4,700.0,ANCASH,SANTA,TITULADO,M,,,,,,INGEMMET - Catastro Minero (zona 17S),,
MINERA SOKA - INTIRUMI S.A.C.,4,700.0,ANCASH,SANTA,EXTINGUIDO; TITULADO; TRAMITE,M,,,,,,INGEMMET - Catastro Minero (zona 17S),,
COMPAÑIA MINERA PLUTON S.A.C.,4,1300.0,ANCASH,SANTA,TITULADO,M,,,,,,INGEMMET - Catastro Minero (zona 17S),,
COMPAÑIA DE REFORESTACIÓN CERTIFICACIÓN Y COMERCIALIZACIÓN S,4,500.0,CAJAMARCA,CAJAMARCA,EXTINGUIDO; TITULADO; TRAMITE,N,,,,,,INGEMMET - Catastro Minero (zona 17S),,
COMPAÑIA MINERA POSHAN S.A.C. Y OTROS,4,2000.0,CAJAMARCA,CONTUMAZA,TITULADO,M,,,,,,INGEMMET - Catastro Minero (zona 17S),,
INVERSIONES 3MB SRL,4,500.0,CAJAMARCA,CHOTA; SANTA CRUZ,TITULADO; TRAMITE,M; N,,,,,,INGEMMET - Catastro Minero (zona 17S),,
MINERA PEPE LUCHO S.A.C.,4,829.8,CAJAMARCA,CELENDIN,TITULADO,M,,,,,,INGEMMET - Catastro Minero (zona 17S),,
NEGOCIACION MINERA EMILIO MONTOYA ZAMBRANO S.A.,4,16.0,CAJAMARCA,HUALGAYOC,OTROS; TITULADO,M; N,,,,,,INGEMMET - Catastro Minero (zona 17S),,
LA ARENA S.A.,4,3600.0,CAJAMARCA; CAJAMARCA /  LA LIBERTAD,CAJABAMBA; CAJABAMBA /  SANCHEZ CARRION,TITULADO,M,,,,,,INGEMMET - Catastro Minero (zona 17S),,
LA RESURRECCION E.I.R.L.,4,900.0,CAJAMARCA,CHOTA /  HUALGAYOC; HUALGAYOC,TITULADO,N,,,,,,INGEMMET - Catastro Minero (zona 17S),,
MINERA COLQUIRRUMI S.A.,4,1846.9,CAJAMARCA,HUALGAYOC; SAN MIGUEL,EXTINGUIDO; TITULADO; TRAMITE,M,,,,,,INGEMMET - Catastro Minero (zona 17S),,
S.M.R.L. FRATERNIDAD DE CAJAMARCA,4,14.5,CAJAMARCA,HUALGAYOC,TITULADO,M,,,,,,INGEMMET - Catastro Minero (zona 17S),,
HUDBAY PERU S.A.C.,4,2700.0,CAJAMARCA,JAEN,TITULADO,M,,,,,,INGEMMET - Catastro Minero (zona 17S),,
MINORTEX S.A.C.,4,801.9,CAJAMARCA,HUALGAYOC; HUALGAYOC /  SAN MIGUEL,TITULADO; TRAMITE,M,,,,,,INGEMMET - Catastro Minero (zona 17S),,
M & L STONES MINERAL S.A.C.,4,900.0,CAJAMARCA,CONTUMAZA,TITULADO; TRAMITE,M,,,,,,INGEMMET - Catastro Minero (zona 17S),,
BEPCOC MINING SAC,4,1000.0,CAJAMARCA; PIURA,AYABACA; CAJAMARCA /  CONTUMAZA,TITULADO; TRAMITE,M,,,,,,INGEMMET - Catastro Minero (zona 17S),,
ARPE CALEROS S.R.L.,4,500.0,CAJAMARCA,CAJAMARCA; CELENDIN; HUALGAYOC,TITULADO,M; N,,,,,,INGEMMET - Catastro Minero (zona 17S),,
ANDISA DEL PERU S.A.C.,4,600.0,CAJAMARCA,CAJAMARCA,TITULADO,N,,,,,,INGEMMET - Catastro Minero (zona 17S),,
SHAHUINDO S.A.C.,4,9611.9,CAJAMARCA,CAJABAMBA,OTROS; TITULADO,M,,,,,,INGEMMET - Catastro Minero (zona 17S),,
DOVISA SERVICIOS INTEGRALES E.I.R.L. Y OTROS,4,1200.0,PIURA,AYABACA,TRAMITE,M,,,,,,INGEMMET - Catastro Minero (zona 17S),,
CONSTRUCTORA Y SERVICIOS ORO NEGRO E.I.R.L,4,1100.0,PIURA,MORROPON; PIURA,TRAMITE,N,,,,,,INGEMMET - Catastro Minero (zona 17S),,
EDG MACKENZIE CONTRATISTAS GENERALES SAC,4,700.0,PIURA,PIURA; SECHURA; SULLANA,TITULADO; TRAMITE,M; N,,,,,,INGEMMET - Catastro Minero (zona 17S),,
FOSYEIKI S.A.C.,4,800.0,PIURA,SECHURA,TITULADO,N,,,,,,INGEMMET - Catastro Minero (zona 17S),,
S.M.R.L. GIBSON I,4,509.9,PIURA,AYABACA,TITULADO,M,,,,,,INGEMMET - Catastro Minero (zona 17S),,
CORPORACION MINERA EL DORADO SAC,4,3700.0,PIURA,SECHURA,TITULADO,N,,,,,,INGEMMET - Catastro Minero (zona 17S),,
CONSTRUCTORA PIRAMIDE E.I.R.L.,4,1400.0,PIURA,AYABACA; PIURA,TITULADO,M,,,,,,INGEMMET - Catastro Minero (zona 17S),,
CERAMICOS EL ROBLE S.A.C,4,400.0,PIURA,PAITA; SULLANA,EXTINGUIDO; TRAMITE,N,,,,,,INGEMMET - Catastro Minero (zona 17S),,
SERVICIOS GENERALES VIVIANA E.I.R.L.,4,800.0,PIURA,PIURA; SULLANA; TALARA,TITULADO; TRAMITE,M; N,,,,,,INGEMMET - Catastro Minero (zona 17S),,
ONIX DEL NORTE S.A.C.,4,2000.0,PIURA,AYABACA; AYABACA /  SULLANA,TITULADO,M,,,,,,INGEMMET - Catastro Minero (zona 17S),,
ESTACIÓN DE SERVICIOS CURO S.R.L,4,700.0,PIURA,PIURA; SULLANA; TALARA,TITULADO; TRAMITE,N,,,,,,INGEMMET - Catastro Minero (zona 17S),,
MINETRONIX S.A.C.,4,4000.0,PIURA,SULLANA,TRAMITE,N,,,,,,INGEMMET - Catastro Minero (zona 17S),,
INVERSIONES MINERAS DE LOS ANDES S.A.C.,3,211.8,ANCASH,CASMA,OTROS; TITULADO,M,,,,,,INGEMMET - Catastro Minero (zona 17S),,
EMPRESA SIDERURGICA DEL PERU S.A.A.,3,654.1,ANCASH,CASMA,TITULADO,N,,,,,,INGEMMET - Catastro Minero (zona 17S),,
INVERSIONES MINERAS C & D S.A.C.,3,900.0,ANCASH,CASMA; HUARMEY,TITULADO,M,,,,,,INGEMMET - Catastro Minero (zona 17S),,
SOMINBOR S.A.,3,460.8,ANCASH,CASMA,TITULADO,N,,,,,,INGEMMET - Catastro Minero (zona 17S),,
ECOING PERU S.R.L.,3,600.0,ANCASH; CAJAMARCA,CASMA; CHOTA /  HUALGAYOC; HUALGAYOC,TRAMITE,M,,,,,,INGEMMET - Catastro Minero (zona 17S),,
MINERA FERRO CARBON S.A.C.,3,367.0,ANCASH,CORONGO; CORONGO /  SANTA,TITULADO,M,,,,,,INGEMMET - Catastro Minero (zona 17S),,
VIVA MI LUZ S.A.C.,3,300.0,ANCASH,CORONGO /  SANTA; SANTA,TITULADO; TRAMITE,M,,,,,,INGEMMET - Catastro Minero (zona 17S),,
CORPORACION E INVERSIONES DEL PERU S.R.L,3,300.0,ANCASH,HUARMEY,TITULADO; TRAMITE,N,,,,,,INGEMMET - Catastro Minero (zona 17S),,
MINING COAL CORPORATION S.A.C.,3,1700.0,ANCASH,HUARMEY; PALLASCA,TITULADO,M; N,,,,,,INGEMMET - Catastro Minero (zona 17S),,
GRUPO VANFNOR S.A.C,3,300.0,ANCASH,HUARMEY,TITULADO,N,,,,,,INGEMMET - Catastro Minero (zona 17S),,
VENASAM E.I.R.L,3,400.0,ANCASH; ANCASH /  LA LIBERTAD,HUARMEY /  MAR; SANTA; SANTA /  VIRU,TITULADO; TRAMITE,N,,,,,,INGEMMET - Catastro Minero (zona 17S),,
CRITICAL MINERALS PERU S.A.,3,1700.0,ANCASH; CAJAMARCA /  LA LIBERTAD,CAJABAMBA /  SANCHEZ CARRION; MAR /  SANTA,TRAMITE,M; N,,,,,,INGEMMET - Catastro Minero (zona 17S),,
COMPAÑIA MINERA AURIFERA AVENTURA 77 S.A.,3,1042.2,ANCASH,PALLASCA,TITULADO,M,,,,,,INGEMMET - Catastro Minero (zona 17S),,
MINERA RC S.A.C.,3,1218.2,ANCASH,PALLASCA,TITULADO; TRAMITE,M; N,,,,,,INGEMMET - Catastro Minero (zona 17S),,
HATUM MINAS S.A.C.,3,1400.0,ANCASH,SANTA,TITULADO,M,,,,,,INGEMMET - Catastro Minero (zona 17S),,
MINERA VALE UN PERU E.I.R.L.,3,800.0,ANCASH,SANTA,TITULADO; TRAMITE,M,,,,,,INGEMMET - Catastro Minero (zona 17S),,
S.M.R.L. MINERA MARAÑON,3,700.0,ANCASH,SANTA,TRAMITE,M,,,,,,INGEMMET - Catastro Minero (zona 17S),,
MINERAL PERU AGROINDUSTRIA Y MINERIA S.A.C.,3,500.0,ANCASH,SANTA,TITULADO; TRAMITE,M,,,,,,INGEMMET - Catastro Minero (zona 17S),,
SERVICIOS MULTIPLES DEL SANTA S.A.C,3,1000.0,ANCASH,SANTA,TITULADO; TRAMITE,M; N,,,,,,INGEMMET - Catastro Minero (zona 17S),,
S.M.R.L. ESTEBAN SEBASTIAN,3,700.0,ANCASH,SANTA,TITULADO; TRAMITE,M,,,,,,INGEMMET - Catastro Minero (zona 17S),,
MINERA MARTI S.A.C.,3,900.0,ANCASH,SANTA,TRAMITE,M,,,,,,INGEMMET - Catastro Minero (zona 17S),,
MINERIA Y CONSTRUCCION DIJEECOS E.I.R.L.,3,600.0,ANCASH,YUNGAY,EXTINGUIDO; TRAMITE,M,,,,,,INGEMMET - Catastro Minero (zona 17S),,
MC INVESTMENTS PERU S.A.C.,3,1000.0,CAJAMARCA,CAJAMARCA /  CELENDIN; CELENDIN,TITULADO,M,,,,,,INGEMMET - Catastro Minero (zona 17S),,
EMPRESA MINERA EL PROGRESO S.R.L.,3,400.0,CAJAMARCA,HUALGAYOC,TITULADO,N,,,,,,INGEMMET - Catastro Minero (zona 17S),,
S.M.R.L. MOROCHA DE CAJAMARCA,3,12.0,CAJAMARCA,HUALGAYOC,TITULADO,M,,,,,,INGEMMET - Catastro Minero (zona 17S),,
COMPAÑIA MINERA EL FERROL S.A.C.,3,397.4,CAJAMARCA,CAJAMARCA,TITULADO,N,,,,,,INGEMMET - Catastro Minero (zona 17S),,
SOCIEDAD MINERA W.V. CORDILLERA SEKAI S.R.L.,3,700.0,CAJAMARCA,CAJAMARCA,TITULADO,N,,,,,,INGEMMET - Catastro Minero (zona 17S),,
XTRA MINERAL GOLD LIMITED E.I.R.L.,3,700.0,CAJAMARCA,CAJABAMBA; HUALGAYOC,TRAMITE,M,,,,,,INGEMMET - Catastro Minero (zona 17S),,
COMPAÑIA MINERA AURIFERA DEL SUR S.A.,3,2100.0,CAJAMARCA,CAJAMARCA; CAJAMARCA /  CELENDIN,TRAMITE,M,,,,,,INGEMMET - Catastro Minero (zona 17S),,
MINERA LA ZANJA S.R.L.,3,13843.8,CAJAMARCA,SAN MIGUEL; SAN MIGUEL /  SANTA CRUZ; SANTA CRUZ,OTROS; TITULADO,M,,,,,,INGEMMET - Catastro Minero (zona 17S),,
SERVICIOS Y OPERACIONES EL ROSEDAL S.A.,3,1000.0,CAJAMARCA,SAN MIGUEL,TITULADO,M,,,,,,INGEMMET - Catastro Minero (zona 17S),,
HNS CONSORCIO S.R.L.,3,1500.0,CAJAMARCA,CAJABAMBA,TITULADO,M,,,,,,INGEMMET - Catastro Minero (zona 17S),,
LAS VIZCACHAS J&V E.I.R.L.,3,500.0,CAJAMARCA,CAJAMARCA; SAN PABLO,TITULADO; TRAMITE,M; N,,,,,,INGEMMET - Catastro Minero (zona 17S),,
INVERSIONES SISA & ASOCIADOS S.A.C.,3,800.0,CAJAMARCA; CAJAMARCA /  LA LIBERTAD,CAJABAMBA; CAJABAMBA /  SANCHEZ CARRION,TRAMITE,M,,,,,,INGEMMET - Catastro Minero (zona 17S),,
GEOANDINA EXPLORACIONES S.A.C.,3,1900.0,CAJAMARCA; CAJAMARCA /  LA LIBERTAD,CAJABAMBA; CAJABAMBA /  GRAN CHIMU /  OTUZCO; CAJABAMBA /  OTUZCO,TITULADO,M,,,,,,INGEMMET - Catastro Minero (zona 17S),,
S.M.R.L. SILVANA Y DULCE IV,3,600.0,CAJAMARCA,CONTUMAZA,TITULADO; TRAMITE,M; N,,,,,,INGEMMET - Catastro Minero (zona 17S),,
ALCAORO S.A.C.,3,1200.0,CAJAMARCA; PIURA,AYABACA; CONTUMAZA,TITULADO; TRAMITE,M,,,,,,INGEMMET - Catastro Minero (zona 17S),,
S.M.R.L. CRISTAL 2,3,1200.0,CAJAMARCA,SANTA CRUZ,TITULADO,M,,,,,,INGEMMET - Catastro Minero (zona 17S),,
JIMEBAL S.R.L.,3,1000.0,CAJAMARCA,SAN IGNACIO,EXTINGUIDO; TITULADO; TRAMITE,M,,,,,,INGEMMET - Catastro Minero (zona 17S),,
EXTRACCION Y COMERCIALIZACION DE MINERALES NAYZA EIRL,3,430.2,CAJAMARCA; PIURA,FUERA DEL PERU /  SAN IGNACIO; PIURA,TRAMITE,M,,,,,,INGEMMET - Catastro Minero (zona 17S),,
G & J MINERIA Y CONSTRUCCIONES S.R.L.,3,700.0,PIURA,MORROPON; PIURA,TITULADO; TRAMITE,M; N,,,,,,INGEMMET - Catastro Minero (zona 17S),,
INVERSIONES LOS CEIVOS S.A.C.,3,1300.0,PIURA,AYABACA; AYABACA /  PIURA,EXTINGUIDO,M,,,,,,INGEMMET - Catastro Minero (zona 17S),,
CARRISALILLO 2012 S.R.L.,3,1900.0,PIURA,PIURA,TITULADO,M,,,,,,INGEMMET - Catastro Minero (zona 17S),,
PALO SANTO PERU S.R.L.,3,2000.0,PIURA,MORROPON /  PIURA; PIURA,TITULADO,M,,,,,,INGEMMET - Catastro Minero (zona 17S),,
WARBO GOLD WJS S.A.C.,3,1400.0,PIURA,AYABACA,TITULADO,M,,,,,,INGEMMET - Catastro Minero (zona 17S),,
EMPRESA MINERA LOS ALISOS E.I.R.L.,3,700.0,PIURA,PAITA; PIURA; SECHURA,TITULADO; TRAMITE,N,,,,,,INGEMMET - Catastro Minero (zona 17S),,
PALPINA COMPAÑIA MINERA S.A.C.,3,2600.0,PIURA,AYABACA; AYABACA /  PIURA,TRAMITE,M,,,,,,INGEMMET - Catastro Minero (zona 17S),,
GAMBELL TRADING S.A.C.,3,302.0,PIURA,SULLANA; TALARA,OTROS; TITULADO; TRAMITE,N,,,,,,INGEMMET - Catastro Minero (zona 17S),,
SOCIEDAD TERRA DEL INCA S.A.C.,3,700.0,PIURA,MAR /  PAITA; PAITA /  SECHURA,TITULADO,N,,,,,,INGEMMET - Catastro Minero (zona 17S),,
SERVICIOS LOGISTICOS INTEGRALES DEL NORTE SOCIEDAD COMERCIAL,3,300.0,PIURA,SULLANA,TITULADO,M,,,,,,INGEMMET - Catastro Minero (zona 17S),,
KIMORA EXPLORER E.I.R.L.,3,1300.0,PIURA,PAITA; PIURA,TITULADO; TRAMITE,N,,,,,,INGEMMET - Catastro Minero (zona 17S),,
DISTRIBUIDORA PALACIOS SERVICIOS GENERALES E.I.R.L.,3,500.0,PIURA,PAITA; SULLANA,TITULADO; TRAMITE,N,,,,,,INGEMMET - Catastro Minero (zona 17S),,
ANTARUMI MINERALS S.A.C.,3,500.0,PIURA,AYABACA /  FUERA DEL PERU; AYABACA /  FUERA DEL PERU /  SULLANA; AYABACA /  SULLANA,TRAMITE,M,,,,,,INGEMMET - Catastro Minero (zona 17S),,
CRREMIN INGENIEROS E INSTALACIONES S.A.,2,400.0,ANCASH,CASMA,TITULADO,M; N,,,,,,INGEMMET - Catastro Minero (zona 17S),,
EXPLORACIONES GREAT PROJECT S.A.C.,2,500.0,ANCASH; PIURA,AYABACA; CASMA,TITULADO,M,,,,,,INGEMMET - Catastro Minero (zona 17S),,
CORI LUYCHO S.A.C.,2,800.0,ANCASH,CASMA,TITULADO; TRAMITE,M,,,,,,INGEMMET - Catastro Minero (zona 17S),,
S.M.R.L. CERRO BLANCO 2019,2,300.0,ANCASH,CASMA,TITULADO,M,,,,,,INGEMMET - Catastro Minero (zona 17S),,
S.M.R.L. JAZMIN JHESLYN I,2,200.0,ANCASH,CASMA,TITULADO,M; N,,,,,,INGEMMET - Catastro Minero (zona 17S),,
NOOSFERA CONSULTORES SOCIEDAD ANONIMA CERRADA,2,2000.0,ANCASH,CASMA,TITULADO,M,,,,,,INGEMMET - Catastro Minero (zona 17S),,
MAVERICK TECH SOCIEDAD ANONIMA CERRADA,2,900.0,ANCASH,CASMA,TITULADO,M,,,,,,INGEMMET - Catastro Minero (zona 17S),,
COMPAÑIA MINERA CARAVELI S.A.C.,2,1199.9,ANCASH; CAJAMARCA,CASMA; SANTA CRUZ,TITULADO,M,,,,,,INGEMMET - Catastro Minero (zona 17S),,
MINERILT IMPORTACION & MAQUINARIA EN GENERAL S.A.C.,2,500.0,ANCASH,CASMA,TRAMITE,M,,,,,,INGEMMET - Catastro Minero (zona 17S),,
JOMAH SHEL ZAHAB E.I.R.L.,2,600.0,ANCASH,CASMA; HUARMEY,TITULADO,M,,,,,,INGEMMET - Catastro Minero (zona 17S),,
H.M. INTERNACIONAL E.I.R.L.,2,400.0,ANCASH,CASMA /  MAR,TITULADO,M,,,,,,INGEMMET - Catastro Minero (zona 17S),,
GLOBALWEALTH S.A.C.,2,400.0,ANCASH,CASMA /  MAR,TRAMITE,M,,,,,,INGEMMET - Catastro Minero (zona 17S),,
CORPORACION MINERA DEL SANTA S.A.C.,2,1002.9,ANCASH,CORONGO /  SANTA,TITULADO,N,,,,,,INGEMMET - Catastro Minero (zona 17S),,
INVERSIONES ROSA UNO S.A.C.,2,700.0,ANCASH,HUARMEY,TITULADO,M; N,,,,,,INGEMMET - Catastro Minero (zona 17S),,
S.M.R.L. FILOMENA 100,2,200.0,ANCASH,HUARMEY,TITULADO; TRAMITE,M,,,,,,INGEMMET - Catastro Minero (zona 17S),,
CIA MINERA TUCHICA E.I.R.L.,2,400.0,ANCASH,HUARMEY; SANTA,TITULADO,M,,,,,,INGEMMET - Catastro Minero (zona 17S),,
S.M.R.L. BARTOLO 08,2,200.0,ANCASH,HUARMEY,TITULADO,M,,,,,,INGEMMET - Catastro Minero (zona 17S),,
T & V CONSTRUCTORES Y PROVEEDORES S.A.C.,2,600.0,ANCASH,HUARMEY,TITULADO,M,,,,,,INGEMMET - Catastro Minero (zona 17S),,
ECO BIRRAK S.A.C.,2,900.0,ANCASH,HUARMEY /  MAR,TITULADO,M,,,,,,INGEMMET - Catastro Minero (zona 17S),,
MINERA SAN TEOFILO DE ANTIOQUIA E.I.R.L.,2,1300.0,ANCASH,HUARMEY /  MAR,EXTINGUIDO; TITULADO,M,,,,,,INGEMMET - Catastro Minero (zona 17S),,
J.C. E.I.R.L.,2,600.0,ANCASH,HUAYLAS; SANTA,TITULADO; TRAMITE,M,,,,,,INGEMMET - Catastro Minero (zona 17S),,
CONSORCIO YOMAR S.A.C.,2,600.0,ANCASH,MAR /  SANTA; SANTA,EXTINGUIDO; TRAMITE,M,,,,,,INGEMMET - Catastro Minero (zona 17S),,
COMPAÑIA MINERA CAMINANTE S.A.C,2,1568.3,ANCASH,PALLASCA,TITULADO,N,,,,,,INGEMMET - Catastro Minero (zona 17S),,
PEÑA BLESSED S.A.C.,2,300.0,ANCASH,PALLASCA,TITULADO; TRAMITE,M; N,,,,,,INGEMMET - Catastro Minero (zona 17S),,
CRAVES S.A.C,2,300.0,ANCASH,PALLASCA,TRAMITE,M,,,,,,INGEMMET - Catastro Minero (zona 17S),,
COLIBRI COPPER S.A.C.,2,47.1,ANCASH,PALLASCA,TITULADO,M,,,,,,INGEMMET - Catastro Minero (zona 17S),,
AGROFRUTAS DEL NORTE S.A.C.,2,200.0,ANCASH; CAJAMARCA,CONTUMAZA; PALLASCA,TITULADO,M,,,,,,INGEMMET - Catastro Minero (zona 17S),,
COMPAÑIA COLVADIHS NORTE S.A.C,2,600.0,ANCASH; ANCASH /  LA LIBERTAD,PALLASCA; PALLASCA /  SANTIAGO DE CHUCO,TITULADO; TRAMITE,M; N,,,,,,INGEMMET - Catastro Minero (zona 17S),,
GREMAHAL SOCIEDAD MINERA S.A.C.,2,300.0,ANCASH,SANTA,TITULADO; TRAMITE,M,,,,,,INGEMMET - Catastro Minero (zona 17S),,
EXPLOMAX GOLD S.A.,2,200.0,ANCASH,SANTA,TITULADO,N,,,,,,INGEMMET - Catastro Minero (zona 17S),,
MAGELLAN GOLD PERU S.A.C.,2,1200.0,ANCASH,SANTA,TITULADO,M,,,,,,INGEMMET - Catastro Minero (zona 17S),,
S.M.R.L. MI FLACA,2,1400.0,ANCASH,SANTA,TITULADO,M,,,,,,INGEMMET - Catastro Minero (zona 17S),,
TRIPLE R - CONSTRUCTORA Y SERVICIOS GENERALES E.I.R.L.,2,200.0,ANCASH,SANTA,TITULADO,N,,,,,,INGEMMET - Catastro Minero (zona 17S),,
INVERSIONES GENERALES VILLA CRUZ S.A.C.,2,600.0,ANCASH,SANTA,TITULADO; TRAMITE,N,,,,,,INGEMMET - Catastro Minero (zona 17S),,
EXPLORACIONES SAN CRISTOBAL S.A.C.,2,300.0,ANCASH; PIURA,AYABACA; SANTA,TITULADO,M,,,,,,INGEMMET - Catastro Minero (zona 17S),,
CONDOR EXPLORATION PERU S.A.C.,2,200.0,ANCASH,SANTA,TITULADO,M,,,,,,INGEMMET - Catastro Minero (zona 17S),,
S.M.R.L. EL BOSQUE TRES,2,400.0,ANCASH,SANTA,TITULADO,M,,,,,,INGEMMET - Catastro Minero (zona 17S),,
BALBIS E.I.R.L.,2,500.0,ANCASH,SANTA,TRAMITE,M,,,,,,INGEMMET - Catastro Minero (zona 17S),,
ALBA TRADE S.A.C.,2,2000.0,ANCASH,SANTA,TITULADO,M,,,,,,INGEMMET - Catastro Minero (zona 17S),,
S.M.R.L. CANTERA B&S,2,400.0,ANCASH,SANTA,TITULADO,N,,,,,,INGEMMET - Catastro Minero (zona 17S),,
S.M.R.L. TELMO II,2,300.0,ANCASH,SANTA,TITULADO,M,,,,,,INGEMMET - Catastro Minero (zona 17S),,
CONSTRUCTORA ROKA S.R.L.,2,300.0,ANCASH,SANTA,TITULADO; TRAMITE,N,,,,,,INGEMMET - Catastro Minero (zona 17S),,
MINERA APPLETON S.A.C.,2,1500.0,ANCASH,SANTA,TITULADO,M,,,,,,INGEMMET - Catastro Minero (zona 17S),,
MINERA TITAN DEL PERU S.R.L.,2,500.0,ANCASH,SANTA,TITULADO,M,,,,,,INGEMMET - Catastro Minero (zona 17S),,
MINERA OQUENDO S.R.L.,2,900.0,ANCASH,SANTA,TITULADO,M,,,,,,INGEMMET - Catastro Minero (zona 17S),,
REYESA GROUP S.A.C.,2,400.0,ANCASH,SANTA,TRAMITE,M,,,,,,INGEMMET - Catastro Minero (zona 17S),,
MINERA SAMI S.A.C.,2,200.0,ANCASH,SANTA,TITULADO,M,,,,,,INGEMMET - Catastro Minero (zona 17S),,
S.M.R.L. LOS GALACTICOS,2,900.0,ANCASH,SANTA,TITULADO,M,,,,,,INGEMMET - Catastro Minero (zona 17S),,
CONSTRUCTORA & MINERA NORTH PERU S.A.C.,2,300.0,ANCASH,SANTA,TITULADO,M,,,,,,INGEMMET - Catastro Minero (zona 17S),,
S.M.R.L. JPF 1111-NEPEÑA,2,1000.0,ANCASH,SANTA,TITULADO,M,,,,,,INGEMMET - Catastro Minero (zona 17S),,
MINERIA Y METALURGIA S.A.,2,134.8,ANCASH /  LA LIBERTAD,PALLASCA /  SANTIAGO DE CHUCO,EXTINGUIDO; TITULADO,M,,,,,,INGEMMET - Catastro Minero (zona 17S),,
COMPAÑIA MINERA CERRO BAYO S.R.L.,2,200.0,ANCASH /  LA LIBERTAD,PALLASCA /  SANTIAGO DE CHUCO,TRAMITE,M,,,,,,INGEMMET - Catastro Minero (zona 17S),,
INGENIERIA DIAZ & INNOVACIONES INTEGRADOS S.A.C.,2,200.0,CAJAMARCA,CAJAMARCA,TITULADO,M,,,,,,INGEMMET - Catastro Minero (zona 17S),,
NCH EXPLORATION S.A.C.,2,1200.0,CAJAMARCA,SANTA CRUZ,TITULADO,M,,,,,,INGEMMET - Catastro Minero (zona 17S),,
SOCIEDAD MINERA GHANDARVA S.R.L.,2,88.0,CAJAMARCA,CELENDIN,TITULADO,M,,,,,,INGEMMET - Catastro Minero (zona 17S),,
MINERIA NO METALICA UNION NUEVA S.A.C. Y OTROS,2,125.0,CAJAMARCA,HUALGAYOC,TITULADO,M; N,,,,,,INGEMMET - Catastro Minero (zona 17S),,
S.M.R.L. EL IMAN,2,8.0,CAJAMARCA,HUALGAYOC,TITULADO,M,,,,,,INGEMMET - Catastro Minero (zona 17S),,
MULTISERVICIOS Y TRANSPORTES JUAN JOSE S.R.L.,2,200.0,CAJAMARCA,CHOTA /  HUALGAYOC; HUALGAYOC,TITULADO,N,,,,,,INGEMMET - Catastro Minero (zona 17S),,
CONSTRUCTORA & MINERIA JOMESA E.I.R.L.,2,300.0,CAJAMARCA,CAJAMARCA; CAJAMARCA /  CELENDIN,TRAMITE,M,,,,,,INGEMMET - Catastro Minero (zona 17S),,
COMPAÑIA CIMA DORADA S.A.C,2,1000.0,CAJAMARCA,CAJABAMBA; CAJAMARCA /  CELENDIN,TITULADO; TRAMITE,M,,,,,,INGEMMET - Catastro Minero (zona 17S),,
MIN DU S.A.C.,2,200.0,CAJAMARCA,CAJAMARCA,TRAMITE,N,,,,,,INGEMMET - Catastro Minero (zona 17S),,
CORPORACION PEÑA NEGRA S.R.L.,2,200.0,CAJAMARCA,CELENDIN,TITULADO,M,,,,,,INGEMMET - Catastro Minero (zona 17S),,
FALCON EXPLORACIONES S.A.C.,2,400.0,CAJAMARCA; CAJAMARCA /  LAMBAYEQUE,FERREÑAFE /  JAEN; JAEN,TITULADO,M,,,,,,INGEMMET - Catastro Minero (zona 17S),,
MINAS AZULES MINERA Y CONSTRUCCION S.A.C.,2,1200.0,CAJAMARCA,CAJABAMBA,TITULADO; TRAMITE,M,,,,,,INGEMMET - Catastro Minero (zona 17S),,
S.M.R.L. SANTA ANA 2,2,800.0,CAJAMARCA,CONTUMAZA,TITULADO,M; N,,,,,,INGEMMET - Catastro Minero (zona 17S),,
INVERSIONES Y SERVICIOS GENERALES PENCASPAMPA SOCIEDAD COMER,2,200.0,CAJAMARCA,CHOTA; HUALGAYOC,TITULADO,M; N,,,,,,INGEMMET - Catastro Minero (zona 17S),,
INDUAMERICA SERVICIOS LOGISTICOS S.A.C.,2,900.0,CAJAMARCA,CHOTA; SANTA CRUZ,TRAMITE,N,,,,,,INGEMMET - Catastro Minero (zona 17S),,
S.M.R.L. NOVA JJ DE PIURA,2,1983.1,CAJAMARCA,SAN IGNACIO,TITULADO,M,,,,,,INGEMMET - Catastro Minero (zona 17S),,
COMPAÑIA MINERA SAYARUMI S.A.C.,2,245.1,CAJAMARCA,CAJAMARCA; CELENDIN,TITULADO; TRAMITE,N,,,,,,INGEMMET - Catastro Minero (zona 17S),,
CALERA EL ZASAL E.I.R.L.,2,57.1,CAJAMARCA,HUALGAYOC,TITULADO,N,,,,,,INGEMMET - Catastro Minero (zona 17S),,
COMPAÑIA MINERA SAN NICOLAS S.A.,2,26.0,CAJAMARCA,HUALGAYOC,OTROS; TITULADO,M,,,,,,INGEMMET - Catastro Minero (zona 17S),,
S.M.R.L. CAPRICORNIO,2,5.6,CAJAMARCA,HUALGAYOC,TITULADO,M,,,,,,INGEMMET - Catastro Minero (zona 17S),,
GOLDEN WOLF MINERALS S.A.C.,2,1000.0,CAJAMARCA,SAN MARCOS,TITULADO,M; N,,,,,,INGEMMET - Catastro Minero (zona 17S),,
CARBON DEL NORTE S.R.L.,2,300.0,CAJAMARCA,CHOTA,TITULADO; TRAMITE,M,,,,,,INGEMMET - Catastro Minero (zona 17S),,
MINERIA & TRANSPORTE LJ S.A.C.,2,300.0,CAJAMARCA,CHOTA,TITULADO,M,,,,,,INGEMMET - Catastro Minero (zona 17S),,
S.M.R.L. CERRO VANGUARDIA IV,2,400.0,CAJAMARCA,CONTUMAZA /  SAN MIGUEL,TITULADO,M,,,,,,INGEMMET - Catastro Minero (zona 17S),,
COMPAÑIA MINERA LOS TOLMOS S.A.,2,1600.0,CAJAMARCA,CAJAMARCA,TITULADO,M,,,,,,INGEMMET - Catastro Minero (zona 17S),,
S.M.R.L. ARIETE,2,300.0,CAJAMARCA,SAN IGNACIO,TITULADO,M,,,,,,INGEMMET - Catastro Minero (zona 17S),,
SERVICIOS GENERALES DELROJ E.I.R.L.,2,600.0,CAJAMARCA,CHOTA /  CUTERVO,TITULADO,M,,,,,,INGEMMET - Catastro Minero (zona 17S),,
OXICAL SERBER S.R.L.,2,149.8,CAJAMARCA,CHOTA /  HUALGAYOC; HUALGAYOC,TITULADO,M; N,,,,,,INGEMMET - Catastro Minero (zona 17S),,
S.M.R.L. AGUILA M1,2,1000.0,CAJAMARCA,CAJABAMBA; CONTUMAZA,TITULADO; TRAMITE,M,,,,,,INGEMMET - Catastro Minero (zona 17S),,
S.M.R.L. SAN BENITO VII 2024,2,1200.0,CAJAMARCA,CONTUMAZA,TITULADO,N,,,,,,INGEMMET - Catastro Minero (zona 17S),,
S.M.R.L. REINA DE SAN IGNACIO,2,200.0,CAJAMARCA,SAN IGNACIO,TITULADO,M,,,,,,INGEMMET - Catastro Minero (zona 17S),,
PROCESADORA BLASTER S.R.L Y OTROS,2,200.0,CAJAMARCA; PIURA,AYABACA; SAN IGNACIO,TRAMITE,M,,,,,,INGEMMET - Catastro Minero (zona 17S),,
GRUPO EMPRESARIAL ISM S.A.C.,2,500.0,CAJAMARCA,CONTUMAZA; SAN MARCOS,TITULADO; TRAMITE,M,,,,,,INGEMMET - Catastro Minero (zona 17S),,
COMPAÑIA MINERA REINA DEL CISNE S.A.C. Y OTROS,2,1700.0,CAJAMARCA,JAEN; SAN IGNACIO,EXTINGUIDO; TRAMITE,M,,,,,,INGEMMET - Catastro Minero (zona 17S),,
BLACKROCK INVERSIONES Y PROYECTOS S.A.C.,2,200.0,CAJAMARCA,JAEN; SAN IGNACIO,EXTINGUIDO; TRAMITE,M,,,,,,INGEMMET - Catastro Minero (zona 17S),,
CORPACE INGENIERIA Y SERVICIOS GENERALES SRL,2,600.0,CAJAMARCA,CONTUMAZA,TITULADO,M,,,,,,INGEMMET - Catastro Minero (zona 17S),,
INVERSIONES GENESIS II S.A.C.,2,2000.0,CAJAMARCA,CELENDIN,TRAMITE,M,,,,,,INGEMMET - Catastro Minero (zona 17S),,
INVERSIONES ARABICUS S.A.C.,2,2000.0,CAJAMARCA,CELENDIN,TRAMITE,M,,,,,,INGEMMET - Catastro Minero (zona 17S),,
MINORTEX MINING S.A.C.,2,1000.0,CAJAMARCA; PIURA,AYABACA; SAN MIGUEL,TRAMITE,M,,,,,,INGEMMET - Catastro Minero (zona 17S),,
ORO NEGRO JJL SERVICIOS GENERALES S.A.C.,2,600.0,CAJAMARCA,HUALGAYOC,TRAMITE,M,,,,,,INGEMMET - Catastro Minero (zona 17S),,
GRUPO FRAMATA S.R.L.,2,1000.0,CAJAMARCA,CHOTA; CHOTA /  SANTA CRUZ,TRAMITE,M,,,,,,INGEMMET - Catastro Minero (zona 17S),,
S.M.R.L. MAMA VICKY II,2,1200.0,CAJAMARCA /  LA LIBERTAD,ASCOPE /  CONTUMAZA,TITULADO,M,,,,,,INGEMMET - Catastro Minero (zona 17S),,
CARBONIFERA SEÑOR DE LA MISERICORDIA E.I.R.L,2,200.0,CAJAMARCA /  LA LIBERTAD,CAJABAMBA /  SANCHEZ CARRION,TITULADO,M,,,,,,INGEMMET - Catastro Minero (zona 17S),,
BLACK HILL COMPANY S.A.C.,2,1200.0,CAJAMARCA /  LA LIBERTAD,CAJAMARCA /  GRAN CHIMU,TITULADO,N,,,,,,INGEMMET - Catastro Minero (zona 17S),,
GY RECURSOS MINERALES S.A.C,2,400.0,PIURA,AYABACA,TITULADO; TRAMITE,M,,,,,,INGEMMET - Catastro Minero (zona 17S),,
CONSORCIO PANA CONTRATISTAS GENERALES S.A.C.,2,800.0,PIURA,AYABACA,TITULADO; TRAMITE,M,,,,,,INGEMMET - Catastro Minero (zona 17S),,
ASA S.A.C.,2,400.0,PIURA,SECHURA,TITULADO,N,,,,,,INGEMMET - Catastro Minero (zona 17S),,
MORAN TRANSPORTE Y MONTAJE S.A.C.,2,200.0,PIURA,TALARA,TITULADO,N,,,,,,INGEMMET - Catastro Minero (zona 17S),,
COMPAÑIA MINERA LOS ANDES DEL CENTRO S.R.L.,2,800.0,PIURA,AYABACA,TITULADO,M,,,,,,INGEMMET - Catastro Minero (zona 17S),,
S.M.R.L. CASA DE PIEDRA IV,2,600.0,PIURA,SULLANA,TITULADO,N,,,,,,INGEMMET - Catastro Minero (zona 17S),,
S.M.R.L. GIULIANITA,2,400.0,PIURA,AYABACA,TITULADO,M,,,,,,INGEMMET - Catastro Minero (zona 17S),,
CORPORACION PERUANA DEL ACERO S.A.C.,2,900.0,PIURA,PAITA; PIURA /  SULLANA,TITULADO,M,,,,,,INGEMMET - Catastro Minero (zona 17S),,
SOLUCIONES EMPRESARIALES ROA S.A.C.,2,200.0,PIURA,SULLANA,TITULADO,N,,,,,,INGEMMET - Catastro Minero (zona 17S),,
EXTRAKTION GROUP SAC.,2,400.0,PIURA,PIURA,TITULADO,M,,,,,,INGEMMET - Catastro Minero (zona 17S),,
AGREGADOS SAINT THOMAS S.A.C.,2,300.0,PIURA,PAITA /  SULLANA; TALARA,TITULADO,N,,,,,,INGEMMET - Catastro Minero (zona 17S),,
TRANSPORTES ROA S.R.L.,2,200.0,PIURA,SULLANA,TITULADO,N,,,,,,INGEMMET - Catastro Minero (zona 17S),,
S.M.R.L. VIRGEN DE LAS NIEVES 82,2,800.0,PIURA,AYABACA,TRAMITE,M,,,,,,INGEMMET - Catastro Minero (zona 17S),,
ASOCIACION MINERA PROGRESO Y DESARROLLO VILLA YAPATO,2,300.0,PIURA,PIURA,TITULADO; TRAMITE,N,,,,,,INGEMMET - Catastro Minero (zona 17S),,
S.M.R.L. ESCORPION - I,2,600.0,PIURA,TALARA,TITULADO,N,,,,,,INGEMMET - Catastro Minero (zona 17S),,
ESCALMIN E.I.R.L.,2,1000.0,PIURA,AYABACA,TRAMITE,M,,,,,,INGEMMET - Catastro Minero (zona 17S),,
CORPORACION SALINERA PARACAS S.A.C.,2,600.0,PIURA,SECHURA,TITULADO,N,,,,,,INGEMMET - Catastro Minero (zona 17S),,
MINERA WAR WAR S.A.C.,2,400.0,PIURA,AYABACA,TITULADO,M,,,,,,INGEMMET - Catastro Minero (zona 17S),,
AMERICAS POTASH PERU S.A.,2,400.0,PIURA,SECHURA,TITULADO,N,,,,,,INGEMMET - Catastro Minero (zona 17S),,
S.M.R.L. FILONES DORADOS,2,740.7,PIURA,AYABACA /  FUERA DEL PERU; AYABACA /  SULLANA,TITULADO,M,,,,,,INGEMMET - Catastro Minero (zona 17S),,
MINERALES S & G EMPRESA INDIVIDUAL DE RESPONSABILIDAD LIMITA,2,400.0,PIURA,SULLANA,TITULADO; TRAMITE,N,,,,,,INGEMMET - Catastro Minero (zona 17S),,
MINERA LAS LOMAS DORADAS S.A.C.,2,205.3,PIURA,AYABACA; PIURA,OTROS; TITULADO,M,,,,,,INGEMMET - Catastro Minero (zona 17S),,
CCS CONSTRUCTORA E INMOBILIARIA S.A.C.,2,600.0,PIURA,AYABACA,TRAMITE,M,,,,,,INGEMMET - Catastro Minero (zona 17S),,
MUNICIPALIDAD PROVINCIAL DE TALARA,2,800.0,PIURA,TALARA,OTROS,N,,,,,,INGEMMET - Catastro Minero (zona 17S),,
PIEDRA DE AGUA E.I.R.L.,2,300.0,PIURA,PAITA /  SULLANA; SULLANA,TITULADO; TRAMITE,N,,,,,,INGEMMET - Catastro Minero (zona 17S),,
CUPRUM CAPITAL INVESTMENTS SOCIEDAD ANONIMA CERRADA,2,1500.0,PIURA,PIURA /  SULLANA; SULLANA,TRAMITE,M,,,,,,INGEMMET - Catastro Minero (zona 17S),,
J & L INVERSIONES S.A.C.,2,1400.0,PIURA,AYABACA; SECHURA,TITULADO,M; N,,,,,,INGEMMET - Catastro Minero (zona 17S),,
INVERSIONES LAS REJAS E.I.R.L.,2,200.0,PIURA,MORROPON,TITULADO; TRAMITE,N,,,,,,INGEMMET - Catastro Minero (zona 17S),,
INDUSTRIA HFLORES SOCIEDAD ANONIMA CERRADA,2,400.0,PIURA,PIURA,TITULADO; TRAMITE,N,,,,,,INGEMMET - Catastro Minero (zona 17S),,
NEGOCIOS Y SERVICIOS GENERALES JUAREZ E.I.R.L.,2,300.0,PIURA,SECHURA,TITULADO; TRAMITE,N,,,,,,INGEMMET - Catastro Minero (zona 17S),,
VIFEAL CONTRATISTAS GENERALES SOCIEDAD ANONIMA CERRADA,2,200.0,PIURA,PIURA /  SULLANA; SULLANA,TITULADO,M; N,,,,,,INGEMMET - Catastro Minero (zona 17S),,
S.M.R.L. HIERRO FERRUGINOSO I,2,1600.0,PIURA,PIURA,TITULADO,M,,,,,,INGEMMET - Catastro Minero (zona 17S),,
PALPINA COMPAÑIA MINERA S.A.C. Y OTROS,2,1500.0,PIURA,AYABACA,TRAMITE,M,,,,,,INGEMMET - Catastro Minero (zona 17S),,
DOIG SERVICIOS E.I.R.L,2,500.0,PIURA,SULLANA,TRAMITE,N,,,,,,INGEMMET - Catastro Minero (zona 17S),,
S.M.R.L. CHAVAL I,1,600.0,ANCASH,CASMA,TITULADO,M,,,,,,INGEMMET - Catastro Minero (zona 17S),,
ANDIMETAL S.A.C,1,9.1,ANCASH,CASMA,OTROS,M,,,,,,INGEMMET - Catastro Minero (zona 17S),,
COMPAÑIA MINERA ELOHIM S.A.C.,1,26.7,ANCASH,CASMA,OTROS,M,,,,,,INGEMMET - Catastro Minero (zona 17S),,
S.M.R.L. XIMENITA DE CASMA IV,1,300.0,ANCASH,CASMA,TITULADO,M,,,,,,INGEMMET - Catastro Minero (zona 17S),,
INSUMOS AGRICOLAS DEL SUR E.I.R.L.,1,500.0,ANCASH,CASMA,EXTINGUIDO,N,,,,,,INGEMMET - Catastro Minero (zona 17S),,
COMPAÑIA MINERA PEDREGAL S.A.,1,50.0,ANCASH,CASMA,TITULADO,N,,,,,,INGEMMET - Catastro Minero (zona 17S),,
S.M.R.L. SANTA FE I CAROLINA,1,100.0,ANCASH,CASMA,TITULADO,M,,,,,,INGEMMET - Catastro Minero (zona 17S),,
AC MIXER SOCIEDAD ANONIMA - AC MIXER S.A.,1,200.0,ANCASH,CASMA,TITULADO,M,,,,,,INGEMMET - Catastro Minero (zona 17S),,
GRUPO CAM PERU SAC,1,100.0,ANCASH,CASMA,TRAMITE,N,,,,,,INGEMMET - Catastro Minero (zona 17S),,
S.M.R.L. DON RAFO 2,1,300.0,ANCASH,CASMA,TRAMITE,M,,,,,,INGEMMET - Catastro Minero (zona 17S),,
PERUVIAN GOLDEN MINING E.I.R.L.,1,200.0,ANCASH,CASMA,EXTINGUIDO,M,,,,,,INGEMMET - Catastro Minero (zona 17S),,
COMPAÑIA MINERA KORIWAYTA S.A.C,1,200.0,ANCASH,CASMA,TITULADO,M,,,,,,INGEMMET - Catastro Minero (zona 17S),,
GRUPO EMPRESARIAL MINERO CHIMBOTE SAC,1,200.0,ANCASH,CASMA,TITULADO,M,,,,,,INGEMMET - Catastro Minero (zona 17S),,
INGENIERIA Y MEDIO AMBIENTE DEL PACIFICO S.A.C.,1,41.1,ANCASH,CASMA,TITULADO,M,,,,,,INGEMMET - Catastro Minero (zona 17S),,
S.M.R.L. LA ESTRELLA DE BELEN JF,1,100.0,ANCASH,CASMA,TITULADO,N,,,,,,INGEMMET - Catastro Minero (zona 17S),,
MARMOLES Y GRANITOS S.A.,1,9.2,ANCASH,CASMA,TITULADO,N,,,,,,INGEMMET - Catastro Minero (zona 17S),,
PURE GOLD S.A.C,1,400.0,ANCASH,CASMA,TITULADO,M,,,,,,INGEMMET - Catastro Minero (zona 17S),,
S.M.R.L. ESLITH Y ASHLY,1,100.0,ANCASH,CASMA,TITULADO,N,,,,,,INGEMMET - Catastro Minero (zona 17S),,
EXPLORACIONES BELLA UNION S.A.C.,1,100.0,ANCASH,CASMA,TITULADO,M,,,,,,INGEMMET - Catastro Minero (zona 17S),,
ASOCIACION AGRARIA NUEVO CASMA,1,1000.0,ANCASH,CASMA,EXTINGUIDO,N,,,,,,INGEMMET - Catastro Minero (zona 17S),,
INGENIERIA SISMORRESISTENTE E.I.R.L.,1,100.0,ANCASH,CASMA,TITULADO,N,,,,,,INGEMMET - Catastro Minero (zona 17S),,
S.M.R.L. MILAGROS BELEN,1,200.0,ANCASH,CASMA,TITULADO,M,,,,,,INGEMMET - Catastro Minero (zona 17S),,
BOREAL INGENIEROS S.A.C.,1,24.5,ANCASH,CASMA,OTROS,M,,,,,,INGEMMET - Catastro Minero (zona 17S),,
GOLDEN LIGHT S.A.C.,1,300.0,ANCASH,CASMA,TITULADO,M,,,,,,INGEMMET - Catastro Minero (zona 17S),,
CIMAS MINERALS S.A.C.,1,200.0,ANCASH,CASMA,TITULADO,M,,,,,,INGEMMET - Catastro Minero (zona 17S),,
S.M.R.L. JAZMIN JHESLYN I Y OTROS,1,100.0,ANCASH,CASMA,TRAMITE,M,,,,,,INGEMMET - Catastro Minero (zona 17S),,
S.M.R.L. PARAISO MINERO JJ,1,100.0,ANCASH,CASMA,TITULADO,M,,,,,,INGEMMET - Catastro Minero (zona 17S),,
CORPORACION FERRETERA JG ANGELA E.I.R.L,1,400.0,ANCASH,CASMA,EXTINGUIDO,N,,,,,,INGEMMET - Catastro Minero (zona 17S),,
ORANGE SAND S.A.C.,1,400.0,ANCASH,CASMA,TITULADO,M,,,,,,INGEMMET - Catastro Minero (zona 17S),,
CONSTRUCTORA Y SERVICIOS GENERALES OQ E.I.R.L.,1,100.0,ANCASH,CASMA,TITULADO,M,,,,,,INGEMMET - Catastro Minero (zona 17S),,
S.M.R.L. ESPERANZA 2024 III,1,100.0,ANCASH,CASMA,TITULADO,M,,,,,,INGEMMET - Catastro Minero (zona 17S),,
S.M.R.L. MINA LA PERLA,1,200.0,ANCASH,CASMA,TRAMITE,M,,,,,,INGEMMET - Catastro Minero (zona 17S),,
EVAL RESOURCES S.A.C.,1,100.0,ANCASH,CASMA,TRAMITE,M,,,,,,INGEMMET - Catastro Minero (zona 17S),,
INVERPROMIN S.A.C.,1,700.0,ANCASH,CASMA,TRAMITE,M,,,,,,INGEMMET - Catastro Minero (zona 17S),,
LIDER CONSTRUCREY S.A.C,1,600.0,ANCASH,CASMA,TRAMITE,M,,,,,,INGEMMET - Catastro Minero (zona 17S),,
INVERSIONES CAVALA S.A.C.,1,100.0,ANCASH,CASMA,TRAMITE,M,,,,,,INGEMMET - Catastro Minero (zona 17S),,
CORPORATION TOLEDO S.A.C.,1,1000.0,ANCASH,CASMA /  MAR,TITULADO,M,,,,,,INGEMMET - Catastro Minero (zona 17S),,
ASOCIACION DE VIVIENDA LA CONCHUELA-CALETA LA GRAMITA-CASA,1,100.0,ANCASH,CASMA /  MAR,TRAMITE,N,,,,,,INGEMMET - Catastro Minero (zona 17S),,
PAMPAMAR MINING SAC,1,300.0,ANCASH,CASMA /  MAR,TRAMITE,N,,,,,,INGEMMET - Catastro Minero (zona 17S),,
S.M.R.L. ESTELER NORTH,1,300.0,ANCASH,CASMA /  SANTA,TITULADO,M,,,,,,INGEMMET - Catastro Minero (zona 17S),,
INVERSIONES CATAMAR E.I.R.L.,1,100.0,ANCASH,CASMA /  SANTA,TRAMITE,M,,,,,,INGEMMET - Catastro Minero (zona 17S),,
MINERED S.A.C.,1,300.0,ANCASH,CASMA /  YUNGAY,TITULADO,M,,,,,,INGEMMET - Catastro Minero (zona 17S),,
FORTUNE MINING S.A.C.,1,1000.0,ANCASH,CASMA /  YUNGAY,TITULADO,M,,,,,,INGEMMET - Catastro Minero (zona 17S),,
S.M.R.L. INMACULADA H-10,1,400.0,ANCASH,CORONGO,TITULADO,N,,,,,,INGEMMET - Catastro Minero (zona 17S),,
S.M.R.L. MILKA,1,100.0,ANCASH,CORONGO,TITULADO,N,,,,,,INGEMMET - Catastro Minero (zona 17S),,
WKD TRADING S.A.C.,1,100.0,ANCASH,CORONGO,TITULADO,M,,,,,,INGEMMET - Catastro Minero (zona 17S),,
S.M.R.L. CRISTY III,1,200.0,ANCASH,CORONGO,TITULADO,M,,,,,,INGEMMET - Catastro Minero (zona 17S),,
S.M.R.L. PERLA NEGRA XI,1,400.0,ANCASH,CORONGO,TITULADO,N,,,,,,INGEMMET - Catastro Minero (zona 17S),,
DIFESMIN INGENIERIA Y CONSTRUCCION S.A.C.,1,1000.0,ANCASH,CORONGO /  PALLASCA,TITULADO,M,,,,,,INGEMMET - Catastro Minero (zona 17S),,
MINING SPARTACUS E.I.R.L.,1,100.0,ANCASH,CORONGO /  SANTA,TRAMITE,N,,,,,,INGEMMET - Catastro Minero (zona 17S),,
CONSTRUCTORA Y MINERA NAMOLE SAC,1,100.0,ANCASH,CORONGO /  SANTA,TITULADO,M,,,,,,INGEMMET - Catastro Minero (zona 17S),,
IMG EXPORTACIONES S.A.C.,1,200.0,ANCASH,HUARMEY,TITULADO,N,,,,,,INGEMMET - Catastro Minero (zona 17S),,
INVERSIONES GRAVING S.A.C.,1,100.0,ANCASH,HUARMEY,EXTINGUIDO,M,,,,,,INGEMMET - Catastro Minero (zona 17S),,
S.M.R.L. RIO VERDE XXI,1,500.0,ANCASH,HUARMEY,TITULADO,M,,,,,,INGEMMET - Catastro Minero (zona 17S),,
ALL-CHEMIST CORPORACION MINERA S.A.C.,1,100.0,ANCASH,HUARMEY,TRAMITE,N,,,,,,INGEMMET - Catastro Minero (zona 17S),,
SERVICIOS GENERALES PATRICIO OBREGON E.I.R.L,1,200.0,ANCASH,HUARMEY,TITULADO,N,,,,,,INGEMMET - Catastro Minero (zona 17S),,
S.M.R.L. FORTALEZA NUEVA ESPERANZA,1,100.0,ANCASH,HUARMEY,TRAMITE,N,,,,,,INGEMMET - Catastro Minero (zona 17S),,
S.M.R.L. QUIYAN 2023 I,1,100.0,ANCASH,HUARMEY,TITULADO,M,,,,,,INGEMMET - Catastro Minero (zona 17S),,
MAGMA MINERALS S.A.C,1,1000.0,ANCASH,HUARMEY,EXTINGUIDO,M,,,,,,INGEMMET - Catastro Minero (zona 17S),,
S.M.R.L. MINERALS CORPORATION LUED,1,100.0,ANCASH,HUARMEY,TITULADO,M,,,,,,INGEMMET - Catastro Minero (zona 17S),,
S.M.R.L. CANTERA SOL DE HUARMEY,1,400.0,ANCASH,HUARMEY,TITULADO,N,,,,,,INGEMMET - Catastro Minero (zona 17S),,
MINERA ÑAUSACOCHA S.A.C.,1,400.0,ANCASH,HUARMEY,TITULADO,M,,,,,,INGEMMET - Catastro Minero (zona 17S),,
SERVICIOS GENERALES BELPORT E.I.R.L.,1,200.0,ANCASH,HUARMEY,TITULADO,N,,,,,,INGEMMET - Catastro Minero (zona 17S),,
JEK CORPORATION SA,1,100.0,ANCASH,HUARMEY,TRAMITE,N,,,,,,INGEMMET - Catastro Minero (zona 17S),,
FRASSER S.A.C.,1,100.0,ANCASH,HUARMEY,TITULADO,N,,,,,,INGEMMET - Catastro Minero (zona 17S),,
COMPAÑIA MINERA APC S.A.,1,200.0,ANCASH,HUARMEY,TITULADO,N,,,,,,INGEMMET - Catastro Minero (zona 17S),,
S.M.R.L. RIO VERDE XX,1,400.0,ANCASH,HUARMEY,TITULADO,M,,,,,,INGEMMET - Catastro Minero (zona 17S),,
COMPAÑIA MINERA SOL DE CASMA S.A.C.,1,35.2,ANCASH,HUARMEY,OTROS,M,,,,,,INGEMMET - Catastro Minero (zona 17S),,
MINERA LOMAS DE CASMA E.I.R.L,1,100.0,ANCASH,HUARMEY,TITULADO,M,,,,,,INGEMMET - Catastro Minero (zona 17S),,
S.M.R.L. PRONTO LLEGARA EL DIA DE MI SUERTE,1,100.0,ANCASH,HUARMEY,TITULADO,M,,,,,,INGEMMET - Catastro Minero (zona 17S),,
FORESTAL MONTEVERDE S.A.C.,1,200.0,ANCASH,HUARMEY,TITULADO,M,,,,,,INGEMMET - Catastro Minero (zona 17S),,
"IMPORTACIONES, CONCESIONES & CONSTRUCCIONES BELPORT E.I.R.L.",1,100.0,ANCASH,HUARMEY,TITULADO,N,,,,,,INGEMMET - Catastro Minero (zona 17S),,
J & D INVERTELP S.A.C.,1,300.0,ANCASH,HUARMEY,TRAMITE,M,,,,,,INGEMMET - Catastro Minero (zona 17S),,
S.M.R.L. MENA KAIZEN II,1,300.0,ANCASH,HUARMEY /  MAR,TITULADO,N,,,,,,INGEMMET - Catastro Minero (zona 17S),,
S.M.R.L. EL MERO DE TUQUILLO BEACH,1,400.0,ANCASH,HUARMEY /  MAR,TITULADO,M,,,,,,INGEMMET - Catastro Minero (zona 17S),,
COMPAÑIA MINERA MONTE CARMELO S.A.C.,1,500.0,ANCASH,HUARMEY /  MAR,TITULADO,M,,,,,,INGEMMET - Catastro Minero (zona 17S),,
COMPAÑIA MINERA CONTINENTAL S.A.C.,1,100.0,ANCASH,HUAYLAS,TITULADO,M,,,,,,INGEMMET - Catastro Minero (zona 17S),,
UNDERSOL S.A.C.,1,1000.0,ANCASH,HUAYLAS /  SANTA,TITULADO,M,,,,,,INGEMMET - Catastro Minero (zona 17S),,
S.M.R.L. LAS SALINAS DE ENSUEÑO,1,200.0,ANCASH,MAR /  SANTA,TITULADO,N,,,,,,INGEMMET - Catastro Minero (zona 17S),,
S.M.R.L. AMIRA I,1,100.0,ANCASH,MAR /  SANTA,TITULADO,N,,,,,,INGEMMET - Catastro Minero (zona 17S),,
S.M.R.L. BAHIA BLANCA 2022,1,300.0,ANCASH,MAR /  SANTA,TITULADO,N,,,,,,INGEMMET - Catastro Minero (zona 17S),,
MINERALES JYM E.I.R.L,1,200.0,ANCASH,PALLASCA,TITULADO,M,,,,,,INGEMMET - Catastro Minero (zona 17S),,
FORTALEZA MINING PERU S.A.C.,1,100.0,ANCASH,PALLASCA,TITULADO,M,,,,,,INGEMMET - Catastro Minero (zona 17S),,
S.M.R.L. LULÚ,1,100.0,ANCASH,PALLASCA,TITULADO,N,,,,,,INGEMMET - Catastro Minero (zona 17S),,
S.M.R.L. CRISTO REY R DE REYES,1,200.0,ANCASH,PALLASCA,TITULADO,M,,,,,,INGEMMET - Catastro Minero (zona 17S),,
S.M.R.L. LOS TIEMPOS DE DIOS SON PERFECTOS 3,1,200.0,ANCASH,PALLASCA,TITULADO,N,,,,,,INGEMMET - Catastro Minero (zona 17S),,
S.M.R.L. EL PODEROSO 2023,1,100.0,ANCASH,PALLASCA,TITULADO,M,,,,,,INGEMMET - Catastro Minero (zona 17S),,
S.M.R.L. MINERA MARTHITA 777,1,300.0,ANCASH,PALLASCA,TITULADO,N,,,,,,INGEMMET - Catastro Minero (zona 17S),,
MINERA DEL NORTE PERUANO E.I.R.L.,1,400.0,ANCASH,PALLASCA,TITULADO,N,,,,,,INGEMMET - Catastro Minero (zona 17S),,
S.M.R.L. AMELIE,1,100.0,ANCASH,PALLASCA,TITULADO,N,,,,,,INGEMMET - Catastro Minero (zona 17S),,
CONTRATISTAS GENERALES VELVAL SAC,1,100.0,ANCASH,PALLASCA,TITULADO,N,,,,,,INGEMMET - Catastro Minero (zona 17S),,
S.M.R.L. CRISTO REY R DE R,1,200.0,ANCASH,PALLASCA,TITULADO,N,,,,,,INGEMMET - Catastro Minero (zona 17S),,
MINERIA Y METALURGIA S.A.C.,1,225.2,ANCASH,PALLASCA,TITULADO,M,,,,,,INGEMMET - Catastro Minero (zona 17S),,
S.M.R.L. MINERA HALLY,1,100.0,ANCASH,PALLASCA,TITULADO,N,,,,,,INGEMMET - Catastro Minero (zona 17S),,
REPRESENTACIONES Y SERVICIOS NUEVO MUNDO S.A.C.,1,100.0,ANCASH,PALLASCA,TITULADO,N,,,,,,INGEMMET - Catastro Minero (zona 17S),,
GRUPO MINERO SAN AGUSTIN SAC,1,100.0,ANCASH,PALLASCA,TRAMITE,M,,,,,,INGEMMET - Catastro Minero (zona 17S),,
BAREX BUSINESS S.A.C,1,100.0,ANCASH,PALLASCA,TITULADO,N,,,,,,INGEMMET - Catastro Minero (zona 17S),,
S.M.R.L. CRISTO REY R DE R 1,1,200.0,ANCASH,PALLASCA,TITULADO,N,,,,,,INGEMMET - Catastro Minero (zona 17S),,
S.M.R.L. XIMENA-23,1,200.0,ANCASH,PALLASCA,TITULADO,N,,,,,,INGEMMET - Catastro Minero (zona 17S),,
REPRESENTACIONES GAPYCAL S.A.C.,1,100.0,ANCASH,PALLASCA,TRAMITE,M,,,,,,INGEMMET - Catastro Minero (zona 17S),,
S.M.R.L. VALENTINO H3,1,100.0,ANCASH,PALLASCA,TITULADO,M,,,,,,INGEMMET - Catastro Minero (zona 17S),,
S.M.R.L. VIRGEN DE LAS MERCEDES DOS,1,200.0,ANCASH,PALLASCA,TITULADO,M,,,,,,INGEMMET - Catastro Minero (zona 17S),,
S.M.R.L. MEDALLITA I,1,200.0,ANCASH,PALLASCA,TITULADO,M,,,,,,INGEMMET - Catastro Minero (zona 17S),,
S.M.R.L. BASTA - BASTA -2,1,1000.0,ANCASH,PALLASCA,TITULADO,N,,,,,,INGEMMET - Catastro Minero (zona 17S),,
S.M.R.L. RIO LLACTABAMBA,1,200.0,ANCASH,PALLASCA,TITULADO,N,,,,,,INGEMMET - Catastro Minero (zona 17S),,
S.M.R.L. PERLA NEGRA XVI,1,100.0,ANCASH,PALLASCA,TITULADO,N,,,,,,INGEMMET - Catastro Minero (zona 17S),,
MINERA UNA S.A.,1,100.0,ANCASH,PALLASCA,TITULADO,N,,,,,,INGEMMET - Catastro Minero (zona 17S),,
S.M.R.L. MINA LINDA,1,100.0,ANCASH,PALLASCA,TITULADO,M,,,,,,INGEMMET - Catastro Minero (zona 17S),,
S.M.R.L. PERLA NEGRA 2021,1,300.0,ANCASH,PALLASCA,TITULADO,N,,,,,,INGEMMET - Catastro Minero (zona 17S),,
CARBONIFERA E INVERSIONES MULTIPLES R&R S.A.C.,1,500.0,ANCASH,PALLASCA,TITULADO,M,,,,,,INGEMMET - Catastro Minero (zona 17S),,
S.M.R.L. EL PODEROSO 2021,1,200.0,ANCASH,PALLASCA,TITULADO,M,,,,,,INGEMMET - Catastro Minero (zona 17S),,
S.M.R.L. LOS TIEMPOS DE DIOS SON PERFECTOS1,1,100.0,ANCASH,PALLASCA,TITULADO,N,,,,,,INGEMMET - Catastro Minero (zona 17S),,
S.M.R.L. MINA LOS REYES I,1,200.0,ANCASH,PALLASCA,TITULADO,N,,,,,,INGEMMET - Catastro Minero (zona 17S),,
S.M.R.L. VALENTINO HUGO,1,200.0,ANCASH,PALLASCA,TITULADO,N,,,,,,INGEMMET - Catastro Minero (zona 17S),,
ALTA MONTAÑA COALCORP SAC,1,100.0,ANCASH,PALLASCA,TITULADO,N,,,,,,INGEMMET - Catastro Minero (zona 17S),,
S.M.R.L. EL PODEROSO 2024,1,100.0,ANCASH,PALLASCA,TITULADO,M,,,,,,INGEMMET - Catastro Minero (zona 17S),,
INVERSIONES VALGAR EIRL,1,200.0,ANCASH,PALLASCA,TITULADO,M,,,,,,INGEMMET - Catastro Minero (zona 17S),,
INVERSIONES LIEBE MARITA E.I.R.L.,1,300.0,ANCASH,PALLASCA,TITULADO,M,,,,,,INGEMMET - Catastro Minero (zona 17S),,
MINERA PERU NORTE E.I.R.L.,1,100.0,ANCASH,PALLASCA,TRAMITE,N,,,,,,INGEMMET - Catastro Minero (zona 17S),,
MINERA URPAY E.I.R.L.,1,100.0,ANCASH,PALLASCA,TRAMITE,M,,,,,,INGEMMET - Catastro Minero (zona 17S),,
S.M.R.L. LLUQUE,1,100.0,ANCASH,PALLASCA,TITULADO,M,,,,,,INGEMMET - Catastro Minero (zona 17S),,
S.M.R.L. WINIBEL,1,400.0,ANCASH,SANTA,TITULADO,M,,,,,,INGEMMET - Catastro Minero (zona 17S),,
SEVIC CONTRATISTAS E.I.R.L.,1,100.0,ANCASH,SANTA,TRAMITE,N,,,,,,INGEMMET - Catastro Minero (zona 17S),,
S.M.R.L. MI GORDITA,1,300.0,ANCASH,SANTA,TITULADO,M,,,,,,INGEMMET - Catastro Minero (zona 17S),,
S.M.R.L. MONTECRISTO2024,1,200.0,ANCASH,SANTA,TITULADO,M,,,,,,INGEMMET - Catastro Minero (zona 17S),,
INVERSIONES GENERALES WL EIRL,1,500.0,ANCASH,SANTA,TITULADO,M,,,,,,INGEMMET - Catastro Minero (zona 17S),,
COMPAÑIA MINERA DONMAYO S.A.C.,1,1000.0,ANCASH,SANTA,TITULADO,M,,,,,,INGEMMET - Catastro Minero (zona 17S),,
S.M.R.L. LADY LU,1,500.0,ANCASH,SANTA,TITULADO,M,,,,,,INGEMMET - Catastro Minero (zona 17S),,
EUROMINAS S.A.C.,1,6.0,ANCASH,SANTA,TRAMITE,N,,,,,,INGEMMET - Catastro Minero (zona 17S),,
VICTORIA SILVIA ELIZABETH CRISTHIAN E.I.R.L. - VISELIC E.I.R,1,400.0,ANCASH,SANTA,TITULADO,M,,,,,,INGEMMET - Catastro Minero (zona 17S),,
INVERSIONES MAVEGRA E.I.R.L.,1,300.0,ANCASH,SANTA,TITULADO,M,,,,,,INGEMMET - Catastro Minero (zona 17S),,
"ASESORIA, INVERSIONES Y SERVICIOS NCF EIRL",1,100.0,ANCASH,SANTA,TITULADO,N,,,,,,INGEMMET - Catastro Minero (zona 17S),,
COMPAÑIA MINERA KALLPAMINA S.A.C,1,500.0,ANCASH,SANTA,TITULADO,M,,,,,,INGEMMET - Catastro Minero (zona 17S),,
PLANTA EL MIRADOR CORPORATION S.A.C.,1,11.3,ANCASH,SANTA,OTROS,M,,,,,,INGEMMET - Catastro Minero (zona 17S),,
DEOCHRYSO S.A.C.,1,100.0,ANCASH,SANTA,EXTINGUIDO,M,,,,,,INGEMMET - Catastro Minero (zona 17S),,
GRUPO EMPRESARIAL MINERO M.S. S.A.C.,1,100.0,ANCASH,SANTA,TITULADO,M,,,,,,INGEMMET - Catastro Minero (zona 17S),,
S.M.R.L. J&L,1,100.0,ANCASH,SANTA,TITULADO,M,,,,,,INGEMMET - Catastro Minero (zona 17S),,
CORPORATIVO ATAUCHI E.I.R.L.,1,900.0,ANCASH,SANTA,TRAMITE,M,,,,,,INGEMMET - Catastro Minero (zona 17S),,
MOLINOS CALCAREOS ALPAMAYO E.I.R.L.,1,400.0,ANCASH,SANTA,TITULADO,M,,,,,,INGEMMET - Catastro Minero (zona 17S),,
HAMVEL MULTISECTORIAL S.A.C. Y OTROS,1,100.0,ANCASH,SANTA,TRAMITE,M,,,,,,INGEMMET - Catastro Minero (zona 17S),,
INFINITY CORP S.A.C. BIC,1,600.0,ANCASH,SANTA,TRAMITE,N,,,,,,INGEMMET - Catastro Minero (zona 17S),,
S.M.R.L. WINIBEL III,1,600.0,ANCASH,SANTA,TITULADO,M,,,,,,INGEMMET - Catastro Minero (zona 17S),,
CORPORACION MINERA IMAR S.A.C.,1,200.0,ANCASH,SANTA,TITULADO,M,,,,,,INGEMMET - Catastro Minero (zona 17S),,
EMPRESA MINERA MELBENZ S.A.C.,1,200.0,ANCASH,SANTA,TITULADO,M,,,,,,INGEMMET - Catastro Minero (zona 17S),,
CONSORCIO UNIVERSO & OASIS TRES S.A.C.,1,500.0,ANCASH,SANTA,TITULADO,N,,,,,,INGEMMET - Catastro Minero (zona 17S),,
S.M.R.L. SAN PEDRO I 2010,1,100.0,ANCASH,SANTA,TITULADO,N,,,,,,INGEMMET - Catastro Minero (zona 17S),,
MINERA AMANECER S.A.,1,100.0,ANCASH,SANTA,TITULADO,M,,,,,,INGEMMET - Catastro Minero (zona 17S),,
TRANSBEL ASOCIADOS S.A.C.,1,100.0,ANCASH,SANTA,TITULADO,N,,,,,,INGEMMET - Catastro Minero (zona 17S),,
INVERSIONES JO-MART S.R.L.,1,400.0,ANCASH,SANTA,TITULADO,N,,,,,,INGEMMET - Catastro Minero (zona 17S),,
GRUPO IMPERIO DORADO S.A.,1,200.0,ANCASH,SANTA,TITULADO,N,,,,,,INGEMMET - Catastro Minero (zona 17S),,
S.M.R.L. LA SORPRESA,1,108.1,ANCASH,SANTA,TITULADO,N,,,,,,INGEMMET - Catastro Minero (zona 17S),,
EMPRESA MINERA SAN JACINTO S.R.L.,1,300.0,ANCASH,SANTA,TITULADO,N,,,,,,INGEMMET - Catastro Minero (zona 17S),,
S.M.R.L. ZIREL,1,300.0,ANCASH,SANTA,TITULADO,M,,,,,,INGEMMET - Catastro Minero (zona 17S),,
S.M.R.L. CANTERA ARIES,1,500.0,ANCASH,SANTA,TITULADO,N,,,,,,INGEMMET - Catastro Minero (zona 17S),,
RESEA.COM S.A.C.,1,100.0,ANCASH,SANTA,TITULADO,M,,,,,,INGEMMET - Catastro Minero (zona 17S),,
CORPORACION MINERA FLORES S.A.C.,1,500.0,ANCASH,SANTA,TRAMITE,M,,,,,,INGEMMET - Catastro Minero (zona 17S),,
EL PACIFICO DORADO S.A.C.,1,200.0,ANCASH,SANTA,TITULADO,M,,,,,,INGEMMET - Catastro Minero (zona 17S),,
EMPRESA DE TRANSPORTE JEERGIKA E.I.R.L.,1,200.0,ANCASH,SANTA,TRAMITE,N,,,,,,INGEMMET - Catastro Minero (zona 17S),,
NEWMONT PERU S.R.L.,1,1000.0,ANCASH,SANTA,EXTINGUIDO,M,,,,,,INGEMMET - Catastro Minero (zona 17S),,
S.M.R.L. DIEGO ANDRE,1,100.0,ANCASH,SANTA,TITULADO,M,,,,,,INGEMMET - Catastro Minero (zona 17S),,
S.M.R.L. DON ENRIQUE B,1,100.0,ANCASH,SANTA,TITULADO,M,,,,,,INGEMMET - Catastro Minero (zona 17S),,
GASOCENTRO EL SOL S.A.C.,1,400.0,ANCASH,SANTA,TITULADO,M,,,,,,INGEMMET - Catastro Minero (zona 17S),,
GRUPO INVERSIONES SULMA S.A.C.,1,900.0,ANCASH,SANTA,TITULADO,M,,,,,,INGEMMET - Catastro Minero (zona 17S),,
COMPAÑIA MINERA SCORPION PERU S.A.C.,1,200.0,ANCASH,SANTA,TITULADO,M,,,,,,INGEMMET - Catastro Minero (zona 17S),,
MG GROUP SAC,1,300.0,ANCASH,SANTA,TRAMITE,M,,,,,,INGEMMET - Catastro Minero (zona 17S),,
S.M.R.L. RAZZIELLA,1,700.0,ANCASH,SANTA,TITULADO,M,,,,,,INGEMMET - Catastro Minero (zona 17S),,
GRUPO RAGO S.A.C.,1,400.0,ANCASH,SANTA,TITULADO,M,,,,,,INGEMMET - Catastro Minero (zona 17S),,
EMPRESA ASIRI S.A.C.,1,400.0,ANCASH,SANTA,TITULADO,M,,,,,,INGEMMET - Catastro Minero (zona 17S),,
S.M.R.L. CORPORACION EL SARCO I,1,200.0,ANCASH,SANTA,TITULADO,N,,,,,,INGEMMET - Catastro Minero (zona 17S),,
SERVICIOS GENERALES GLOCAR S.R.L,1,100.0,ANCASH,SANTA,TITULADO,N,,,,,,INGEMMET - Catastro Minero (zona 17S),,
S.M.R.L. ZAVILA,1,100.0,ANCASH,SANTA,TITULADO,M,,,,,,INGEMMET - Catastro Minero (zona 17S),,
S.M.R.L. TELMO I,1,200.0,ANCASH,SANTA,TITULADO,M,,,,,,INGEMMET - Catastro Minero (zona 17S),,
CORPORACION DE INGENIERIA ULISES SAC,1,300.0,ANCASH,SANTA,TRAMITE,M,,,,,,INGEMMET - Catastro Minero (zona 17S),,
S.M.R.L. EL ESPÍA,1,100.0,ANCASH,SANTA,TITULADO,M,,,,,,INGEMMET - Catastro Minero (zona 17S),,
S.M.R.L. CORPORACION EL SARCO II,1,100.0,ANCASH,SANTA,TITULADO,N,,,,,,INGEMMET - Catastro Minero (zona 17S),,
EXPLOTACIONES Y SERVICIOS MINEROS S.A.C,1,100.0,ANCASH,SANTA,TITULADO,M,,,,,,INGEMMET - Catastro Minero (zona 17S),,
CORPORACION MINERA MILENIUM SAC,1,100.0,ANCASH,SANTA,TRAMITE,M,,,,,,INGEMMET - Catastro Minero (zona 17S),,
COMPAÑIA MINERA LOMA DORADA S.A.C.,1,200.0,ANCASH,SANTA,TITULADO,M,,,,,,INGEMMET - Catastro Minero (zona 17S),,
S.M.R.L. CORPORACIÓN GECEF 5,1,100.0,ANCASH,SANTA,TITULADO,N,,,,,,INGEMMET - Catastro Minero (zona 17S),,
IMPORTACIONES Y SERVICIOS PERU S.A.C,1,13.7,ANCASH,SANTA,OTROS,M,,,,,,INGEMMET - Catastro Minero (zona 17S),,
S.M.R.L. ECOTECH VII,1,300.0,ANCASH,SANTA,TRAMITE,M,,,,,,INGEMMET - Catastro Minero (zona 17S),,
S.M.R.L. MINERA CANTINETT & SUSERMIN SAC,1,100.0,ANCASH,SANTA,TITULADO,M,,,,,,INGEMMET - Catastro Minero (zona 17S),,
JJY LOS JARITAS S.A.C,1,200.0,ANCASH,SANTA,TRAMITE,M,,,,,,INGEMMET - Catastro Minero (zona 17S),,
SHEBITA S.A.C.,1,200.0,ANCASH,SANTA,TRAMITE,M,,,,,,INGEMMET - Catastro Minero (zona 17S),,
PEDREPLAST S.A.C,1,100.0,ANCASH,SANTA,TRAMITE,M,,,,,,INGEMMET - Catastro Minero (zona 17S),,
VICTORIA SILVIA ELIZABETH CRISTHIAN E.I.R.L.,1,100.0,ANCASH,SANTA,TRAMITE,M,,,,,,INGEMMET - Catastro Minero (zona 17S),,
BLUE WILL E.I.R.L. Y OTROS,1,800.0,ANCASH,SANTA,TRAMITE,M,,,,,,INGEMMET - Catastro Minero (zona 17S),,
S.M.R.L. VALERIO 28,1,100.0,ANCASH,YUNGAY,TITULADO,M,,,,,,INGEMMET - Catastro Minero (zona 17S),,
S.M.R.L. MI BELEN,1,200.0,ANCASH,YUNGAY,TITULADO,M,,,,,,INGEMMET - Catastro Minero (zona 17S),,
S.M.R.L. XIOMY,1,200.0,ANCASH,YUNGAY,TITULADO,M,,,,,,INGEMMET - Catastro Minero (zona 17S),,
S.M.R.L. LINETTE II,1,500.0,ANCASH /  LA LIBERTAD,PALLASCA /  SANTIAGO DE CHUCO,TITULADO,M,,,,,,INGEMMET - Catastro Minero (zona 17S),,
ECO PLANING S.A.C.,1,400.0,ANCASH /  LA LIBERTAD,PALLASCA /  SANTIAGO DE CHUCO,TITULADO,M,,,,,,INGEMMET - Catastro Minero (zona 17S),,
VON TERRA SOCIEDAD ANONIMA CERRADA,1,300.0,ANCASH /  LA LIBERTAD,PALLASCA /  SANTIAGO DE CHUCO,EXTINGUIDO,M,,,,,,INGEMMET - Catastro Minero (zona 17S),,
RIOBANK S.A.C.,1,900.0,ANCASH /  LA LIBERTAD,SANTA /  VIRU,TITULADO,M,,,,,,INGEMMET - Catastro Minero (zona 17S),,
MINERAL ROMA S.A.C.,1,300.0,ANCASH /  LA LIBERTAD,PALLASCA /  SANTIAGO DE CHUCO,TITULADO,N,,,,,,INGEMMET - Catastro Minero (zona 17S),,
"TRANSPORTES, SERVICIOS MINEROS Y AGRICOLAS S.A.C.",1,200.0,ANCASH /  LA LIBERTAD,SANTA /  VIRU,TRAMITE,N,,,,,,INGEMMET - Catastro Minero (zona 17S),,
CONSTRUCTORA DOBLE O S.A.C.,1,300.0,ANCASH /  LA LIBERTAD,PALLASCA /  SANTIAGO DE CHUCO,TITULADO,N,,,,,,INGEMMET - Catastro Minero (zona 17S),,
S.M.R.L. DORADITO 2024,1,100.0,ANCASH /  LA LIBERTAD,PALLASCA /  SANTIAGO DE CHUCO,TITULADO,M,,,,,,INGEMMET - Catastro Minero (zona 17S),,
COMPAÑIA MINERA PERU GOLD S.A.,1,100.0,ANCASH /  LA LIBERTAD,PALLASCA /  SANTIAGO DE CHUCO,TRAMITE,M,,,,,,INGEMMET - Catastro Minero (zona 17S),,
S.M.R.L. ESPARTACO BOLOGNESI,1,100.0,ANCASH /  LA LIBERTAD,PALLASCA /  SANTIAGO DE CHUCO,TITULADO,M,,,,,,INGEMMET - Catastro Minero (zona 17S),,
ALYCAN NEGOCIOS INDUSTRIALES E.I.R.L,1,200.0,ANCASH /  LA LIBERTAD,PALLASCA /  SANTIAGO DE CHUCO,TITULADO,N,,,,,,INGEMMET - Catastro Minero (zona 17S),,
S.M.R.L. PERLA NEGRA 41,1,200.0,ANCASH /  LA LIBERTAD,PALLASCA /  SANTIAGO DE CHUCO,TITULADO,N,,,,,,INGEMMET - Catastro Minero (zona 17S),,
GOLDEN LAND SERVICIOS GENERALES E.I.R.L.,1,100.0,ANCASH /  LA LIBERTAD,PALLASCA /  SANTIAGO DE CHUCO,TITULADO,M,,,,,,INGEMMET - Catastro Minero (zona 17S),,
MULTISERVICIOS ESPECIALIZADOS DEL NORTE S.A.C.,1,500.0,ANCASH /  LA LIBERTAD,PALLASCA /  SANTIAGO DE CHUCO,TITULADO,N,,,,,,INGEMMET - Catastro Minero (zona 17S),,
S.M.R.L. AMARANTA GOLD,1,100.0,ANCASH /  LA LIBERTAD,PALLASCA /  SANTIAGO DE CHUCO,TITULADO,M,,,,,,INGEMMET - Catastro Minero (zona 17S),,
S.M.R.L. LA DORADA I,1,400.0,ANCASH /  LA LIBERTAD,PALLASCA /  SANTIAGO DE CHUCO,TITULADO,M,,,,,,INGEMMET - Catastro Minero (zona 17S),,
S.M.R.L. SAN GERONIMO II 2025,1,100.0,ANCASH /  LA LIBERTAD,PALLASCA /  SANTIAGO DE CHUCO,TITULADO,M,,,,,,INGEMMET - Catastro Minero (zona 17S),,
S.M.R.L. KEDOSHIM,1,1000.0,CAJAMARCA,CONTUMAZA,TITULADO,N,,,,,,INGEMMET - Catastro Minero (zona 17S),,
MINERA ANDESORO S.A.C.,1,400.0,CAJAMARCA,CELENDIN,TITULADO,M,,,,,,INGEMMET - Catastro Minero (zona 17S),,
SOUTH INDUSTRIES S.A.C.,1,200.0,CAJAMARCA,CHOTA /  HUALGAYOC,EXTINGUIDO,M,,,,,,INGEMMET - Catastro Minero (zona 17S),,
S.M.R.L. VIRGEN DEL VALLE,1,100.0,CAJAMARCA,SAN MARCOS,TITULADO,N,,,,,,INGEMMET - Catastro Minero (zona 17S),,
S.M.R.L. EL RESCATE DEL ALAMO DE CAJAMARCA,1,24.0,CAJAMARCA,CAJAMARCA,TITULADO,N,,,,,,INGEMMET - Catastro Minero (zona 17S),,
TRES CERROS COMPANY S.A.C.,1,200.0,CAJAMARCA,CAJABAMBA,TITULADO,M,,,,,,INGEMMET - Catastro Minero (zona 17S),,
CORPORACION YHAWILL S.R.L.,1,28.6,CAJAMARCA,HUALGAYOC,TITULADO,N,,,,,,INGEMMET - Catastro Minero (zona 17S),,
CALINOR S.A.C.,1,102.0,CAJAMARCA,CAJAMARCA,TITULADO,N,,,,,,INGEMMET - Catastro Minero (zona 17S),,
VULCANO DRILLING S.A.C.,1,100.0,CAJAMARCA,CAJAMARCA,TITULADO,M,,,,,,INGEMMET - Catastro Minero (zona 17S),,
CORPORACION SAGRADO CORAZON S.A.C.,1,100.0,CAJAMARCA,CONTUMAZA,TITULADO,M,,,,,,INGEMMET - Catastro Minero (zona 17S),,
S.M.R.L. EL ROSAL,1,300.0,CAJAMARCA,CHOTA,TITULADO,M,,,,,,INGEMMET - Catastro Minero (zona 17S),,
S.M.R.L. SHADDAI I,1,200.0,CAJAMARCA,SAN MIGUEL /  SAN PABLO,TITULADO,M,,,,,,INGEMMET - Catastro Minero (zona 17S),,
NUBE BLANCA E.I.R.L.,1,28.0,CAJAMARCA,HUALGAYOC,TITULADO,N,,,,,,INGEMMET - Catastro Minero (zona 17S),,
CANDENTE GOLD PERU S.A.C.,1,400.0,CAJAMARCA,SAN MIGUEL,TITULADO,M,,,,,,INGEMMET - Catastro Minero (zona 17S),,
INVERSIONES DEL NORTE L& M MANAGEMENT E.R.L,1,100.0,CAJAMARCA,HUALGAYOC,TITULADO,M,,,,,,INGEMMET - Catastro Minero (zona 17S),,
M & CALERA SANTA S.A.C,1,100.0,CAJAMARCA,CAJAMARCA,TITULADO,N,,,,,,INGEMMET - Catastro Minero (zona 17S),,
S.M.R.L. NUEVA CALIFORNIA DE CAJAMARCA,1,4.0,CAJAMARCA,HUALGAYOC,TITULADO,M,,,,,,INGEMMET - Catastro Minero (zona 17S),,
S.M.R.L. COLORADA DE CAJAMARCA,1,7.3,CAJAMARCA,HUALGAYOC,TITULADO,M,,,,,,INGEMMET - Catastro Minero (zona 17S),,
CANTERA LA TUNA BLANCA S.A.C.,1,100.0,CAJAMARCA,SANTA CRUZ,TITULADO,N,,,,,,INGEMMET - Catastro Minero (zona 17S),,
SOCIEDAD MINERA CAROLINA S.A.,1,35.0,CAJAMARCA,HUALGAYOC,OTROS,N,,,,,,INGEMMET - Catastro Minero (zona 17S),,
S.M.R.L. MC POLCY N5,1,100.0,CAJAMARCA,HUALGAYOC,TITULADO,N,,,,,,INGEMMET - Catastro Minero (zona 17S),,
S.M.R.L. LUMINOSA NUMERO 2A,1,200.0,CAJAMARCA,SAN PABLO,TITULADO,M,,,,,,INGEMMET - Catastro Minero (zona 17S),,
SOCIEDAD NUBE BLANCA TECNOCAL S.R.L.,1,50.0,CAJAMARCA,HUALGAYOC,TITULADO,N,,,,,,INGEMMET - Catastro Minero (zona 17S),,
SOCIEDAD MINERA CHETILLA S.R.L.,1,900.0,CAJAMARCA,CAJAMARCA,TITULADO,M,,,,,,INGEMMET - Catastro Minero (zona 17S),,
REGULUS RESOURCES PERU S.A.C. Y OTROS,1,24.0,CAJAMARCA,HUALGAYOC,TITULADO,M,,,,,,INGEMMET - Catastro Minero (zona 17S),,
SOUTHERN LEGACY PERU S.A.C.,1,30.0,CAJAMARCA,HUALGAYOC,TITULADO,M,,,,,,INGEMMET - Catastro Minero (zona 17S),,
S.M.R.L. CASSIL 02,1,100.0,CAJAMARCA,HUALGAYOC,TITULADO,N,,,,,,INGEMMET - Catastro Minero (zona 17S),,
SOCIEDAD MINERA MARIA LUZ S.A.C.,1,0.3,CAJAMARCA,HUALGAYOC,TITULADO,M,,,,,,INGEMMET - Catastro Minero (zona 17S),,
RUMICUCHO S.R.L.,1,200.0,CAJAMARCA,CAJAMARCA,TITULADO,N,,,,,,INGEMMET - Catastro Minero (zona 17S),,
S.M.R.L. ULRICA DE CAJAMARCA,1,1.9,CAJAMARCA,HUALGAYOC,TITULADO,M,,,,,,INGEMMET - Catastro Minero (zona 17S),,
CERAMICOS LAGT E.I.R.L.,1,100.0,CAJAMARCA,JAEN,TITULADO,N,,,,,,INGEMMET - Catastro Minero (zona 17S),,
S.M.R.L. SAN BENITO II 2024,1,200.0,CAJAMARCA,CONTUMAZA,TITULADO,N,,,,,,INGEMMET - Catastro Minero (zona 17S),,
SANSIL SERVICIOS GENERALES S.R.L.,1,100.0,CAJAMARCA,CELENDIN,TITULADO,N,,,,,,INGEMMET - Catastro Minero (zona 17S),,
S.M.R.L. JHIRED 2020,1,400.0,CAJAMARCA,CONTUMAZA,TITULADO,M,,,,,,INGEMMET - Catastro Minero (zona 17S),,
MULTISERVICIOS ROSITA S.A.C.,1,100.0,CAJAMARCA,CELENDIN,TITULADO,N,,,,,,INGEMMET - Catastro Minero (zona 17S),,
JHYOS MINERIA S.A.C.,1,100.0,CAJAMARCA,CAJAMARCA,TITULADO,N,,,,,,INGEMMET - Catastro Minero (zona 17S),,
S.M.R.L. COLINAS NEGRAS,1,100.0,CAJAMARCA,CHOTA,TITULADO,N,,,,,,INGEMMET - Catastro Minero (zona 17S),,
S.M.R.L. SARAI,1,100.0,CAJAMARCA,CAJAMARCA,TITULADO,M,,,,,,INGEMMET - Catastro Minero (zona 17S),,
S.M.R.L. SAN MARCOS I,1,200.0,CAJAMARCA,CAJABAMBA,TITULADO,N,,,,,,INGEMMET - Catastro Minero (zona 17S),,
FAR EXPLOMINS S.A.C,1,100.0,CAJAMARCA,SAN MARCOS,TITULADO,M,,,,,,INGEMMET - Catastro Minero (zona 17S),,
BELCON E.I.R.L.,1,100.0,CAJAMARCA,SAN MARCOS,TRAMITE,M,,,,,,INGEMMET - Catastro Minero (zona 17S),,
JME JUNCO S.A.C.,1,100.0,CAJAMARCA,CELENDIN,TITULADO,N,,,,,,INGEMMET - Catastro Minero (zona 17S),,
MINERA COBRE CELESTIAL S.A.C,1,900.0,CAJAMARCA,SAN MIGUEL,TRAMITE,M,,,,,,INGEMMET - Catastro Minero (zona 17S),,
FERRETERIA E INVERSIONES PEREZ S.A.C.,1,100.0,CAJAMARCA,CUTERVO,TRAMITE,N,,,,,,INGEMMET - Catastro Minero (zona 17S),,
WARMIKUNA MINING SOCIEDAD ANONIMA CERRADA,1,100.0,CAJAMARCA,CAJAMARCA,TITULADO,N,,,,,,INGEMMET - Catastro Minero (zona 17S),,
IMPORT SERVICIOS GENERALES PACIFICO'S S.A.C.,1,100.0,CAJAMARCA,CHOTA,TRAMITE,N,,,,,,INGEMMET - Catastro Minero (zona 17S),,
COMPAÑIA MINERA RIO GUILLERMO S.A.C.,1,100.0,CAJAMARCA,JAEN,TITULADO,M,,,,,,INGEMMET - Catastro Minero (zona 17S),,
S.M.R.L. VALLE DORADO DEL NORTE I,1,400.0,CAJAMARCA,CAJABAMBA /  SAN MARCOS,TITULADO,M,,,,,,INGEMMET - Catastro Minero (zona 17S),,
HEMAC NEGOCIOS Y SERVICIOS GENERALES S.R.L.,1,100.0,CAJAMARCA,CAJAMARCA,TRAMITE,M,,,,,,INGEMMET - Catastro Minero (zona 17S),,
HANAQ PERU S.A.C,1,100.0,CAJAMARCA,SAN MIGUEL,TRAMITE,M,,,,,,INGEMMET - Catastro Minero (zona 17S),,
S.M.R.L. ARCILLAS PERÚ 1,1,300.0,CAJAMARCA,CAJAMARCA,TITULADO,N,,,,,,INGEMMET - Catastro Minero (zona 17S),,
CONSTRUCTORA INMOBILIARIA B&G SERVICIOS GENERALES S.R.L,1,200.0,CAJAMARCA,HUALGAYOC,TITULADO,M,,,,,,INGEMMET - Catastro Minero (zona 17S),,
MINER´S HOUSE FMB S.A.C,1,700.0,CAJAMARCA,CAJABAMBA,TRAMITE,M,,,,,,INGEMMET - Catastro Minero (zona 17S),,
S.M.R.L. SAN ANTONIO DE TAYAL,1,100.0,CAJAMARCA,CAJAMARCA,TITULADO,M,,,,,,INGEMMET - Catastro Minero (zona 17S),,
S.M.R.L. CONSULADO DE CAJAMARCA,1,5.6,CAJAMARCA,HUALGAYOC,TITULADO,M,,,,,,INGEMMET - Catastro Minero (zona 17S),,
CONSTRUCTORA ROSA AMERICA S.A.C.,1,1000.0,CAJAMARCA,CONTUMAZA,TITULADO,M,,,,,,INGEMMET - Catastro Minero (zona 17S),,
EMPRESA CALERA ALSABE S.R.L.,1,100.0,CAJAMARCA,HUALGAYOC,TITULADO,N,,,,,,INGEMMET - Catastro Minero (zona 17S),,
MINERA CASCABAMBA S.A.C.,1,299.9,CAJAMARCA,CONTUMAZA,TITULADO,M,,,,,,INGEMMET - Catastro Minero (zona 17S),,
INVERSIONES RD S.A.C.,1,100.0,CAJAMARCA,CAJABAMBA,TITULADO,M,,,,,,INGEMMET - Catastro Minero (zona 17S),,
MINERA P´HUYU - YURAQ II E.I.R.L.,1,100.0,CAJAMARCA,CAJAMARCA,TITULADO,N,,,,,,INGEMMET - Catastro Minero (zona 17S),,
MINEX S.A.C.,1,200.0,CAJAMARCA,CONTUMAZA,TITULADO,M,,,,,,INGEMMET - Catastro Minero (zona 17S),,
S.M.R.L. SAN NICOLAS DE CAJAMARCA,1,24.0,CAJAMARCA,HUALGAYOC,TITULADO,M,,,,,,INGEMMET - Catastro Minero (zona 17S),,
CERAMICA SAN LORENZO S.A.C.,1,900.0,CAJAMARCA,JAEN,TITULADO,N,,,,,,INGEMMET - Catastro Minero (zona 17S),,
S.M.R.L. CAPRICORNIO Y OTROS,1,20.0,CAJAMARCA,HUALGAYOC,TITULADO,M,,,,,,INGEMMET - Catastro Minero (zona 17S),,
S.M.R.L. LA SORPRESA DE CAJAMARCA,1,2.1,CAJAMARCA,HUALGAYOC,TITULADO,M,,,,,,INGEMMET - Catastro Minero (zona 17S),,
S.M.R.L. PRESIDENTE LEGUIA DE CAJAMARCA,1,6.0,CAJAMARCA,HUALGAYOC,TITULADO,M,,,,,,INGEMMET - Catastro Minero (zona 17S),,
MINERA CERRO CUSHURO S.A.,1,399.8,CAJAMARCA,SAN MIGUEL,TITULADO,M,,,,,,INGEMMET - Catastro Minero (zona 17S),,
S.M.R.L. LA LUMINOSA DE CAJAMARCA,1,391.1,CAJAMARCA,CELENDIN,TITULADO,M,,,,,,INGEMMET - Catastro Minero (zona 17S),,
S.M.R.L. LA UNION DE CAJAMARCA,1,100.0,CAJAMARCA,CAJAMARCA,TITULADO,N,,,,,,INGEMMET - Catastro Minero (zona 17S),,
S.M.R.L. JUAN DE DIOS I,1,200.0,CAJAMARCA,CAJAMARCA,TITULADO,N,,,,,,INGEMMET - Catastro Minero (zona 17S),,
EMPRESA LOS DOS AMIGOS DE BAMBAMARCA S.R.L.,1,28.6,CAJAMARCA,HUALGAYOC,TITULADO,N,,,,,,INGEMMET - Catastro Minero (zona 17S),,
S.M.R.L. CLEOPATRA DE CAJAMARCA,1,8.0,CAJAMARCA,HUALGAYOC,TITULADO,M,,,,,,INGEMMET - Catastro Minero (zona 17S),,
SERVICIOS GENERALES ALDAPA E.I.R.L,1,100.0,CAJAMARCA,CELENDIN,TITULADO,M,,,,,,INGEMMET - Catastro Minero (zona 17S),,
CAJAMARCA CIUDAD DE COLORES S.R.L.,1,100.0,CAJAMARCA,HUALGAYOC,TITULADO,N,,,,,,INGEMMET - Catastro Minero (zona 17S),,
S.M.R.L. RODOLFITO I,1,100.0,CAJAMARCA,CAJAMARCA,TITULADO,N,,,,,,INGEMMET - Catastro Minero (zona 17S),,
NUEVO RENACER SERVICIOS GENERALES E.I.R.L.,1,400.0,CAJAMARCA,SAN MARCOS,TITULADO,N,,,,,,INGEMMET - Catastro Minero (zona 17S),,
S.M.R.L. PERU CAL III,1,100.0,CAJAMARCA,HUALGAYOC,TITULADO,M,,,,,,INGEMMET - Catastro Minero (zona 17S),,
S.M.R.L. EL TIMBO,1,100.0,CAJAMARCA,CHOTA /  HUALGAYOC,TITULADO,M,,,,,,INGEMMET - Catastro Minero (zona 17S),,
HCB CONTRATISTAS GENERALES S.R.L.,1,500.0,CAJAMARCA,CONTUMAZA,TITULADO,M,,,,,,INGEMMET - Catastro Minero (zona 17S),,
S.M.R.L. PORCIA DE CAJAMARCA,1,2.0,CAJAMARCA,HUALGAYOC,TITULADO,M,,,,,,INGEMMET - Catastro Minero (zona 17S),,
KORI ANTA S.A.C.,1,8.0,CAJAMARCA,HUALGAYOC,TITULADO,M,,,,,,INGEMMET - Catastro Minero (zona 17S),,
S.M.R.L. VIRUCA DE CAJAMARCA,1,3.0,CAJAMARCA,HUALGAYOC,TITULADO,M,,,,,,INGEMMET - Catastro Minero (zona 17S),,
SOCIEDAD MINERA DE RESPONSABILIDAD LIMITADA ARVA,1,100.0,CAJAMARCA,CAJAMARCA,TITULADO,N,,,,,,INGEMMET - Catastro Minero (zona 17S),,
S.M.R.L. BENAVIDES Nº1 DE CAJAMARCA Y OTROS,1,30.7,CAJAMARCA,HUALGAYOC,TITULADO,M,,,,,,INGEMMET - Catastro Minero (zona 17S),,
S.M.R.L. VICTORIA 2002,1,100.0,CAJAMARCA,HUALGAYOC,TITULADO,N,,,,,,INGEMMET - Catastro Minero (zona 17S),,
COMPAÑIA MINERA EL FERROL S.A.,1,1.7,CAJAMARCA,CAJAMARCA,TITULADO,M,,,,,,INGEMMET - Catastro Minero (zona 17S),,
MINORTEX TRADER S.A.C.,1,600.0,CAJAMARCA,CONTUMAZA,TRAMITE,M,,,,,,INGEMMET - Catastro Minero (zona 17S),,
CALCAREOS 2004 S.A.C.,1,46.4,CAJAMARCA,CONTUMAZA,TITULADO,N,,,,,,INGEMMET - Catastro Minero (zona 17S),,
STRONG STEEL PERU S.A.C.,1,100.0,CAJAMARCA,SAN MIGUEL /  SANTA CRUZ,TITULADO,M,,,,,,INGEMMET - Catastro Minero (zona 17S),,
S.M.R.L. LA BENDICION DE DIOS,1,200.0,CAJAMARCA,CONTUMAZA,TITULADO,M,,,,,,INGEMMET - Catastro Minero (zona 17S),,
BANDA SERVICIOS GENERALES E.I.R.L.,1,200.0,CAJAMARCA,CAJAMARCA /  CONTUMAZA /  SAN PABLO,TITULADO,N,,,,,,INGEMMET - Catastro Minero (zona 17S),,
COBRIZA METALS PERU S.A.,1,900.0,CAJAMARCA,JAEN,TITULADO,M,,,,,,INGEMMET - Catastro Minero (zona 17S),,
CORPORACION LAS ESMERALDAS E.I.R.L.,1,400.0,CAJAMARCA,SAN IGNACIO,TITULADO,M,,,,,,INGEMMET - Catastro Minero (zona 17S),,
S.M.R.L. LOS REYES DE HUASMIN,1,300.0,CAJAMARCA,CELENDIN,TITULADO,N,,,,,,INGEMMET - Catastro Minero (zona 17S),,
S.M.R.L. CONGADEURQUIA I,1,100.0,CAJAMARCA,CELENDIN,TITULADO,N,,,,,,INGEMMET - Catastro Minero (zona 17S),,
S.M.R.L. CERRO VANGUARDIA III,1,300.0,CAJAMARCA,CONTUMAZA /  SAN MIGUEL,TITULADO,M,,,,,,INGEMMET - Catastro Minero (zona 17S),,
TRANSPORTES YOSIMAR E.I.R.L.,1,100.0,CAJAMARCA,CAJAMARCA,TITULADO,N,,,,,,INGEMMET - Catastro Minero (zona 17S),,
EMPRESA CERRO ALUPUY S.R.L.,1,200.0,CAJAMARCA,CELENDIN,TITULADO,N,,,,,,INGEMMET - Catastro Minero (zona 17S),,
S.M.R.L. CARLO I,1,200.0,CAJAMARCA,JAEN,TITULADO,M,,,,,,INGEMMET - Catastro Minero (zona 17S),,
S.M.R.L. CONCECION MINERA POWERMIN,1,100.0,CAJAMARCA,CAJAMARCA,TITULADO,M,,,,,,INGEMMET - Catastro Minero (zona 17S),,
S.M.R.L. EL LIRIO DE LOS VALLES,1,200.0,CAJAMARCA,HUALGAYOC,TITULADO,M,,,,,,INGEMMET - Catastro Minero (zona 17S),,
SAUG MINING S.A.C.,1,100.0,CAJAMARCA,CAJABAMBA,TRAMITE,M,,,,,,INGEMMET - Catastro Minero (zona 17S),,
S.M.R.L. EMITAM GOLD,1,250.0,CAJAMARCA,CAJAMARCA,TITULADO,N,,,,,,INGEMMET - Catastro Minero (zona 17S),,
P&G CONTRATISTAS SOLUCIONES E.I.R.L.,1,200.0,CAJAMARCA,CONTUMAZA,TITULADO,N,,,,,,INGEMMET - Catastro Minero (zona 17S),,
S.M.R.L. CALERA CERRO JESUS HUALGAYOC,1,100.0,CAJAMARCA,CHOTA /  HUALGAYOC,TITULADO,N,,,,,,INGEMMET - Catastro Minero (zona 17S),,
S.M.R.L. EL LIRIO DE LOS VALLES I 2016,1,200.0,CAJAMARCA,HUALGAYOC,TITULADO,M,,,,,,INGEMMET - Catastro Minero (zona 17S),,
S.M.R.L. UNA AVENTURA MAS,1,100.0,CAJAMARCA,HUALGAYOC,TITULADO,M,,,,,,INGEMMET - Catastro Minero (zona 17S),,
S.M.R.L. SUCRE COPPER,1,200.0,CAJAMARCA,CELENDIN,TITULADO,M,,,,,,INGEMMET - Catastro Minero (zona 17S),,
S.M.R.L. INVERSIONES M M,1,200.0,CAJAMARCA,CELENDIN,TITULADO,M,,,,,,INGEMMET - Catastro Minero (zona 17S),,
EMPRESA DE SERVICIOS GENERALES AQUINO ASENCIO S.R.L.,1,100.0,CAJAMARCA,CAJAMARCA,TITULADO,N,,,,,,INGEMMET - Catastro Minero (zona 17S),,
S.M.R.L. LASLIMAS,1,400.0,CAJAMARCA,CHOTA,EXTINGUIDO,M,,,,,,INGEMMET - Catastro Minero (zona 17S),,
S.M.R.L. COMUNEROS SAN LORENZO CUTERVO,1,100.0,CAJAMARCA,CUTERVO,TITULADO,N,,,,,,INGEMMET - Catastro Minero (zona 17S),,
S.M.R.L. ARTEMIS I,1,200.0,CAJAMARCA,CAJAMARCA,TITULADO,M,,,,,,INGEMMET - Catastro Minero (zona 17S),,
S.M.R.L. SOCCHA,1,400.0,CAJAMARCA,CONTUMAZA,TITULADO,M,,,,,,INGEMMET - Catastro Minero (zona 17S),,
COMERCIALIZADORA DE MINERALES NO METALICOS Y SERVICIOS GENER,1,100.0,CAJAMARCA,CAJAMARCA,TITULADO,N,,,,,,INGEMMET - Catastro Minero (zona 17S),,
INVERSIONES TROY S.A.C.,1,600.0,CAJAMARCA,JAEN,TITULADO,M,,,,,,INGEMMET - Catastro Minero (zona 17S),,
S.M.R.L. SILVANA Y DULCE,1,500.0,CAJAMARCA,CONTUMAZA,TITULADO,M,,,,,,INGEMMET - Catastro Minero (zona 17S),,
L.C.F. DISTRIBUCIONES Y SERVICIOS S.A.C.,1,200.0,CAJAMARCA,CONTUMAZA,TITULADO,M,,,,,,INGEMMET - Catastro Minero (zona 17S),,
CONSULTORES GROUP PERU JH S.A.C.,1,1000.0,CAJAMARCA,CHOTA /  SANTA CRUZ,TRAMITE,M,,,,,,INGEMMET - Catastro Minero (zona 17S),,
S.M.R.L. EL NOSHO,1,300.0,CAJAMARCA,SAN MARCOS,TITULADO,M,,,,,,INGEMMET - Catastro Minero (zona 17S),,
EMPRESA DE TRANSPORTES Y SERVICIOS GENERALES JUAN TELLO SSS,1,200.0,CAJAMARCA,CELENDIN /  CHOTA /  HUALGAYOC,TITULADO,N,,,,,,INGEMMET - Catastro Minero (zona 17S),,
MINERAL CAPITAL S.A.C.,1,100.0,CAJAMARCA,CELENDIN,TITULADO,M,,,,,,INGEMMET - Catastro Minero (zona 17S),,
REPRESENTACIONES ORO BLANCO S.A.C.,1,100.0,CAJAMARCA,HUALGAYOC,TITULADO,N,,,,,,INGEMMET - Catastro Minero (zona 17S),,
S.M.R.L. EL ARENAL 2020,1,200.0,CAJAMARCA,SAN MARCOS,TITULADO,N,,,,,,INGEMMET - Catastro Minero (zona 17S),,
S.M.R.L. SILVANA Y DULCE III,1,300.0,CAJAMARCA,CONTUMAZA,TITULADO,M,,,,,,INGEMMET - Catastro Minero (zona 17S),,
CALERA BAMBAMARCA S.A.C,1,200.0,CAJAMARCA,HUALGAYOC,TRAMITE,N,,,,,,INGEMMET - Catastro Minero (zona 17S),,
S.M.R.L. CARBONERA LAS TRES MARIAS,1,100.0,CAJAMARCA,CELENDIN,TITULADO,N,,,,,,INGEMMET - Catastro Minero (zona 17S),,
S.M.R.L. EL HUABO,1,100.0,CAJAMARCA,CAJABAMBA,TITULADO,M,,,,,,INGEMMET - Catastro Minero (zona 17S),,
S.M.R.L. PRIMO CINCO,1,1000.0,CAJAMARCA,SAN MIGUEL,TITULADO,M,,,,,,INGEMMET - Catastro Minero (zona 17S),,
MERCIET CONTRATISTAS GENERALES EIRL,1,100.0,CAJAMARCA,SAN MARCOS,TITULADO,N,,,,,,INGEMMET - Catastro Minero (zona 17S),,
MINERA BRILLANTE NIEVE E.I.R.L.,1,300.0,CAJAMARCA,CAJABAMBA,TRAMITE,M,,,,,,INGEMMET - Catastro Minero (zona 17S),,
S.M.R.L.EL GENTIL,1,200.0,CAJAMARCA,CELENDIN,TITULADO,N,,,,,,INGEMMET - Catastro Minero (zona 17S),,
S.M.R.L. CANTERA RIO CHOTANO LAQUE KM 0230+,1,100.0,CAJAMARCA,CHOTA /  CUTERVO,TITULADO,N,,,,,,INGEMMET - Catastro Minero (zona 17S),,
S.M.R.L. JJGG,1,100.0,CAJAMARCA,CONTUMAZA,TITULADO,N,,,,,,INGEMMET - Catastro Minero (zona 17S),,
CERAMICOS BRACKAMOROS E.I.R.L,1,200.0,CAJAMARCA,JAEN,TITULADO,N,,,,,,INGEMMET - Catastro Minero (zona 17S),,
BALTA CORPORACION S.A.C,1,200.0,CAJAMARCA,CONTUMAZA /  SAN MIGUEL,TITULADO,M,,,,,,INGEMMET - Catastro Minero (zona 17S),,
S.M.R.L. EL FUTURO II,1,600.0,CAJAMARCA,SAN PABLO,TITULADO,M,,,,,,INGEMMET - Catastro Minero (zona 17S),,
S.M.R.L. LAS LEONAS,1,100.0,CAJAMARCA,CONTUMAZA,TITULADO,M,,,,,,INGEMMET - Catastro Minero (zona 17S),,
S.M.R.L. CANTERA DE AGREGADOS YERBA SANTA,1,100.0,CAJAMARCA,CAJAMARCA,TITULADO,N,,,,,,INGEMMET - Catastro Minero (zona 17S),,
AGROINDUSTRIA MINERA & CONSTRUCCIÓN S.A.C. - AIM & C S.A.C.,1,200.0,CAJAMARCA,SAN MARCOS,TITULADO,N,,,,,,INGEMMET - Catastro Minero (zona 17S),,
S.M.R.L. EL FUTURO II Y OTROS,1,500.0,CAJAMARCA,SAN PABLO,TITULADO,M,,,,,,INGEMMET - Catastro Minero (zona 17S),,
EMPRESA MINERA ONASS S.A.C.,1,600.0,CAJAMARCA,CUTERVO,TITULADO,M,,,,,,INGEMMET - Catastro Minero (zona 17S),,
COMPAÑIA MINERA POSHAN S.A.C.,1,400.0,CAJAMARCA,CONTUMAZA,TITULADO,M,,,,,,INGEMMET - Catastro Minero (zona 17S),,
INVERSIONES Y SERVICIOS GENERALES MINZUVI S.R.L.,1,100.0,CAJAMARCA,HUALGAYOC,TITULADO,M,,,,,,INGEMMET - Catastro Minero (zona 17S),,
S.M.R.L. LUIS ABEARDO RAQUITO,1,1000.0,CAJAMARCA,SAN MIGUEL /  SANTA CRUZ,TITULADO,M,,,,,,INGEMMET - Catastro Minero (zona 17S),,
S.M.R.L. COPELANCHE III,1,200.0,CAJAMARCA,CHOTA,TITULADO,M,,,,,,INGEMMET - Catastro Minero (zona 17S),,
S.M.R.L. CARVIC-I,1,400.0,CAJAMARCA,CONTUMAZA,TITULADO,N,,,,,,INGEMMET - Catastro Minero (zona 17S),,
S.M.R.L. COLINAS DE HUAYLLABAMBA,1,100.0,CAJAMARCA,CAJABAMBA,TITULADO,M,,,,,,INGEMMET - Catastro Minero (zona 17S),,
MULTISERVICIOS PIRAMIDES DE ORO S.R.L.,1,200.0,CAJAMARCA,CHOTA /  HUALGAYOC,TITULADO,M,,,,,,INGEMMET - Catastro Minero (zona 17S),,
S.M.R.L. LA INDIA,1,100.0,CAJAMARCA,SAN MIGUEL,TITULADO,M,,,,,,INGEMMET - Catastro Minero (zona 17S),,
S.M.R.L. MINA SANQUIN,1,400.0,CAJAMARCA,CONTUMAZA,TITULADO,M,,,,,,INGEMMET - Catastro Minero (zona 17S),,
S.M.R.L. EL SUEÑO 2022,1,200.0,CAJAMARCA,CONTUMAZA,TITULADO,N,,,,,,INGEMMET - Catastro Minero (zona 17S),,
LADRILLOS PRISMA S.R.L.,1,200.0,CAJAMARCA,CAJAMARCA,TRAMITE,N,,,,,,INGEMMET - Catastro Minero (zona 17S),,
S.M.R.L. MERCURY PERU,1,200.0,CAJAMARCA,CHOTA,TITULADO,M,,,,,,INGEMMET - Catastro Minero (zona 17S),,
EL TAYO INGENIEROS S.R.L.,1,1000.0,CAJAMARCA,CAJAMARCA /  CONTUMAZA,TITULADO,M,,,,,,INGEMMET - Catastro Minero (zona 17S),,
SERVICIOS GENERALES PROCALHUA S.A.C.,1,25.9,CAJAMARCA,HUALGAYOC,TITULADO,M,,,,,,INGEMMET - Catastro Minero (zona 17S),,
APUS GOLD SOCIEDAD COMERCIAL DE RESPONSABILIDAD LIMITADA,1,50.0,CAJAMARCA,HUALGAYOC,TITULADO,M,,,,,,INGEMMET - Catastro Minero (zona 17S),,
CIGMAC PERU E.I.R.L.,1,100.0,CAJAMARCA,CAJAMARCA,TITULADO,N,,,,,,INGEMMET - Catastro Minero (zona 17S),,
S.M.R.L. LA PERLA DORADA,1,100.0,CAJAMARCA,SAN IGNACIO,TITULADO,M,,,,,,INGEMMET - Catastro Minero (zona 17S),,
SOCIEDAD MINERA CAMPANA DE ORO S.A.C.,1,100.0,CAJAMARCA,CAJABAMBA,TRAMITE,M,,,,,,INGEMMET - Catastro Minero (zona 17S),,
WHITE MOUNTAIN LIMESTONE S.R.L.,1,200.0,CAJAMARCA,HUALGAYOC,TITULADO,N,,,,,,INGEMMET - Catastro Minero (zona 17S),,
S.M.R.L. GALENO LUMINOSO,1,200.0,CAJAMARCA,CELENDIN,TITULADO,M,,,,,,INGEMMET - Catastro Minero (zona 17S),,
S.M.R.L. URIEL BC,1,200.0,CAJAMARCA,CHOTA,TITULADO,M,,,,,,INGEMMET - Catastro Minero (zona 17S),,
S.M.R.L. PERUVIAN CALCAREOS DEL NORTE,1,400.0,CAJAMARCA,CHOTA,TITULADO,M,,,,,,INGEMMET - Catastro Minero (zona 17S),,
S.M.R.L. SAN MARTIN 2023,1,800.0,CAJAMARCA,CAJAMARCA,TITULADO,M,,,,,,INGEMMET - Catastro Minero (zona 17S),,
S.M.R.L. PEÑA DORADA 1302,1,200.0,CAJAMARCA,CELENDIN,TITULADO,N,,,,,,INGEMMET - Catastro Minero (zona 17S),,
SERVICIOS DE MAQUINARIA PESADA Y TRANSPORTE MAQSERV E.I.R.L.,1,200.0,CAJAMARCA,CAJAMARCA,TITULADO,N,,,,,,INGEMMET - Catastro Minero (zona 17S),,
S.M.R.L. PERUVIAN CALCAREOS III,1,200.0,CAJAMARCA,HUALGAYOC,TITULADO,M,,,,,,INGEMMET - Catastro Minero (zona 17S),,
GRUPO KALIMBO E.I.R.L.,1,200.0,CAJAMARCA,CONTUMAZA /  SAN PABLO,TITULADO,N,,,,,,INGEMMET - Catastro Minero (zona 17S),,
INVERSIONES GOLD PERU SAC,1,100.0,CAJAMARCA,CAJABAMBA,TITULADO,N,,,,,,INGEMMET - Catastro Minero (zona 17S),,
S.M.R.L. BALVINA DOMINGO,1,400.0,CAJAMARCA,JAEN /  SAN IGNACIO,TITULADO,M,,,,,,INGEMMET - Catastro Minero (zona 17S),,
S.M.R.L. SAN BENITO I 2023,1,200.0,CAJAMARCA,CONTUMAZA,TITULADO,M,,,,,,INGEMMET - Catastro Minero (zona 17S),,
S.M.R.L. MINA LA ENCAÑADA,1,200.0,CAJAMARCA,CAJAMARCA,TITULADO,M,,,,,,INGEMMET - Catastro Minero (zona 17S),,
S.M.R.L. DIPNA,1,400.0,CAJAMARCA,CAJAMARCA,TITULADO,N,,,,,,INGEMMET - Catastro Minero (zona 17S),,
S.M.R.L. GREEN GOLDEN,1,200.0,CAJAMARCA,CELENDIN,TITULADO,M,,,,,,INGEMMET - Catastro Minero (zona 17S),,
CHOTA CONSTRUCTORA ROCA AZUL S.R.L.,1,100.0,CAJAMARCA,CHOTA,TITULADO,N,,,,,,INGEMMET - Catastro Minero (zona 17S),,
S.M.R.L. EL HUASMINORCO,1,200.0,CAJAMARCA,CELENDIN,TITULADO,M,,,,,,INGEMMET - Catastro Minero (zona 17S),,
CIA MINERA CLARA LUZ S.A.C.,1,800.0,CAJAMARCA,JAEN,TITULADO,M,,,,,,INGEMMET - Catastro Minero (zona 17S),,
CINCO CUMBRES MINING S.A.C.,1,200.0,CAJAMARCA,SAN MARCOS,TITULADO,N,,,,,,INGEMMET - Catastro Minero (zona 17S),,
MIN NORTH S.R.L.,1,200.0,CAJAMARCA,CONTUMAZA,TRAMITE,M,,,,,,INGEMMET - Catastro Minero (zona 17S),,
OYE CORPORACION SERVICIOS GENERALES E.I.R.L,1,100.0,CAJAMARCA,CAJAMARCA,TITULADO,N,,,,,,INGEMMET - Catastro Minero (zona 17S),,
RULL PERU MINING S.A.C.,1,100.0,CAJAMARCA,SAN PABLO,TITULADO,N,,,,,,INGEMMET - Catastro Minero (zona 17S),,
S.M.R.L. CRITAL 1,1,400.0,CAJAMARCA,SANTA CRUZ,TITULADO,M,,,,,,INGEMMET - Catastro Minero (zona 17S),,
CORPORACIÓN MINERA LOS ZARCOS ULLOA E.I.R.L.,1,200.0,CAJAMARCA,CAJABAMBA,TITULADO,M,,,,,,INGEMMET - Catastro Minero (zona 17S),,
CODIEDRA S.A.C.,1,100.0,CAJAMARCA,CHOTA,TITULADO,M,,,,,,INGEMMET - Catastro Minero (zona 17S),,
CONTRATISTAS GENERALES LA MAZMA S.R.L.,1,200.0,CAJAMARCA,HUALGAYOC,TRAMITE,M,,,,,,INGEMMET - Catastro Minero (zona 17S),,
CONSORCIO EL EDEN S.R.L.,1,200.0,CAJAMARCA,CELENDIN,TITULADO,M,,,,,,INGEMMET - Catastro Minero (zona 17S),,
S.M.R.L. VALLE DORADO DEL NORTE,1,200.0,CAJAMARCA,CAJABAMBA /  SAN MARCOS,TITULADO,M,,,,,,INGEMMET - Catastro Minero (zona 17S),,
CALCIOPURE S.A.C.,1,100.0,CAJAMARCA,HUALGAYOC,TITULADO,N,,,,,,INGEMMET - Catastro Minero (zona 17S),,
S.M.R.L. GRATITUD1000,1,300.0,CAJAMARCA,JAEN /  SAN IGNACIO,TITULADO,M,,,,,,INGEMMET - Catastro Minero (zona 17S),,
BENDICION POR MISERICORDIA S.R.L.,1,100.0,CAJAMARCA,CHOTA,TITULADO,M,,,,,,INGEMMET - Catastro Minero (zona 17S),,
S.M.R.L. MINING PACHA PERU,1,1000.0,CAJAMARCA,CONTUMAZA,TITULADO,M,,,,,,INGEMMET - Catastro Minero (zona 17S),,
S.M.R.L. GOLD 2024,1,100.0,CAJAMARCA,CHOTA,TITULADO,M,,,,,,INGEMMET - Catastro Minero (zona 17S),,
EMPRESA NO METALICA JOSE GALVEZ S.C.R.L,1,100.0,CAJAMARCA,HUALGAYOC,TRAMITE,N,,,,,,INGEMMET - Catastro Minero (zona 17S),,
S.M.R.L. BENJAVAL MINING PERU,1,600.0,CAJAMARCA,CONTUMAZA,TITULADO,N,,,,,,INGEMMET - Catastro Minero (zona 17S),,
ASOCIACION MARBER S.A.C.,1,100.0,CAJAMARCA,CHOTA,TITULADO,M,,,,,,INGEMMET - Catastro Minero (zona 17S),,
MAQANAKUY E.I.R.L.,1,100.0,CAJAMARCA,CAJAMARCA,TITULADO,N,,,,,,INGEMMET - Catastro Minero (zona 17S),,
INVERSIONES ORO DEL NORTE S.A.C,1,100.0,CAJAMARCA,SAN MIGUEL,TRAMITE,M,,,,,,INGEMMET - Catastro Minero (zona 17S),,
S.M.R.L. DIANA 2024,1,100.0,CAJAMARCA,CAJAMARCA,TITULADO,M,,,,,,INGEMMET - Catastro Minero (zona 17S),,
S.M.R.L. EL MANANTIAL 2025,1,100.0,CAJAMARCA,JAEN,TRAMITE,M,,,,,,INGEMMET - Catastro Minero (zona 17S),,
CONSULTORES Y CONSTRUCTORES ABANTOS S.A.C.,1,100.0,CAJAMARCA,CAJAMARCA,EXTINGUIDO,N,,,,,,INGEMMET - Catastro Minero (zona 17S),,
INVERSIONES GRUPO ZAMORA S.A.C.,1,200.0,CAJAMARCA,CAJAMARCA,TITULADO,M,,,,,,INGEMMET - Catastro Minero (zona 17S),,
CONSORCIO MINERO JOCOS SR. SAC,1,200.0,CAJAMARCA,CAJABAMBA,TRAMITE,M,,,,,,INGEMMET - Catastro Minero (zona 17S),,
MULTISERVICIOS JACEL S.R.L.,1,100.0,CAJAMARCA,HUALGAYOC,EXTINGUIDO,N,,,,,,INGEMMET - Catastro Minero (zona 17S),,
MULTISERVICIOS COMPANY Y & D E.I.R.L.,1,100.0,CAJAMARCA,CELENDIN,TRAMITE,M,,,,,,INGEMMET - Catastro Minero (zona 17S),,
FERRETERIA MARITZA E.I.R.L.,1,500.0,CAJAMARCA,CUTERVO,TITULADO,M,,,,,,INGEMMET - Catastro Minero (zona 17S),,
INDUSTRIAS TIFER E.I.R.L.,1,1000.0,CAJAMARCA,CHOTA /  CUTERVO,TITULADO,M,,,,,,INGEMMET - Catastro Minero (zona 17S),,
S.M.R.L. EVOLET ABIGAIL,1,300.0,CAJAMARCA,SAN PABLO,TITULADO,M,,,,,,INGEMMET - Catastro Minero (zona 17S),,
COMPAÑIA MV E.I.R.L.,1,100.0,CAJAMARCA,CELENDIN,TRAMITE,M,,,,,,INGEMMET - Catastro Minero (zona 17S),,
INFONET E.I.R.L.,1,400.0,CAJAMARCA,SAN IGNACIO,TRAMITE,M,,,,,,INGEMMET - Catastro Minero (zona 17S),,
EMPRESA DE TRANSPORTES Y SERVICIOS SANTA ISABEL DE CUSHURO S,1,200.0,CAJAMARCA,CHOTA,EXTINGUIDO,M,,,,,,INGEMMET - Catastro Minero (zona 17S),,
S.M.R.L. CEJJH,1,300.0,CAJAMARCA,CELENDIN /  CHOTA,TITULADO,M,,,,,,INGEMMET - Catastro Minero (zona 17S),,
S.M.R.L. LOS CHICHIRANOS,1,100.0,CAJAMARCA,CAJABAMBA,TITULADO,M,,,,,,INGEMMET - Catastro Minero (zona 17S),,
CONSULTORA & CONSTRUCTORA GOICOCHEA S.R.L.,1,100.0,CAJAMARCA,CHOTA /  CUTERVO,TRAMITE,M,,,,,,INGEMMET - Catastro Minero (zona 17S),,
TRANSPORTES Y SERVICIOS CHUGNAS S.R.L.,1,100.0,CAJAMARCA,CAJAMARCA,TRAMITE,N,,,,,,INGEMMET - Catastro Minero (zona 17S),,
INGENIERIA & SERVICIOS DELGADO E.I.R.L,1,200.0,CAJAMARCA,SAN IGNACIO,TRAMITE,M,,,,,,INGEMMET - Catastro Minero (zona 17S),,
SERVICIOS GENERALES JH 2024 E.I.R.L.,1,200.0,CAJAMARCA,SAN PABLO,TRAMITE,M,,,,,,INGEMMET - Catastro Minero (zona 17S),,
LOGISNORT S.A.C.,1,100.0,CAJAMARCA,CONTUMAZA,TRAMITE,N,,,,,,INGEMMET - Catastro Minero (zona 17S),,
ALTAIR SERVICIOS GENERALES E.I.R.L. Y OTROS,1,900.0,CAJAMARCA,CELENDIN,TRAMITE,M,,,,,,INGEMMET - Catastro Minero (zona 17S),,
S.M.R.L. MILAGROSO PADRE ETERNO 3,1,500.0,CAJAMARCA,CELENDIN,TRAMITE,M,,,,,,INGEMMET - Catastro Minero (zona 17S),,
ACTIVIDAD MINERA DORADA S.A.C. Y OTROS,1,500.0,CAJAMARCA,SAN IGNACIO,TRAMITE,M,,,,,,INGEMMET - Catastro Minero (zona 17S),,
CORPORACIÓN WALLIO E.I.R.L.,1,100.0,CAJAMARCA,CONTUMAZA,TRAMITE,M,,,,,,INGEMMET - Catastro Minero (zona 17S),,
S.M.R.L. MINA EL FLOREAO,1,800.0,CAJAMARCA,CELENDIN,TRAMITE,M,,,,,,INGEMMET - Catastro Minero (zona 17S),,
AHIEZER COMPANY S.A.C.,1,400.0,CAJAMARCA,CAJABAMBA,TRAMITE,M,,,,,,INGEMMET - Catastro Minero (zona 17S),,
CONSTRUCTORA & MINERIA JOMESA E.I.R.L. Y OTROS,1,100.0,CAJAMARCA,HUALGAYOC,TRAMITE,M,,,,,,INGEMMET - Catastro Minero (zona 17S),,
R & C ASESORES EMPRESARIALES S.A.C.,1,100.0,CAJAMARCA,CAJAMARCA,TRAMITE,M,,,,,,INGEMMET - Catastro Minero (zona 17S),,
CONGA DE ORO MINERIA Y CONSTRUCCION E.I.R.L.,1,300.0,CAJAMARCA,CAJAMARCA,TRAMITE,M,,,,,,INGEMMET - Catastro Minero (zona 17S),,
INVERSIONES NUSAL S.A.C.,1,100.0,CAJAMARCA,CAJABAMBA,TRAMITE,M,,,,,,INGEMMET - Catastro Minero (zona 17S),,
PROCESADORA BLASTER S.R.L,1,100.0,CAJAMARCA,SAN IGNACIO,TRAMITE,M,,,,,,INGEMMET - Catastro Minero (zona 17S),,
MINERA SAN FELIPE COPPER S.A.C.,1,400.0,CAJAMARCA /  LA LIBERTAD,CAJAMARCA /  GRAN CHIMU,TITULADO,M,,,,,,INGEMMET - Catastro Minero (zona 17S),,
RCV INGENIEROS S.A.C,1,200.0,CAJAMARCA /  LA LIBERTAD,CHEPEN /  CONTUMAZA,TRAMITE,N,,,,,,INGEMMET - Catastro Minero (zona 17S),,
VIJAL GROUP S.A.C,1,800.0,CAJAMARCA /  LA LIBERTAD,CAJAMARCA /  GRAN CHIMU,TITULADO,N,,,,,,INGEMMET - Catastro Minero (zona 17S),,
S.M.R.L. LA ESCONDIDA DOS 2023,1,100.0,CAJAMARCA /  LA LIBERTAD,CAJABAMBA /  SANCHEZ CARRION,TITULADO,N,,,,,,INGEMMET - Catastro Minero (zona 17S),,
S.M.R.L. CUPISNIQUE 2022,1,400.0,CAJAMARCA /  LA LIBERTAD,ASCOPE /  CONTUMAZA /  PACASMAYO,TITULADO,M,,,,,,INGEMMET - Catastro Minero (zona 17S),,
LM CONTRATISTAS GENERALES E.I.R.L.,1,200.0,CAJAMARCA /  LA LIBERTAD,CAJABAMBA /  GRAN CHIMU,TRAMITE,M,,,,,,INGEMMET - Catastro Minero (zona 17S),,
S.M.R.L. VILCAS 2023,1,300.0,CAJAMARCA /  LA LIBERTAD,CAJABAMBA /  OTUZCO /  SANCHEZ CARRION,TRAMITE,M,,,,,,INGEMMET - Catastro Minero (zona 17S),,
FRANKHER MINING COMPANY S.A.C.,1,700.0,CAJAMARCA /  LAMBAYEQUE,CUTERVO /  FERREÑAFE,TRAMITE,M,,,,,,INGEMMET - Catastro Minero (zona 17S),,
RINGA LIMITED S.A.C.,1,100.0,CAJAMARCA /  LAMBAYEQUE,CHICLAYO /  SAN MIGUEL,TITULADO,M,,,,,,INGEMMET - Catastro Minero (zona 17S),,
CAÑARIACO COPPER PERU S.A.C.,1,500.0,CAJAMARCA /  LAMBAYEQUE,CUTERVO /  FERREÑAFE,TITULADO,M,,,,,,INGEMMET - Catastro Minero (zona 17S),,
MINERA SIERRA MORENA S.A.C.,1,500.0,CAJAMARCA /  LAMBAYEQUE,CHICLAYO /  SAN MIGUEL,TITULADO,M,,,,,,INGEMMET - Catastro Minero (zona 17S),,
S.M.R.L. ROCALIME I,1,400.0,CAJAMARCA /  LAMBAYEQUE,CHICLAYO /  SAN MIGUEL,TITULADO,M,,,,,,INGEMMET - Catastro Minero (zona 17S),,
COORPORACION SATOKARI E.I.R.L.,1,100.0,PIURA,TALARA,TITULADO,N,,,,,,INGEMMET - Catastro Minero (zona 17S),,
MINERA LAS LOMAS S.A.C,1,1000.0,PIURA,AYABACA,TITULADO,M,,,,,,INGEMMET - Catastro Minero (zona 17S),,
S.M.R.L. EL ORO DE OLMOS,1,1000.0,PIURA,HUANCABAMBA,TITULADO,M,,,,,,INGEMMET - Catastro Minero (zona 17S),,
HORIZONTE AGRO-MINERO S.A.C,1,400.0,PIURA,PIURA,TITULADO,M,,,,,,INGEMMET - Catastro Minero (zona 17S),,
CASABLANCA DEL NORTE S.R.L.,1,800.0,PIURA,HUANCABAMBA,EXTINGUIDO,M,,,,,,INGEMMET - Catastro Minero (zona 17S),,
IMERYS MINERALES PERU S.A.C.,1,3400.0,PIURA,PAITA,TITULADO,N,,,,,,INGEMMET - Catastro Minero (zona 17S),,
RIO ANDINA S.A.C,1,800.0,PIURA,PIURA,TITULADO,M,,,,,,INGEMMET - Catastro Minero (zona 17S),,
S.M.R.L. CHIRA UNO,1,300.0,PIURA,SULLANA,TITULADO,N,,,,,,INGEMMET - Catastro Minero (zona 17S),,
MINERA PITAY S.A.C.,1,200.0,PIURA,PIURA,TITULADO,M,,,,,,INGEMMET - Catastro Minero (zona 17S),,
EXAMOVA MAQUINARIAS Y SERVICIOS E.I.R.L.,1,200.0,PIURA,SULLANA,TITULADO,N,,,,,,INGEMMET - Catastro Minero (zona 17S),,
INVERSIONES LOZADI S.A.C.,1,500.0,PIURA,AYABACA,TITULADO,M,,,,,,INGEMMET - Catastro Minero (zona 17S),,
COMPAÑIA MINERA YURICHAN S.A.C,1,400.0,PIURA,AYABACA /  SULLANA,TITULADO,M,,,,,,INGEMMET - Catastro Minero (zona 17S),,
S.M.R.L. FILONES DORADOS II,1,800.0,PIURA,SULLANA,TITULADO,M,,,,,,INGEMMET - Catastro Minero (zona 17S),,
CONSTRUCTORA JAS S.A.C.,1,600.0,PIURA,AYABACA,EXTINGUIDO,M,,,,,,INGEMMET - Catastro Minero (zona 17S),,
EXC TRADING S.A.C.,1,300.0,PIURA,AYABACA,TITULADO,M,,,,,,INGEMMET - Catastro Minero (zona 17S),,
S.M.R.L. LOMA VERDE,1,400.0,PIURA,PIURA,TRAMITE,M,,,,,,INGEMMET - Catastro Minero (zona 17S),,
LL MAQUINARIA E.I.R.L.,1,200.0,PIURA,TALARA,TITULADO,N,,,,,,INGEMMET - Catastro Minero (zona 17S),,
PERU INVER CONSTRUTION SOCIEDAD COMERCIAL RESPONSABILIDAD LI,1,100.0,PIURA,SECHURA,TRAMITE,N,,,,,,INGEMMET - Catastro Minero (zona 17S),,
B LEOPOLDO SERVICIOS GENERALES SOCIEDAD ANONIMA CERRADA,1,200.0,PIURA,SECHURA,TITULADO,N,,,,,,INGEMMET - Catastro Minero (zona 17S),,
EMPRESA GEINER EDGAR ESPINOZA FERNANDEZ EIRL,1,200.0,PIURA,PIURA,TITULADO,M,,,,,,INGEMMET - Catastro Minero (zona 17S),,
SOCIEDAD MINERA RUJEL MURGUIA AVALOS SAC.,1,100.0,PIURA,AYABACA,TITULADO,M,,,,,,INGEMMET - Catastro Minero (zona 17S),,
CORPORACIÓN MINERA DOÑA MAXI S.R.L,1,200.0,PIURA,SECHURA,TITULADO,N,,,,,,INGEMMET - Catastro Minero (zona 17S),,
K'AXAY E.I.R.L.,1,100.0,PIURA,PIURA,TRAMITE,N,,,,,,INGEMMET - Catastro Minero (zona 17S),,
J&R ASOCIADOS LUHAN SOCIEDAD ANONIMA CERRADA,1,100.0,PIURA,PAITA,TRAMITE,N,,,,,,INGEMMET - Catastro Minero (zona 17S),,
CONSORCIO MINERO VIRGEN DE CHAPI SAC,1,900.0,PIURA,PIURA,TITULADO,M,,,,,,INGEMMET - Catastro Minero (zona 17S),,
SERVYTRANSP PERU E.I.R.L,1,400.0,PIURA,TALARA,TITULADO,N,,,,,,INGEMMET - Catastro Minero (zona 17S),,
ECORE TRADING S.A.C.,1,200.0,PIURA,PIURA,TITULADO,M,,,,,,INGEMMET - Catastro Minero (zona 17S),,
S.M.R.L. EL HUALTACO,1,400.0,PIURA,PIURA,TRAMITE,M,,,,,,INGEMMET - Catastro Minero (zona 17S),,
EMPRESA DE SERVICIOS GENERALES CHILIMASA E.I.R.L.,1,100.0,PIURA,SULLANA,TITULADO,N,,,,,,INGEMMET - Catastro Minero (zona 17S),,
ALGARROBAL SECO AGREGADOS Y SERVICIOS GENERALES S.A.C.,1,100.0,PIURA,SULLANA,TITULADO,N,,,,,,INGEMMET - Catastro Minero (zona 17S),,
CORPORACION LARD SERVICIOS GENERALES E.I.R.L.,1,100.0,PIURA,SULLANA,TITULADO,N,,,,,,INGEMMET - Catastro Minero (zona 17S),,
POTONGOS S.A.C.,1,300.0,PIURA,PIURA,TITULADO,M,,,,,,INGEMMET - Catastro Minero (zona 17S),,
RECUPERADA S.A.C.,1,1000.0,PIURA,SULLANA,TRAMITE,M,,,,,,INGEMMET - Catastro Minero (zona 17S),,
S.M.R.L. PAMPA HERMOSA 2016,1,100.0,PIURA,TALARA,TITULADO,N,,,,,,INGEMMET - Catastro Minero (zona 17S),,
COMPAÑIA BORAS S.A.,1,200.0,PIURA,PAITA,TITULADO,N,,,,,,INGEMMET - Catastro Minero (zona 17S),,
EXPLORACIONES BEZAGO S.A.C.,1,200.0,PIURA,AYABACA,TRAMITE,M,,,,,,INGEMMET - Catastro Minero (zona 17S),,
S.M.R.L. SAN SEBASTIAN DE SUYO,1,300.0,PIURA,AYABACA,TITULADO,M,,,,,,INGEMMET - Catastro Minero (zona 17S),,
NEGOCIOS Y SERVICIOS MULTIPLES SAN FRANCISCO S.A.C.,1,200.0,PIURA,SECHURA,TITULADO,N,,,,,,INGEMMET - Catastro Minero (zona 17S),,
JA&TA INVERSIONES S.A.C,1,800.0,PIURA,AYABACA,TITULADO,M,,,,,,INGEMMET - Catastro Minero (zona 17S),,
S.M.R.L. MINERA JULCA,1,100.0,PIURA,SECHURA,TITULADO,N,,,,,,INGEMMET - Catastro Minero (zona 17S),,
INVERSIONES RIO INAMBARI SOCIEDAD COMERCIAL DE RESPONSABILID,1,100.0,PIURA,SECHURA,TITULADO,N,,,,,,INGEMMET - Catastro Minero (zona 17S),,
ROJO ASOCIADOS SOCIEDAD ANONIMA CERRADA,1,100.0,PIURA,PAITA,TRAMITE,N,,,,,,INGEMMET - Catastro Minero (zona 17S),,
S.M.R.L. MINERA TITO I,1,200.0,PIURA,AYABACA,TITULADO,M,,,,,,INGEMMET - Catastro Minero (zona 17S),,
COMPAÑIA MINERA LA CIMA SAC,1,900.0,PIURA,PIURA,TITULADO,M,,,,,,INGEMMET - Catastro Minero (zona 17S),,
PROYECTOS DESARROLLADOS SAC,1,282.3,PIURA,PAITA,TITULADO,N,,,,,,INGEMMET - Catastro Minero (zona 17S),,
S.M.R.L. GEDY 2,1,300.0,PIURA,AYABACA,TITULADO,M,,,,,,INGEMMET - Catastro Minero (zona 17S),,
ANDREA COMERCIAL S.A,1,100.0,PIURA,SULLANA,TITULADO,N,,,,,,INGEMMET - Catastro Minero (zona 17S),,
S.M.R.L. TEODORITA II,1,400.0,PIURA,AYABACA,TITULADO,M,,,,,,INGEMMET - Catastro Minero (zona 17S),,
WONDER COMPANY S.A.C.,1,200.0,PIURA,PAITA,TITULADO,N,,,,,,INGEMMET - Catastro Minero (zona 17S),,
GREEN ROCK COPPER S.A.C.,1,600.0,PIURA,HUANCABAMBA,TITULADO,M,,,,,,INGEMMET - Catastro Minero (zona 17S),,
MINERIA&CONSTRUCCION SERVICIOS GENERALES PIURA S.A.C.,1,200.0,PIURA,PAITA,TITULADO,N,,,,,,INGEMMET - Catastro Minero (zona 17S),,
CEG INVERSIONES MINERAS SOCIEDAD ANONIMA CERRADA,1,100.0,PIURA,PIURA,TRAMITE,N,,,,,,INGEMMET - Catastro Minero (zona 17S),,
MINERALES DE AYABACA S.A.C,1,8.7,PIURA,PIURA,OTROS,M,,,,,,INGEMMET - Catastro Minero (zona 17S),,
INVERSIONES JAVERAL EIRL,1,200.0,PIURA,PIURA,TITULADO,M,,,,,,INGEMMET - Catastro Minero (zona 17S),,
S.M.R.L. LUZ DORADA,1,600.0,PIURA,AYABACA /  SULLANA,TITULADO,M,,,,,,INGEMMET - Catastro Minero (zona 17S),,
S.M.R.L. SAN LUIS A,1,200.0,PIURA,SULLANA,TITULADO,N,,,,,,INGEMMET - Catastro Minero (zona 17S),,
GRUPO MINERO RUBI S.A.C.,1,100.0,PIURA,PIURA,TRAMITE,M,,,,,,INGEMMET - Catastro Minero (zona 17S),,
PARCASH CONTRATISTAS GENERALES S.A.C.,1,500.0,PIURA,PIURA,TRAMITE,M,,,,,,INGEMMET - Catastro Minero (zona 17S),,
SALEMAN CONSULTORES S.A.C.,1,348.0,PIURA,AYABACA,TITULADO,M,,,,,,INGEMMET - Catastro Minero (zona 17S),,
CUANTICA INVERSIONES S.A.C.,1,800.0,PIURA,AYABACA /  PIURA,TITULADO,M,,,,,,INGEMMET - Catastro Minero (zona 17S),,
MINERALES GRAN CHIMU S.A.C,1,400.0,PIURA,AYABACA,TRAMITE,M,,,,,,INGEMMET - Catastro Minero (zona 17S),,
MINERIA Y AGRO REY LEON S.A.C,1,400.0,PIURA,AYABACA,TRAMITE,M,,,,,,INGEMMET - Catastro Minero (zona 17S),,
SEPTIEMBRE INVERSIONES E.I.R.L.,1,100.0,PIURA,AYABACA,TITULADO,M,,,,,,INGEMMET - Catastro Minero (zona 17S),,
CAUTIVO DE PAMPA LARGA S.A.C.,1,600.0,PIURA,AYABACA,TITULADO,M,,,,,,INGEMMET - Catastro Minero (zona 17S),,
S.M.R.L. GRANODEOROUNIDOS,1,600.0,PIURA,SECHURA,EXTINGUIDO,N,,,,,,INGEMMET - Catastro Minero (zona 17S),,
METALES DE PAMPA LARGA S.A.C.,1,100.0,PIURA,AYABACA,TRAMITE,M,,,,,,INGEMMET - Catastro Minero (zona 17S),,
S.M.R.L. CUATRO ASES,1,400.0,PIURA,AYABACA,TITULADO,M,,,,,,INGEMMET - Catastro Minero (zona 17S),,
TRANSPORTES Y ABASTECIMIENTOS SAN MARTIN S.A.C,1,100.0,PIURA,PIURA,TITULADO,N,,,,,,INGEMMET - Catastro Minero (zona 17S),,
S.M.R.L. ALQAMARI & RGLL 2022,1,200.0,PIURA,AYABACA,TITULADO,M,,,,,,INGEMMET - Catastro Minero (zona 17S),,
GISELLA FLORES EMPRESA INDIVIDUAL DE RESPONSABILIDAD LIMITAD,1,200.0,PIURA,PIURA,TITULADO,N,,,,,,INGEMMET - Catastro Minero (zona 17S),,
SERVICIOS BIOINSUMOS SOCIEDAD ANONIMA CERRADA,1,200.0,PIURA,PIURA,TITULADO,N,,,,,,INGEMMET - Catastro Minero (zona 17S),,
S.M.R.L. EL CONDOR DOS AYABACA,1,1000.0,PIURA,AYABACA,TITULADO,M,,,,,,INGEMMET - Catastro Minero (zona 17S),,
INVERSIONES LAMB EMPRESA INDIVIDUAL DE RESPONSABILIDAD LIMIT,1,100.0,PIURA,PAITA,TRAMITE,N,,,,,,INGEMMET - Catastro Minero (zona 17S),,
COMERCIAL CHEC IMPORT EXPORT S.A.C.,1,100.0,PIURA,SULLANA,TITULADO,N,,,,,,INGEMMET - Catastro Minero (zona 17S),,
INVERSIONES EMPRESARIALES SAN PEDRO SOCIEDAD ANONIMA CERRADA,1,200.0,PIURA,AYABACA,TITULADO,M,,,,,,INGEMMET - Catastro Minero (zona 17S),,
CONSTRUCTORA MAGNUM M&M EIRL,1,100.0,PIURA,MORROPON,TRAMITE,N,,,,,,INGEMMET - Catastro Minero (zona 17S),,
METALFIZ E.I.R.L,1,11.8,PIURA,MORROPON,OTROS,M,,,,,,INGEMMET - Catastro Minero (zona 17S),,
S.M.R.L. HIERRO FERRUGINOSO III,1,500.0,PIURA,PIURA,TITULADO,M,,,,,,INGEMMET - Catastro Minero (zona 17S),,
S.M.R.L. MINERA SOL DE PIURA SAC,1,600.0,PIURA,PIURA,TITULADO,M,,,,,,INGEMMET - Catastro Minero (zona 17S),,
GLOBAL STAR GOLD S.A.,1,5.3,PIURA,AYABACA,OTROS,M,,,,,,INGEMMET - Catastro Minero (zona 17S),,
POMAFORT S.A.C.,1,12.9,PIURA,PIURA,OTROS,M,,,,,,INGEMMET - Catastro Minero (zona 17S),,
CONSORCIO INMOBILIARIO MONTEVIDEO SAC,1,200.0,PIURA,SECHURA,TITULADO,N,,,,,,INGEMMET - Catastro Minero (zona 17S),,
JBP GLOBAL COMPANY E.I.R.L.,1,400.0,PIURA,PIURA,TRAMITE,M,,,,,,INGEMMET - Catastro Minero (zona 17S),,
CONSTRUCTORA E INMOBILIARIA HUANGAR S.A.C.,1,200.0,PIURA,PIURA,TITULADO,N,,,,,,INGEMMET - Catastro Minero (zona 17S),,
S.M.R.L. GOLDEN EAGLE,1,400.0,PIURA,AYABACA,TITULADO,M,,,,,,INGEMMET - Catastro Minero (zona 17S),,
S.M.R.L. GOLDEN MEN SOCIETY 1,1,100.0,PIURA,AYABACA,TITULADO,M,,,,,,INGEMMET - Catastro Minero (zona 17S),,
COOPERATIVA AGRARIA DE USUARIOS LA TINA LTDA,1,900.0,PIURA,AYABACA,TITULADO,METALICA-ORO,,,,,,INGEMMET - Catastro Minero (zona 17S),,
GRUPO CONSTRUCTOR H&H S.C.R.L.,1,100.0,PIURA,MORROPON,TRAMITE,N,,,,,,INGEMMET - Catastro Minero (zona 17S),,
S.M.R.L. DOS HERMANOS DE DIOS I,1,300.0,PIURA,PIURA,TITULADO,N,,,,,,INGEMMET - Catastro Minero (zona 17S),,
YOANNI CONSTRUCTORES Y SERVICIOS GENERALES E.I.R.L,1,100.0,PIURA,PAITA,TRAMITE,N,,,,,,INGEMMET - Catastro Minero (zona 17S),,
S.M.R.L. ECO GOLD CUCHICORRAL,1,200.0,PIURA,AYABACA,TITULADO,M,,,,,,INGEMMET - Catastro Minero (zona 17S),,
KEFRAYEB S.A.C.,1,100.0,PIURA,PIURA,TITULADO,N,,,,,,INGEMMET - Catastro Minero (zona 17S),,
GRUPO MINERO SANTA LUCIANA SAC,1,1000.0,PIURA,AYABACA,TRAMITE,M,,,,,,INGEMMET - Catastro Minero (zona 17S),,
NEGOCIOS Y SERVICIOS J&V SOCIEDAD ANONIMA CERRADA,1,200.0,PIURA,PIURA,TRAMITE,N,,,,,,INGEMMET - Catastro Minero (zona 17S),,
MINERALES & DERIVADOS SUDAMERICANA S.A.C.,1,1000.0,PIURA,SECHURA,TITULADO,N,,,,,,INGEMMET - Catastro Minero (zona 17S),,
PERFODRIL SOCIEDAD ANONIMA CERRADA,1,100.0,PIURA,PAITA /  SULLANA,TRAMITE,N,,,,,,INGEMMET - Catastro Minero (zona 17S),,
COVA CONTRATISTAS GENERALES S.A.C.,1,300.0,PIURA,SULLANA,TRAMITE,N,,,,,,INGEMMET - Catastro Minero (zona 17S),,
IMPORTACIONES QURI PERU S.A.C,1,200.0,PIURA,SECHURA,TRAMITE,N,,,,,,INGEMMET - Catastro Minero (zona 17S),,
PERU METALS JIN S.A.C.,1,100.0,PIURA,AYABACA,TRAMITE,M,,,,,,INGEMMET - Catastro Minero (zona 17S),,
NEGOCIOS Y SERVICIOS GENERALES MARIAN ANGELINE E.I.R.L.,1,200.0,PIURA,SULLANA,TRAMITE,N,,,,,,INGEMMET - Catastro Minero (zona 17S),,
EMPRESA MINERA IRRSSA S.A.C.,1,200.0,PIURA,AYABACA,TRAMITE,M,,,,,,INGEMMET - Catastro Minero (zona 17S),,
ROBAGO NEGOCIACIONES METALURGICAS EMPRESA INDIVIDUAL DE RESP,1,300.0,PIURA,AYABACA,TRAMITE,M,,,,,,INGEMMET - Catastro Minero (zona 17S),,
CORPORACION HT HNOS SAC,1,200.0,PIURA,PAITA,TRAMITE,N,,,,,,INGEMMET - Catastro Minero (zona 17S),,
INMOBILIARIA BONAVENTURA E.I.R.L.,1,200.0,PIURA,AYABACA,TRAMITE,M,,,,,,INGEMMET - Catastro Minero (zona 17S),,
CORPORACIÓN VALLE DEL NORTE SRL,1,200.0,PIURA,MAR /  TALARA,TITULADO,N,,,,,,INGEMMET - Catastro Minero (zona 17S),,
S.M.R.L. SALINAS BREA,1,200.0,PIURA,MAR /  TALARA,TITULADO,N,,,,,,INGEMMET - Catastro Minero (zona 17S),,
CORPORACION EL FRONTERIZO S.A.C.,1,938.6,PIURA,AYABACA /  FUERA DEL PERU,TRAMITE,M,,,,,,INGEMMET - Catastro Minero (zona 17S),,
MINERALES HAMON E.I.R.L.,1,1000.0,PIURA /  TUMBES,CONTRALMIRANTE VILLAR /  TALARA,TRAMITE,N,,,,,,INGEMMET - Catastro Minero (zona 17S),,
